Row ID,Order ID,Order Date,Ship Date,Ship Mode,Customer ID,Country/Region,City,State/Province,Postal Code,Division,Region,Product ID,Product Name,Origin Factory,Sales,Units,Gross Profit,Cost
1,ORD-2023-10001,2023-04-25,2023-05-01,Second Class,CUST-792,United States,City_48,State_18,21395,Candy,Central,PROD-002,Gummy Bears,Lot's O' Nuts,253.18,81,155.98,97.2
2,ORD-2023-10002,2023-02-17,2023-02-26,Standard Class,CUST-716,United States,City_2,State_18,36062,Nuts,East,PROD-010,Pistachios,Secret Factory,1006.78,121,462.28,544.5
3,ORD-2023-10003,2023-10-29,2023-11-01,Same Day,CUST-106,United States,City_49,State_6,65392,Chocolate,West,PROD-009,Caramel Squares,Secret Factory,1155.14,152,729.54,425.6
4,ORD-2023-10004,2023-06-22,2023-06-28,Second Class,CUST-199,United States,City_23,State_12,89131,Chocolate,West,PROD-006,Dark Chocolate Truffles,Sugar Shack,508.13,62,198.13,310.0
5,ORD-2023-10005,2023-07-13,2023-07-22,Standard Class,CUST-949,United States,City_41,State_20,57400,Candy,South,PROD-005,Jelly Beans,Lot's O' Nuts,174.6,50,99.6,75.0
6,ORD-2023-10006,2023-12-05,2023-12-11,Standard Class,CUST-181,United States,City_15,State_4,59823,Nuts,East,PROD-010,Pistachios,Wicked Choccy's,1507.99,126,940.99,567.0
7,ORD-2023-10007,2023-07-09,2023-07-15,Second Class,CUST-373,United States,City_45,State_3,89840,Candy,Central,PROD-005,Jelly Beans,Secret Factory,519.79,191,233.29,286.5
8,ORD-2023-10008,2023-08-25,2023-09-02,Second Class,CUST-755,United States,City_45,State_18,38785,Candy,West,PROD-003,Sour Worms,The Other Factory,505.19,204,239.99,265.2
9,ORD-2023-10009,2023-06-11,2023-06-17,Standard Class,CUST-316,United States,City_37,State_11,37869,Chocolate,West,PROD-006,Dark Chocolate Truffles,Lot's O' Nuts,2044.23,215,969.23,1075.0
10,ORD-2023-10010,2023-05-16,2023-05-19,Second Class,CUST-674,United States,City_35,State_9,86622,Candy,South,PROD-008,Lollipops,Secret Factory,75.73,81,35.23,40.5
11,ORD-2023-10011,2023-04-23,2023-04-25,First Class,CUST-193,United States,City_49,State_2,24371,Nuts,South,PROD-007,Cashew Clusters,The Other Factory,724.57,80,404.57,320.0
12,ORD-2023-10012,2023-07-17,2023-07-24,Standard Class,CUST-579,United States,City_34,State_9,82512,Candy,South,PROD-003,Sour Worms,Wicked Choccy's,637.96,205,371.46,266.5
13,ORD-2023-10013,2023-02-27,2023-03-03,First Class,CUST-564,United States,City_1,State_9,75612,Nuts,Central,PROD-001,Chocolate Almonds,Lot's O' Nuts,860.86,160,460.86,400.0
14,ORD-2023-10014,2023-11-24,2023-11-29,First Class,CUST-256,United States,City_24,State_6,80697,Candy,East,PROD-003,Sour Worms,The Other Factory,843.99,269,494.29,349.7
15,ORD-2023-10015,2023-01-10,2023-01-11,Same Day,CUST-999,United States,City_20,State_8,17592,Chocolate,Central,PROD-009,Caramel Squares,Lot's O' Nuts,542.85,67,355.25,187.6
16,ORD-2023-10016,2023-09-06,2023-09-16,Standard Class,CUST-878,United States,City_35,State_5,26828,Chocolate,East,PROD-004,Peanut Butter Cups,The Other Factory,2054.49,427,773.49,1281.0
17,ORD-2023-10017,2023-09-28,2023-10-02,First Class,CUST-316,United States,City_35,State_7,50857,Candy,West,PROD-008,Lollipops,The Other Factory,549.46,456,321.46,228.0
18,ORD-2023-10018,2023-03-03,2023-03-04,Same Day,CUST-446,United States,City_2,State_19,82603,Nuts,South,PROD-007,Cashew Clusters,Sugar Shack,999.35,136,455.35,544.0
19,ORD-2023-10019,2023-02-06,2023-02-14,Standard Class,CUST-334,United States,City_5,State_2,53309,Chocolate,West,PROD-004,Peanut Butter Cups,The Other Factory,2730.47,372,1614.47,1116.0
20,ORD-2023-10020,2023-12-09,2023-12-13,First Class,CUST-235,United States,City_47,State_19,85525,Candy,West,PROD-002,Gummy Bears,The Other Factory,563.89,258,254.29,309.6
21,ORD-2023-10021,2023-04-08,2023-04-12,Same Day,CUST-541,United States,City_23,State_14,63883,Candy,South,PROD-008,Lollipops,Wicked Choccy's,47.72,58,18.72,29.0
22,ORD-2023-10022,2023-07-26,2023-07-30,Standard Class,CUST-982,United States,City_7,State_8,35112,Candy,East,PROD-008,Lollipops,Lot's O' Nuts,383.71,382,192.71,191.0
23,ORD-2023-10023,2023-08-05,2023-08-09,Second Class,CUST-355,United States,City_5,State_15,82132,Chocolate,South,PROD-004,Peanut Butter Cups,The Other Factory,592.61,103,283.61,309.0
24,ORD-2023-10024,2023-05-02,2023-05-05,Standard Class,CUST-592,United States,City_14,State_13,17685,Candy,East,PROD-002,Gummy Bears,Lot's O' Nuts,240.5,95,126.5,114.0
25,ORD-2023-10025,2023-05-16,2023-05-19,Same Day,CUST-565,United States,City_19,State_14,82845,Candy,East,PROD-003,Sour Worms,Secret Factory,1683.81,484,1054.61,629.2
26,ORD-2023-10026,2023-04-22,2023-04-23,First Class,CUST-655,United States,City_4,State_11,17492,Candy,West,PROD-008,Lollipops,Wicked Choccy's,46.19,39,26.69,19.5
27,ORD-2023-10027,2023-01-30,2023-02-02,Second Class,CUST-290,United States,City_5,State_20,18907,Nuts,South,PROD-001,Chocolate Almonds,The Other Factory,1093.61,270,418.61,675.0
28,ORD-2023-10028,2023-10-24,2023-10-31,Second Class,CUST-183,United States,City_27,State_19,84085,Chocolate,East,PROD-004,Peanut Butter Cups,Secret Factory,1469.15,314,527.15,942.0
29,ORD-2023-10029,2023-12-09,2023-12-11,Second Class,CUST-371,United States,City_26,State_5,98039,Chocolate,Central,PROD-009,Caramel Squares,Sugar Shack,2075.36,376,1022.56,1052.8
30,ORD-2023-10030,2023-01-05,2023-01-11,Standard Class,CUST-676,United States,City_7,State_3,80468,Candy,Central,PROD-005,Jelly Beans,Secret Factory,890.02,244,524.02,366.0
31,ORD-2023-10031,2023-06-28,2023-07-03,Second Class,CUST-350,United States,City_24,State_10,30676,Chocolate,Central,PROD-004,Peanut Butter Cups,The Other Factory,2217.21,461,834.21,1383.0
32,ORD-2023-10032,2023-12-08,2023-12-17,Standard Class,CUST-779,United States,City_7,State_5,44664,Candy,Central,PROD-008,Lollipops,The Other Factory,499.03,428,285.03,214.0
33,ORD-2023-10033,2023-05-25,2023-05-27,First Class,CUST-451,United States,City_14,State_9,76244,Candy,West,PROD-002,Gummy Bears,Lot's O' Nuts,695.14,319,312.34,382.8
34,ORD-2023-10034,2023-11-21,2023-11-27,Standard Class,CUST-145,United States,City_1,State_11,27146,Candy,East,PROD-008,Lollipops,Sugar Shack,310.07,226,197.07,113.0
35,ORD-2023-10035,2023-10-15,2023-10-18,Same Day,CUST-807,United States,City_10,State_18,14722,Candy,South,PROD-005,Jelly Beans,Wicked Choccy's,35.02,14,14.02,21.0
36,ORD-2023-10036,2023-03-07,2023-03-10,Same Day,CUST-915,United States,City_3,State_12,37535,Chocolate,West,PROD-006,Dark Chocolate Truffles,The Other Factory,304.17,31,149.17,155.0
37,ORD-2023-10037,2023-11-14,2023-11-17,Same Day,CUST-342,United States,City_11,State_6,64040,Chocolate,Central,PROD-004,Peanut Butter Cups,Lot's O' Nuts,2041.83,393,862.83,1179.0
38,ORD-2023-10038,2023-12-09,2023-12-09,Same Day,CUST-354,United States,City_18,State_6,24168,Nuts,Central,PROD-001,Chocolate Almonds,Wicked Choccy's,2940.92,452,1810.92,1130.0
39,ORD-2023-10039,2023-04-13,2023-04-19,Second Class,CUST-458,United States,City_20,State_8,39219,Nuts,South,PROD-007,Cashew Clusters,Lot's O' Nuts,4926.58,428,3214.58,1712.0
40,ORD-2023-10040,2023-05-23,2023-05-27,First Class,CUST-891,United States,City_18,State_12,94080,Nuts,South,PROD-001,Chocolate Almonds,Wicked Choccy's,1812.67,452,682.67,1130.0
41,ORD-2023-10041,2023-03-01,2023-03-08,Standard Class,CUST-282,United States,City_38,State_9,15014,Chocolate,Central,PROD-009,Caramel Squares,Secret Factory,3798.54,459,2513.34,1285.2
42,ORD-2023-10042,2023-06-10,2023-06-12,First Class,CUST-623,United States,City_8,State_13,85574,Candy,South,PROD-002,Gummy Bears,The Other Factory,673.64,233,394.04,279.6
43,ORD-2023-10043,2023-01-01,2023-01-03,Same Day,CUST-651,United States,City_44,State_7,57739,Chocolate,East,PROD-004,Peanut Butter Cups,Sugar Shack,2391.56,276,1563.56,828.0
44,ORD-2023-10044,2023-12-06,2023-12-09,First Class,CUST-407,United States,City_33,State_10,97410,Nuts,Central,PROD-007,Cashew Clusters,Lot's O' Nuts,2996.0,444,1220.0,1776.0
45,ORD-2023-10045,2023-10-11,2023-10-12,First Class,CUST-780,United States,City_25,State_6,90676,Nuts,South,PROD-007,Cashew Clusters,Sugar Shack,536.33,75,236.33,300.0
46,ORD-2023-10046,2023-06-05,2023-06-10,Standard Class,CUST-904,United States,City_38,State_20,95813,Nuts,South,PROD-010,Pistachios,Sugar Shack,1274.32,156,572.32,702.0
47,ORD-2023-10047,2023-12-12,2023-12-12,Same Day,CUST-912,United States,City_48,State_6,96356,Chocolate,South,PROD-006,Dark Chocolate Truffles,Secret Factory,1348.72,119,753.72,595.0
48,ORD-2023-10048,2023-05-01,2023-05-07,Standard Class,CUST-925,United States,City_13,State_5,13201,Candy,Central,PROD-002,Gummy Bears,Sugar Shack,835.0,354,410.2,424.8
49,ORD-2023-10049,2023-08-22,2023-08-30,Standard Class,CUST-689,United States,City_13,State_13,74799,Nuts,South,PROD-001,Chocolate Almonds,Wicked Choccy's,1570.21,222,1015.21,555.0
50,ORD-2023-10050,2023-02-24,2023-02-27,Standard Class,CUST-280,United States,City_45,State_17,70889,Nuts,West,PROD-007,Cashew Clusters,Wicked Choccy's,3488.76,408,1856.76,1632.0
51,ORD-2023-10051,2023-08-22,2023-08-31,Standard Class,CUST-783,United States,City_34,State_18,88047,Nuts,West,PROD-001,Chocolate Almonds,The Other Factory,526.91,78,331.91,195.0
52,ORD-2023-10052,2023-03-23,2023-03-23,Same Day,CUST-560,United States,City_17,State_8,93579,Chocolate,South,PROD-006,Dark Chocolate Truffles,Secret Factory,5444.87,390,3494.87,1950.0
53,ORD-2023-10053,2023-05-21,2023-05-24,Second Class,CUST-392,United States,City_16,State_9,54020,Candy,South,PROD-005,Jelly Beans,The Other Factory,569.72,235,217.22,352.5
54,ORD-2023-10054,2023-03-19,2023-03-28,Second Class,CUST-256,United States,City_46,State_7,18418,Chocolate,East,PROD-006,Dark Chocolate Truffles,The Other Factory,1327.71,128,687.71,640.0
55,ORD-2023-10055,2023-08-01,2023-08-03,Same Day,CUST-530,United States,City_25,State_19,12560,Nuts,Central,PROD-007,Cashew Clusters,Secret Factory,296.88,41,132.88,164.0
56,ORD-2023-10056,2023-06-30,2023-07-05,Standard Class,CUST-973,United States,City_27,State_18,81582,Nuts,South,PROD-010,Pistachios,Secret Factory,1917.43,162,1188.43,729.0
57,ORD-2023-10057,2023-05-20,2023-05-25,Second Class,CUST-498,United States,City_22,State_13,31632,Nuts,South,PROD-010,Pistachios,Wicked Choccy's,2336.54,233,1288.04,1048.5
58,ORD-2023-10058,2023-10-31,2023-11-01,Same Day,CUST-185,United States,City_42,State_14,27786,Candy,East,PROD-008,Lollipops,Wicked Choccy's,371.68,298,222.68,149.0
59,ORD-2023-10059,2023-07-14,2023-07-16,First Class,CUST-434,United States,City_22,State_13,46471,Candy,East,PROD-008,Lollipops,Wicked Choccy's,160.85,177,72.35,88.5
60,ORD-2023-10060,2023-01-10,2023-01-13,Same Day,CUST-458,United States,City_15,State_3,95426,Nuts,East,PROD-007,Cashew Clusters,Sugar Shack,3629.95,393,2057.95,1572.0
61,ORD-2023-10061,2023-01-11,2023-01-15,Second Class,CUST-229,United States,City_31,State_4,83920,Nuts,West,PROD-001,Chocolate Almonds,Lot's O' Nuts,1417.43,328,597.43,820.0
62,ORD-2023-10062,2023-03-27,2023-03-29,First Class,CUST-865,United States,City_46,State_4,31465,Chocolate,Central,PROD-004,Peanut Butter Cups,Secret Factory,2314.44,320,1354.44,960.0
63,ORD-2023-10063,2023-10-22,2023-10-22,First Class,CUST-484,United States,City_26,State_7,19961,Candy,East,PROD-005,Jelly Beans,Lot's O' Nuts,1528.33,356,994.33,534.0
64,ORD-2023-10064,2023-12-17,2023-12-18,First Class,CUST-915,United States,City_37,State_2,55508,Nuts,East,PROD-010,Pistachios,Wicked Choccy's,3863.38,317,2436.88,1426.5
65,ORD-2023-10065,2023-09-17,2023-09-24,Standard Class,CUST-969,United States,City_27,State_16,23833,Chocolate,Central,PROD-009,Caramel Squares,Secret Factory,1920.91,341,966.11,954.8
66,ORD-2023-10066,2023-08-11,2023-08-16,Second Class,CUST-766,United States,City_18,State_20,80539,Nuts,South,PROD-007,Cashew Clusters,Sugar Shack,1040.28,100,640.28,400.0
67,ORD-2023-10067,2023-06-15,2023-06-15,First Class,CUST-188,United States,City_18,State_15,41963,Candy,South,PROD-008,Lollipops,Secret Factory,416.62,446,193.62,223.0
68,ORD-2023-10068,2023-01-15,2023-01-18,First Class,CUST-286,United States,City_32,State_7,56507,Candy,South,PROD-008,Lollipops,The Other Factory,365.1,263,233.6,131.5
69,ORD-2023-10069,2023-10-12,2023-10-13,First Class,CUST-295,United States,City_6,State_8,63271,Candy,Central,PROD-005,Jelly Beans,Sugar Shack,51.19,15,28.69,22.5
70,ORD-2023-10070,2023-11-27,2023-11-30,Same Day,CUST-911,United States,City_2,State_3,48566,Candy,West,PROD-008,Lollipops,The Other Factory,418.18,374,231.18,187.0
71,ORD-2023-10071,2023-12-06,2023-12-10,First Class,CUST-666,United States,City_34,State_12,65771,Chocolate,West,PROD-004,Peanut Butter Cups,Secret Factory,1891.3,307,970.3,921.0
72,ORD-2023-10072,2023-05-19,2023-05-20,Same Day,CUST-223,United States,City_47,State_7,51359,Chocolate,Central,PROD-009,Caramel Squares,Sugar Shack,872.48,166,407.68,464.8
73,ORD-2023-10073,2023-04-21,2023-04-28,Second Class,CUST-841,United States,City_38,State_17,88222,Candy,West,PROD-002,Gummy Bears,The Other Factory,1036.56,388,570.96,465.6
74,ORD-2023-10074,2023-04-27,2023-05-01,First Class,CUST-114,United States,City_46,State_18,26591,Candy,West,PROD-005,Jelly Beans,Lot's O' Nuts,514.83,194,223.83,291.0
75,ORD-2023-10075,2023-12-24,2023-12-24,First Class,CUST-989,United States,City_49,State_16,23446,Candy,East,PROD-005,Jelly Beans,Lot's O' Nuts,1249.33,493,509.83,739.5
76,ORD-2023-10076,2023-09-03,2023-09-06,Same Day,CUST-152,United States,City_17,State_16,24953,Nuts,Central,PROD-001,Chocolate Almonds,The Other Factory,1181.5,235,594.0,587.5
77,ORD-2023-10077,2023-10-23,2023-10-28,Standard Class,CUST-255,United States,City_10,State_19,49824,Candy,South,PROD-002,Gummy Bears,Secret Factory,1007.82,332,609.42,398.4
78,ORD-2023-10078,2023-11-07,2023-11-08,Same Day,CUST-331,United States,City_50,State_17,59856,Candy,East,PROD-002,Gummy Bears,Wicked Choccy's,1015.35,315,637.35,378.0
79,ORD-2023-10079,2023-06-06,2023-06-07,Same Day,CUST-724,United States,City_48,State_4,37235,Candy,Central,PROD-008,Lollipops,Secret Factory,365.95,301,215.45,150.5
80,ORD-2023-10080,2023-05-03,2023-05-07,Second Class,CUST-260,United States,City_1,State_14,69048,Chocolate,East,PROD-004,Peanut Butter Cups,Sugar Shack,684.43,98,390.43,294.0
81,ORD-2023-10081,2023-04-29,2023-05-05,Standard Class,CUST-819,United States,City_30,State_3,40595,Nuts,Central,PROD-010,Pistachios,Secret Factory,1808.95,157,1102.45,706.5
82,ORD-2023-10082,2023-02-28,2023-03-04,Same Day,CUST-252,United States,City_18,State_5,19359,Candy,West,PROD-005,Jelly Beans,The Other Factory,793.68,288,361.68,432.0
83,ORD-2023-10083,2023-08-13,2023-08-16,First Class,CUST-411,United States,City_45,State_13,45683,Nuts,Central,PROD-001,Chocolate Almonds,Wicked Choccy's,402.06,73,219.56,182.5
84,ORD-2023-10084,2023-02-11,2023-02-11,Same Day,CUST-542,United States,City_48,State_11,89129,Chocolate,South,PROD-009,Caramel Squares,The Other Factory,1380.1,316,495.3,884.8
85,ORD-2023-10085,2023-12-12,2023-12-14,Second Class,CUST-701,United States,City_2,State_9,85529,Candy,East,PROD-005,Jelly Beans,Lot's O' Nuts,1833.54,438,1176.54,657.0
86,ORD-2023-10086,2023-05-23,2023-05-25,Same Day,CUST-546,United States,City_41,State_16,21959,Nuts,South,PROD-001,Chocolate Almonds,Wicked Choccy's,763.83,102,508.83,255.0
87,ORD-2023-10087,2023-06-14,2023-06-17,First Class,CUST-264,United States,City_22,State_14,74942,Candy,South,PROD-008,Lollipops,Sugar Shack,292.44,353,115.94,176.5
88,ORD-2023-10088,2023-02-15,2023-02-19,Same Day,CUST-218,United States,City_50,State_13,77449,Candy,East,PROD-005,Jelly Beans,Secret Factory,481.86,171,225.36,256.5
89,ORD-2023-10089,2023-01-28,2023-01-28,Same Day,CUST-737,United States,City_49,State_16,91973,Nuts,South,PROD-001,Chocolate Almonds,The Other Factory,603.58,106,338.58,265.0
90,ORD-2023-10090,2023-10-09,2023-10-12,First Class,CUST-548,United States,City_45,State_16,25915,Candy,West,PROD-008,Lollipops,Lot's O' Nuts,111.32,77,72.82,38.5
91,ORD-2023-10091,2023-06-09,2023-06-16,Second Class,CUST-517,United States,City_6,State_8,24871,Nuts,West,PROD-001,Chocolate Almonds,The Other Factory,1109.97,292,379.97,730.0
92,ORD-2023-10092,2023-05-30,2023-06-01,Same Day,CUST-525,United States,City_31,State_16,41946,Candy,West,PROD-008,Lollipops,Lot's O' Nuts,345.35,270,210.35,135.0
93,ORD-2023-10093,2023-04-08,2023-04-11,Same Day,CUST-864,United States,City_9,State_3,46208,Candy,West,PROD-008,Lollipops,The Other Factory,576.98,481,336.48,240.5
94,ORD-2023-10094,2023-05-25,2023-05-29,Standard Class,CUST-701,United States,City_38,State_16,29476,Nuts,Central,PROD-007,Cashew Clusters,Sugar Shack,2968.5,381,1444.5,1524.0
95,ORD-2023-10095,2023-06-20,2023-06-22,First Class,CUST-486,United States,City_30,State_11,34727,Candy,South,PROD-008,Lollipops,The Other Factory,386.07,292,240.07,146.0
96,ORD-2023-10096,2023-07-30,2023-08-02,Second Class,CUST-584,United States,City_46,State_13,60604,Chocolate,South,PROD-004,Peanut Butter Cups,The Other Factory,189.82,32,93.82,96.0
97,ORD-2023-10097,2023-09-15,2023-09-22,Second Class,CUST-202,United States,City_29,State_4,78937,Candy,East,PROD-003,Sour Worms,Secret Factory,810.39,312,404.79,405.6
98,ORD-2023-10098,2023-12-02,2023-12-03,Same Day,CUST-900,United States,City_17,State_11,91691,Candy,West,PROD-008,Lollipops,Lot's O' Nuts,71.74,89,27.24,44.5
99,ORD-2023-10099,2023-06-12,2023-06-15,Same Day,CUST-877,United States,City_32,State_18,14705,Nuts,Central,PROD-007,Cashew Clusters,Lot's O' Nuts,3403.06,330,2083.06,1320.0
100,ORD-2023-10100,2023-04-27,2023-04-29,First Class,CUST-200,United States,City_49,State_4,68153,Nuts,West,PROD-010,Pistachios,Lot's O' Nuts,2885.14,392,1121.14,1764.0
101,ORD-2023-10101,2023-06-16,2023-06-22,Standard Class,CUST-467,United States,City_24,State_14,29080,Candy,East,PROD-003,Sour Worms,Sugar Shack,858.78,417,316.68,542.1
102,ORD-2023-10102,2023-03-29,2023-04-02,Second Class,CUST-991,United States,City_25,State_20,99539,Chocolate,South,PROD-004,Peanut Butter Cups,The Other Factory,480.68,99,183.68,297.0
103,ORD-2023-10103,2023-08-25,2023-08-30,Second Class,CUST-361,United States,City_43,State_1,70981,Chocolate,West,PROD-004,Peanut Butter Cups,Secret Factory,1896.01,336,888.01,1008.0
104,ORD-2023-10104,2023-08-15,2023-08-23,Standard Class,CUST-701,United States,City_20,State_14,42780,Candy,West,PROD-005,Jelly Beans,The Other Factory,1492.57,493,753.07,739.5
105,ORD-2023-10105,2023-09-05,2023-09-06,Same Day,CUST-685,United States,City_23,State_19,48780,Candy,West,PROD-008,Lollipops,Sugar Shack,59.39,64,27.39,32.0
106,ORD-2023-10106,2023-01-05,2023-01-10,First Class,CUST-896,United States,City_48,State_2,89482,Candy,South,PROD-005,Jelly Beans,Lot's O' Nuts,1254.72,299,806.22,448.5
107,ORD-2023-10107,2023-04-23,2023-04-27,First Class,CUST-356,United States,City_44,State_5,92345,Candy,West,PROD-008,Lollipops,Sugar Shack,299.02,335,131.52,167.5
108,ORD-2023-10108,2023-01-18,2023-01-21,Same Day,CUST-234,United States,City_6,State_10,52823,Candy,Central,PROD-002,Gummy Bears,Lot's O' Nuts,751.77,306,384.57,367.2
109,ORD-2023-10109,2023-10-04,2023-10-07,Second Class,CUST-643,United States,City_33,State_9,31567,Nuts,West,PROD-007,Cashew Clusters,Wicked Choccy's,5417.65,458,3585.65,1832.0
110,ORD-2023-10110,2023-02-28,2023-03-02,First Class,CUST-244,United States,City_49,State_8,98647,Candy,Central,PROD-005,Jelly Beans,Secret Factory,1099.71,249,726.21,373.5
111,ORD-2023-10111,2023-07-22,2023-07-28,Standard Class,CUST-226,United States,City_30,State_12,98188,Nuts,Central,PROD-007,Cashew Clusters,The Other Factory,128.97,17,60.97,68.0
112,ORD-2023-10112,2023-02-25,2023-02-27,First Class,CUST-125,United States,City_40,State_18,52992,Candy,South,PROD-005,Jelly Beans,The Other Factory,985.52,355,453.02,532.5
113,ORD-2023-10113,2023-12-25,2023-12-26,Same Day,CUST-219,United States,City_9,State_2,14877,Nuts,East,PROD-010,Pistachios,Wicked Choccy's,1825.71,164,1087.71,738.0
114,ORD-2023-10114,2023-05-01,2023-05-12,Standard Class,CUST-497,United States,City_30,State_12,97881,Candy,East,PROD-005,Jelly Beans,Secret Factory,1605.2,464,909.2,696.0
115,ORD-2023-10115,2023-12-02,2023-12-04,Same Day,CUST-730,United States,City_27,State_9,14288,Chocolate,West,PROD-009,Caramel Squares,Secret Factory,462.09,60,294.09,168.0
116,ORD-2023-10116,2023-05-01,2023-05-04,Same Day,CUST-802,United States,City_24,State_18,94518,Chocolate,South,PROD-006,Dark Chocolate Truffles,Wicked Choccy's,4568.4,447,2333.4,2235.0
117,ORD-2023-10117,2023-04-08,2023-04-13,First Class,CUST-943,United States,City_30,State_3,96870,Chocolate,South,PROD-006,Dark Chocolate Truffles,Lot's O' Nuts,1052.47,72,692.47,360.0
118,ORD-2023-10118,2023-06-20,2023-06-29,Standard Class,CUST-905,United States,City_37,State_7,18992,Chocolate,East,PROD-004,Peanut Butter Cups,The Other Factory,1199.26,134,797.26,402.0
119,ORD-2023-10119,2023-06-18,2023-06-22,Second Class,CUST-710,United States,City_1,State_9,28964,Chocolate,West,PROD-009,Caramel Squares,Wicked Choccy's,1956.81,406,820.01,1136.8
120,ORD-2023-10120,2023-02-26,2023-03-04,Second Class,CUST-234,United States,City_1,State_12,41186,Candy,Central,PROD-003,Sour Worms,The Other Factory,1266.57,348,814.17,452.4
121,ORD-2023-10121,2023-05-16,2023-05-22,Second Class,CUST-531,United States,City_34,State_4,18330,Nuts,East,PROD-010,Pistachios,Sugar Shack,273.8,36,111.8,162.0
122,ORD-2023-10122,2023-08-20,2023-08-25,Standard Class,CUST-729,United States,City_3,State_17,49535,Candy,Central,PROD-008,Lollipops,Secret Factory,244.62,267,111.12,133.5
123,ORD-2023-10123,2023-07-25,2023-07-26,Same Day,CUST-602,United States,City_46,State_15,19632,Candy,East,PROD-008,Lollipops,Lot's O' Nuts,288.32,228,174.32,114.0
124,ORD-2023-10124,2023-03-06,2023-03-11,Standard Class,CUST-699,United States,City_36,State_11,59925,Candy,West,PROD-002,Gummy Bears,Sugar Shack,438.57,150,258.57,180.0
125,ORD-2023-10125,2023-09-16,2023-09-19,Same Day,CUST-912,United States,City_45,State_4,95814,Nuts,Central,PROD-010,Pistachios,The Other Factory,3079.58,319,1644.08,1435.5
126,ORD-2023-10126,2023-04-27,2023-05-02,Same Day,CUST-564,United States,City_26,State_14,22463,Chocolate,South,PROD-009,Caramel Squares,Wicked Choccy's,1242.8,221,624.0,618.8
127,ORD-2023-10127,2023-07-11,2023-07-12,First Class,CUST-585,United States,City_5,State_3,21188,Chocolate,Central,PROD-006,Dark Chocolate Truffles,Secret Factory,4305.11,498,1815.11,2490.0
128,ORD-2023-10128,2023-03-08,2023-03-12,First Class,CUST-675,United States,City_36,State_11,97819,Candy,East,PROD-002,Gummy Bears,Secret Factory,560.94,294,208.14,352.8
129,ORD-2023-10129,2023-01-27,2023-01-28,Same Day,CUST-460,United States,City_7,State_19,76507,Candy,Central,PROD-002,Gummy Bears,Secret Factory,452.28,157,263.88,188.4
130,ORD-2023-10130,2023-02-25,2023-03-02,Second Class,CUST-476,United States,City_8,State_9,85248,Chocolate,South,PROD-004,Peanut Butter Cups,Wicked Choccy's,1569.49,189,1002.49,567.0
131,ORD-2023-10131,2023-01-15,2023-01-18,First Class,CUST-880,United States,City_20,State_11,56009,Chocolate,East,PROD-004,Peanut Butter Cups,Secret Factory,584.43,102,278.43,306.0
132,ORD-2023-10132,2023-02-05,2023-02-05,Same Day,CUST-131,United States,City_6,State_17,38197,Nuts,West,PROD-001,Chocolate Almonds,Wicked Choccy's,535.35,82,330.35,205.0
133,ORD-2023-10133,2023-03-22,2023-03-22,First Class,CUST-432,United States,City_50,State_19,88148,Nuts,South,PROD-007,Cashew Clusters,Secret Factory,1566.1,199,770.1,796.0
134,ORD-2023-10134,2023-11-13,2023-11-17,Second Class,CUST-378,United States,City_29,State_14,73656,Candy,West,PROD-002,Gummy Bears,Lot's O' Nuts,105.46,35,63.46,42.0
135,ORD-2023-10135,2023-04-21,2023-04-21,First Class,CUST-453,United States,City_28,State_4,47125,Nuts,South,PROD-010,Pistachios,Secret Factory,4042.5,396,2260.5,1782.0
136,ORD-2023-10136,2023-04-23,2023-05-01,Standard Class,CUST-156,United States,City_1,State_7,49507,Nuts,Central,PROD-010,Pistachios,Secret Factory,2839.74,212,1885.74,954.0
137,ORD-2023-10137,2023-06-17,2023-06-18,First Class,CUST-864,United States,City_28,State_6,26932,Chocolate,Central,PROD-004,Peanut Butter Cups,Wicked Choccy's,321.97,71,108.97,213.0
138,ORD-2023-10138,2023-02-06,2023-02-11,First Class,CUST-143,United States,City_28,State_1,70260,Nuts,West,PROD-007,Cashew Clusters,The Other Factory,2379.33,213,1527.33,852.0
139,ORD-2023-10139,2023-12-30,2024-01-01,Same Day,CUST-217,United States,City_26,State_1,52568,Candy,South,PROD-002,Gummy Bears,Sugar Shack,859.97,337,455.57,404.4
140,ORD-2023-10140,2023-02-15,2023-02-16,First Class,CUST-349,United States,City_28,State_19,62487,Candy,South,PROD-003,Sour Worms,The Other Factory,838.04,233,535.14,302.9
141,ORD-2023-10141,2023-06-23,2023-06-28,First Class,CUST-272,United States,City_5,State_17,92998,Chocolate,South,PROD-009,Caramel Squares,Lot's O' Nuts,688.66,123,344.26,344.4
142,ORD-2023-10142,2023-06-29,2023-07-05,First Class,CUST-760,United States,City_10,State_8,23474,Candy,West,PROD-002,Gummy Bears,The Other Factory,1346.47,382,888.07,458.4
143,ORD-2023-10143,2023-11-05,2023-11-07,Second Class,CUST-771,United States,City_5,State_6,92306,Candy,West,PROD-003,Sour Worms,Sugar Shack,302.05,88,187.65,114.4
144,ORD-2023-10144,2023-11-18,2023-11-19,First Class,CUST-169,United States,City_31,State_15,92756,Candy,South,PROD-008,Lollipops,Secret Factory,147.61,171,62.11,85.5
145,ORD-2023-10145,2023-09-17,2023-09-21,First Class,CUST-562,United States,City_3,State_2,58331,Candy,East,PROD-005,Jelly Beans,Sugar Shack,138.58,47,68.08,70.5
146,ORD-2023-10146,2023-08-25,2023-08-25,Same Day,CUST-910,United States,City_48,State_2,68947,Candy,East,PROD-005,Jelly Beans,Lot's O' Nuts,1073.64,307,613.14,460.5
147,ORD-2023-10147,2023-09-14,2023-09-14,Same Day,CUST-561,United States,City_7,State_11,21053,Nuts,Central,PROD-010,Pistachios,Wicked Choccy's,1149.67,87,758.17,391.5
148,ORD-2023-10148,2023-12-29,2024-01-01,Second Class,CUST-636,United States,City_34,State_20,30807,Chocolate,East,PROD-009,Caramel Squares,Wicked Choccy's,1956.74,234,1301.54,655.2
149,ORD-2023-10149,2023-07-29,2023-07-29,Same Day,CUST-712,United States,City_4,State_11,18639,Chocolate,Central,PROD-006,Dark Chocolate Truffles,Sugar Shack,4075.33,406,2045.33,2030.0
150,ORD-2023-10150,2023-05-10,2023-05-15,First Class,CUST-717,United States,City_10,State_11,20682,Chocolate,South,PROD-006,Dark Chocolate Truffles,Lot's O' Nuts,5276.96,380,3376.96,1900.0
151,ORD-2023-10151,2023-12-02,2023-12-04,First Class,CUST-232,United States,City_39,State_3,50577,Nuts,Central,PROD-010,Pistachios,Wicked Choccy's,4117.52,367,2466.02,1651.5
152,ORD-2023-10152,2023-12-10,2023-12-14,Second Class,CUST-856,United States,City_44,State_17,22249,Chocolate,Central,PROD-009,Caramel Squares,Secret Factory,2834.52,369,1801.32,1033.2
153,ORD-2023-10153,2023-07-05,2023-07-12,Standard Class,CUST-319,United States,City_22,State_16,35166,Nuts,Central,PROD-007,Cashew Clusters,The Other Factory,1189.71,168,517.71,672.0
154,ORD-2023-10154,2023-06-01,2023-06-06,Standard Class,CUST-619,United States,City_50,State_18,79013,Chocolate,West,PROD-004,Peanut Butter Cups,Wicked Choccy's,3556.57,442,2230.57,1326.0
155,ORD-2023-10155,2023-03-20,2023-03-21,Same Day,CUST-809,United States,City_50,State_20,31697,Nuts,West,PROD-001,Chocolate Almonds,Sugar Shack,411.82,93,179.32,232.5
156,ORD-2023-10156,2023-12-13,2023-12-17,First Class,CUST-554,United States,City_40,State_10,68841,Candy,South,PROD-008,Lollipops,Lot's O' Nuts,350.84,378,161.84,189.0
157,ORD-2023-10157,2023-08-29,2023-09-05,First Class,CUST-476,United States,City_44,State_19,67749,Chocolate,West,PROD-004,Peanut Butter Cups,The Other Factory,3897.78,472,2481.78,1416.0
158,ORD-2023-10158,2023-03-24,2023-03-25,Same Day,CUST-719,United States,City_9,State_9,16839,Candy,South,PROD-008,Lollipops,Sugar Shack,385.1,428,171.1,214.0
159,ORD-2023-10159,2023-05-26,2023-06-01,Standard Class,CUST-379,United States,City_29,State_17,29313,Candy,East,PROD-008,Lollipops,Sugar Shack,68.76,52,42.76,26.0
160,ORD-2023-10160,2023-06-28,2023-06-30,Same Day,CUST-154,United States,City_26,State_17,59015,Nuts,West,PROD-007,Cashew Clusters,Lot's O' Nuts,2993.77,486,1049.77,1944.0
161,ORD-2023-10161,2023-04-25,2023-04-29,First Class,CUST-201,United States,City_46,State_11,29142,Chocolate,East,PROD-004,Peanut Butter Cups,Secret Factory,142.42,24,70.42,72.0
162,ORD-2023-10162,2023-12-23,2023-12-26,Same Day,CUST-822,United States,City_31,State_15,90654,Candy,Central,PROD-003,Sour Worms,Lot's O' Nuts,965.98,435,400.48,565.5
163,ORD-2023-10163,2023-04-21,2023-04-23,First Class,CUST-844,United States,City_39,State_17,65476,Nuts,East,PROD-001,Chocolate Almonds,Lot's O' Nuts,1883.78,437,791.28,1092.5
164,ORD-2023-10164,2023-03-04,2023-03-05,First Class,CUST-754,United States,City_40,State_15,18232,Candy,West,PROD-002,Gummy Bears,Sugar Shack,75.79,34,34.99,40.8
165,ORD-2023-10165,2023-03-15,2023-03-23,Second Class,CUST-729,United States,City_23,State_8,84798,Candy,East,PROD-002,Gummy Bears,Secret Factory,409.05,159,218.25,190.8
166,ORD-2023-10166,2023-02-04,2023-02-06,First Class,CUST-619,United States,City_33,State_18,12665,Nuts,East,PROD-007,Cashew Clusters,Wicked Choccy's,4559.87,498,2567.87,1992.0
167,ORD-2023-10167,2023-07-11,2023-07-16,Same Day,CUST-465,United States,City_5,State_12,41604,Nuts,East,PROD-007,Cashew Clusters,Secret Factory,1457.26,139,901.26,556.0
168,ORD-2023-10168,2023-01-23,2023-01-30,Second Class,CUST-933,United States,City_42,State_6,99742,Candy,Central,PROD-002,Gummy Bears,The Other Factory,528.74,190,300.74,228.0
169,ORD-2023-10169,2023-02-02,2023-02-07,Second Class,CUST-568,United States,City_3,State_10,36422,Candy,West,PROD-008,Lollipops,Secret Factory,500.89,376,312.89,188.0
170,ORD-2023-10170,2023-06-08,2023-06-09,First Class,CUST-934,United States,City_35,State_16,43202,Nuts,East,PROD-001,Chocolate Almonds,Wicked Choccy's,1431.43,273,748.93,682.5
171,ORD-2023-10171,2023-01-25,2023-01-26,First Class,CUST-379,United States,City_8,State_12,67272,Nuts,Central,PROD-001,Chocolate Almonds,Wicked Choccy's,2812.67,453,1680.17,1132.5
172,ORD-2023-10172,2023-04-06,2023-04-06,First Class,CUST-476,United States,City_34,State_9,20828,Nuts,South,PROD-007,Cashew Clusters,Secret Factory,2680.24,264,1624.24,1056.0
173,ORD-2023-10173,2023-10-07,2023-10-14,Second Class,CUST-181,United States,City_21,State_10,50173,Nuts,South,PROD-007,Cashew Clusters,Lot's O' Nuts,1268.36,160,628.36,640.0
174,ORD-2023-10174,2023-12-20,2023-12-24,Second Class,CUST-143,United States,City_47,State_12,90589,Candy,South,PROD-008,Lollipops,The Other Factory,240.24,237,121.74,118.5
175,ORD-2023-10175,2023-12-10,2023-12-18,Standard Class,CUST-625,United States,City_48,State_6,14081,Nuts,East,PROD-007,Cashew Clusters,Sugar Shack,2834.92,336,1490.92,1344.0
176,ORD-2023-10176,2023-03-06,2023-03-13,Standard Class,CUST-760,United States,City_24,State_12,60181,Candy,South,PROD-003,Sour Worms,The Other Factory,106.05,44,48.85,57.2
177,ORD-2023-10177,2023-07-09,2023-07-10,Same Day,CUST-178,United States,City_37,State_5,79397,Nuts,West,PROD-010,Pistachios,Lot's O' Nuts,1949.32,200,1049.32,900.0
178,ORD-2023-10178,2023-05-08,2023-05-11,First Class,CUST-290,United States,City_32,State_17,60723,Chocolate,Central,PROD-006,Dark Chocolate Truffles,Secret Factory,523.22,68,183.22,340.0
179,ORD-2023-10179,2023-12-27,2023-12-30,First Class,CUST-726,United States,City_19,State_16,36237,Chocolate,Central,PROD-009,Caramel Squares,Lot's O' Nuts,1214.08,238,547.68,666.4
180,ORD-2023-10180,2023-03-30,2023-04-03,Same Day,CUST-189,United States,City_44,State_11,97535,Candy,East,PROD-002,Gummy Bears,Wicked Choccy's,1449.51,470,885.51,564.0
181,ORD-2023-10181,2023-03-22,2023-03-26,First Class,CUST-817,United States,City_41,State_6,57381,Chocolate,Central,PROD-006,Dark Chocolate Truffles,Lot's O' Nuts,4795.33,374,2925.33,1870.0
182,ORD-2023-10182,2023-03-13,2023-03-16,Second Class,CUST-126,United States,City_24,State_18,85009,Chocolate,East,PROD-009,Caramel Squares,Wicked Choccy's,985.06,131,618.26,366.8
183,ORD-2023-10183,2023-02-03,2023-02-09,Standard Class,CUST-834,United States,City_47,State_16,78903,Chocolate,West,PROD-006,Dark Chocolate Truffles,Secret Factory,1761.68,168,921.68,840.0
184,ORD-2023-10184,2023-06-12,2023-06-19,Second Class,CUST-577,United States,City_44,State_17,55156,Nuts,East,PROD-007,Cashew Clusters,Secret Factory,2178.41,338,826.41,1352.0
185,ORD-2023-10185,2023-08-10,2023-08-17,Second Class,CUST-156,United States,City_8,State_17,30056,Candy,West,PROD-003,Sour Worms,The Other Factory,994.81,267,647.71,347.1
186,ORD-2023-10186,2023-12-30,2023-12-31,First Class,CUST-631,United States,City_19,State_3,42847,Candy,West,PROD-005,Jelly Beans,Wicked Choccy's,378.57,125,191.07,187.5
187,ORD-2023-10187,2023-11-17,2023-11-23,Second Class,CUST-195,United States,City_33,State_6,87569,Chocolate,Central,PROD-004,Peanut Butter Cups,The Other Factory,1198.71,165,703.71,495.0
188,ORD-2023-10188,2023-10-16,2023-10-16,First Class,CUST-129,United States,City_6,State_2,94076,Nuts,West,PROD-010,Pistachios,Wicked Choccy's,381.93,31,242.43,139.5
189,ORD-2023-10189,2023-11-13,2023-11-13,Same Day,CUST-742,United States,City_35,State_10,94136,Nuts,West,PROD-010,Pistachios,Sugar Shack,2343.64,337,827.14,1516.5
190,ORD-2023-10190,2023-06-02,2023-06-03,Same Day,CUST-161,United States,City_11,State_15,64476,Candy,West,PROD-005,Jelly Beans,Secret Factory,584.23,242,221.23,363.0
191,ORD-2023-10191,2023-11-07,2023-11-10,First Class,CUST-835,United States,City_21,State_12,62260,Candy,West,PROD-008,Lollipops,Secret Factory,81.71,83,40.21,41.5
192,ORD-2023-10192,2023-05-04,2023-05-08,First Class,CUST-560,United States,City_16,State_5,22689,Candy,East,PROD-003,Sour Worms,Sugar Shack,542.85,248,220.45,322.4
193,ORD-2023-10193,2023-05-08,2023-05-09,Same Day,CUST-933,United States,City_21,State_19,50988,Nuts,South,PROD-001,Chocolate Almonds,Sugar Shack,3231.55,453,2099.05,1132.5
194,ORD-2023-10194,2023-09-13,2023-09-14,Same Day,CUST-123,United States,City_6,State_13,76249,Chocolate,South,PROD-004,Peanut Butter Cups,Wicked Choccy's,2708.68,460,1328.68,1380.0
195,ORD-2023-10195,2023-01-25,2023-01-26,First Class,CUST-711,United States,City_42,State_16,47453,Candy,West,PROD-008,Lollipops,Wicked Choccy's,33.64,35,16.14,17.5
196,ORD-2023-10196,2023-03-10,2023-03-10,Same Day,CUST-474,United States,City_49,State_13,57964,Chocolate,East,PROD-009,Caramel Squares,Lot's O' Nuts,2448.27,461,1157.47,1290.8
197,ORD-2023-10197,2023-07-05,2023-07-11,Second Class,CUST-495,United States,City_33,State_15,82070,Nuts,East,PROD-001,Chocolate Almonds,Secret Factory,1415.85,293,683.35,732.5
198,ORD-2023-10198,2023-02-19,2023-02-28,Second Class,CUST-447,United States,City_36,State_12,28909,Candy,East,PROD-005,Jelly Beans,The Other Factory,651.93,211,335.43,316.5
199,ORD-2023-10199,2023-01-24,2023-01-30,Standard Class,CUST-441,United States,City_31,State_17,69898,Chocolate,South,PROD-004,Peanut Butter Cups,The Other Factory,148.38,29,61.38,87.0
200,ORD-2023-10200,2023-11-10,2023-11-14,First Class,CUST-731,United States,City_48,State_10,87820,Candy,West,PROD-003,Sour Worms,The Other Factory,392.17,173,167.27,224.9
201,ORD-2023-10201,2023-09-01,2023-09-03,First Class,CUST-439,United States,City_44,State_4,64596,Chocolate,South,PROD-006,Dark Chocolate Truffles,The Other Factory,3255.78,427,1120.78,2135.0
202,ORD-2023-10202,2023-05-16,2023-05-19,Same Day,CUST-894,United States,City_38,State_19,39824,Nuts,East,PROD-010,Pistachios,Sugar Shack,4151.94,345,2599.44,1552.5
203,ORD-2023-10203,2023-09-26,2023-10-01,Second Class,CUST-893,United States,City_25,State_5,99224,Nuts,South,PROD-001,Chocolate Almonds,The Other Factory,2142.87,332,1312.87,830.0
204,ORD-2023-10204,2023-01-10,2023-01-14,Second Class,CUST-255,United States,City_27,State_7,63788,Chocolate,East,PROD-004,Peanut Butter Cups,Lot's O' Nuts,1389.23,235,684.23,705.0
205,ORD-2023-10205,2023-12-28,2024-01-02,Standard Class,CUST-674,United States,City_21,State_16,78875,Chocolate,South,PROD-009,Caramel Squares,The Other Factory,510.28,80,286.28,224.0
206,ORD-2023-10206,2023-09-30,2023-09-30,Same Day,CUST-792,United States,City_50,State_9,89963,Nuts,West,PROD-007,Cashew Clusters,Sugar Shack,1716.36,185,976.36,740.0
207,ORD-2023-10207,2023-10-13,2023-10-14,First Class,CUST-404,United States,City_50,State_10,37168,Candy,West,PROD-008,Lollipops,Wicked Choccy's,148.82,162,67.82,81.0
208,ORD-2023-10208,2023-10-14,2023-10-17,First Class,CUST-838,United States,City_18,State_10,25974,Candy,South,PROD-008,Lollipops,Sugar Shack,708.02,488,464.02,244.0
209,ORD-2023-10209,2023-06-26,2023-06-28,Same Day,CUST-249,United States,City_19,State_2,47700,Nuts,South,PROD-010,Pistachios,The Other Factory,5960.16,498,3719.16,2241.0
210,ORD-2023-10210,2023-09-03,2023-09-09,First Class,CUST-651,United States,City_18,State_18,45601,Candy,South,PROD-002,Gummy Bears,Sugar Shack,257.48,119,114.68,142.8
211,ORD-2023-10211,2023-01-26,2023-01-31,Second Class,CUST-331,United States,City_41,State_8,16880,Candy,West,PROD-003,Sour Worms,Lot's O' Nuts,1307.72,352,850.12,457.6
212,ORD-2023-10212,2023-02-21,2023-02-23,Same Day,CUST-105,United States,City_36,State_6,63334,Candy,Central,PROD-002,Gummy Bears,Secret Factory,1141.08,358,711.48,429.6
213,ORD-2023-10213,2023-06-14,2023-06-18,First Class,CUST-887,United States,City_6,State_19,40437,Candy,West,PROD-008,Lollipops,Secret Factory,192.57,156,114.57,78.0
214,ORD-2023-10214,2023-04-01,2023-04-03,Same Day,CUST-956,United States,City_26,State_16,34420,Chocolate,West,PROD-009,Caramel Squares,Lot's O' Nuts,3934.48,488,2568.08,1366.4
215,ORD-2023-10215,2023-10-18,2023-10-18,First Class,CUST-443,United States,City_19,State_15,94058,Candy,East,PROD-005,Jelly Beans,Lot's O' Nuts,792.27,318,315.27,477.0
216,ORD-2023-10216,2023-09-16,2023-09-21,Second Class,CUST-928,United States,City_8,State_11,31298,Chocolate,South,PROD-009,Caramel Squares,The Other Factory,1331.13,249,633.93,697.2
217,ORD-2023-10217,2023-06-22,2023-06-27,Standard Class,CUST-790,United States,City_49,State_7,33002,Candy,West,PROD-008,Lollipops,Sugar Shack,402.11,414,195.11,207.0
218,ORD-2023-10218,2023-02-14,2023-02-14,First Class,CUST-289,United States,City_9,State_16,52415,Nuts,South,PROD-010,Pistachios,Secret Factory,2422.51,215,1455.01,967.5
219,ORD-2023-10219,2023-05-01,2023-05-03,Same Day,CUST-437,United States,City_20,State_19,85088,Chocolate,Central,PROD-004,Peanut Butter Cups,Lot's O' Nuts,1878.27,238,1164.27,714.0
220,ORD-2023-10220,2023-02-01,2023-02-04,Second Class,CUST-414,United States,City_11,State_13,99925,Nuts,Central,PROD-001,Chocolate Almonds,Sugar Shack,1471.86,351,594.36,877.5
221,ORD-2023-10221,2023-07-08,2023-07-14,First Class,CUST-236,United States,City_31,State_5,69634,Chocolate,East,PROD-009,Caramel Squares,Sugar Shack,1661.33,324,754.13,907.2
222,ORD-2023-10222,2023-10-03,2023-10-03,Same Day,CUST-323,United States,City_49,State_8,99173,Nuts,South,PROD-010,Pistachios,Sugar Shack,4717.71,420,2827.71,1890.0
223,ORD-2023-10223,2023-02-09,2023-02-15,First Class,CUST-163,United States,City_36,State_17,36497,Nuts,South,PROD-010,Pistachios,Lot's O' Nuts,5057.35,479,2901.85,2155.5
224,ORD-2023-10224,2023-06-17,2023-06-22,Second Class,CUST-219,United States,City_44,State_7,86434,Nuts,West,PROD-010,Pistachios,The Other Factory,4587.25,447,2575.75,2011.5
225,ORD-2023-10225,2023-08-21,2023-08-30,Standard Class,CUST-567,United States,City_37,State_2,83242,Candy,South,PROD-008,Lollipops,Lot's O' Nuts,87.39,77,48.89,38.5
226,ORD-2023-10226,2023-05-11,2023-05-15,Same Day,CUST-323,United States,City_38,State_3,15936,Candy,East,PROD-008,Lollipops,Sugar Shack,321.97,428,107.97,214.0
227,ORD-2023-10227,2023-02-05,2023-02-13,Standard Class,CUST-393,United States,City_27,State_6,27750,Nuts,East,PROD-007,Cashew Clusters,Sugar Shack,4310.22,488,2358.22,1952.0
228,ORD-2023-10228,2023-07-13,2023-07-13,Same Day,CUST-777,United States,City_35,State_5,95660,Nuts,South,PROD-007,Cashew Clusters,Sugar Shack,1309.26,202,501.26,808.0
229,ORD-2023-10229,2023-09-28,2023-09-28,Same Day,CUST-328,United States,City_1,State_1,49107,Chocolate,West,PROD-006,Dark Chocolate Truffles,Lot's O' Nuts,971.92,75,596.92,375.0
230,ORD-2023-10230,2023-04-28,2023-04-30,Same Day,CUST-258,United States,City_18,State_7,24790,Candy,South,PROD-008,Lollipops,The Other Factory,148.98,136,80.98,68.0
231,ORD-2023-10231,2023-04-16,2023-04-22,Second Class,CUST-134,United States,City_29,State_20,98083,Nuts,East,PROD-001,Chocolate Almonds,Secret Factory,181.65,44,71.65,110.0
232,ORD-2023-10232,2023-08-13,2023-08-14,Same Day,CUST-872,United States,City_50,State_2,28367,Nuts,East,PROD-001,Chocolate Almonds,Wicked Choccy's,744.86,129,422.36,322.5
233,ORD-2023-10233,2023-10-23,2023-10-25,First Class,CUST-938,United States,City_21,State_8,49552,Chocolate,West,PROD-009,Caramel Squares,Sugar Shack,2352.51,316,1467.71,884.8
234,ORD-2023-10234,2023-06-03,2023-06-06,Same Day,CUST-705,United States,City_48,State_6,92050,Candy,West,PROD-003,Sour Worms,The Other Factory,310.33,150,115.33,195.0
235,ORD-2023-10235,2023-06-26,2023-07-04,Standard Class,CUST-490,United States,City_34,State_11,64568,Nuts,South,PROD-007,Cashew Clusters,The Other Factory,4851.07,492,2883.07,1968.0
236,ORD-2023-10236,2023-04-05,2023-04-07,Same Day,CUST-346,United States,City_15,State_10,28920,Nuts,Central,PROD-007,Cashew Clusters,Wicked Choccy's,3654.12,396,2070.12,1584.0
237,ORD-2023-10237,2023-10-13,2023-10-15,Same Day,CUST-348,United States,City_17,State_7,53288,Candy,South,PROD-008,Lollipops,Lot's O' Nuts,239.01,281,98.51,140.5
238,ORD-2023-10238,2023-10-02,2023-10-08,Standard Class,CUST-152,United States,City_18,State_13,98299,Candy,Central,PROD-002,Gummy Bears,Secret Factory,1251.31,380,795.31,456.0
239,ORD-2023-10239,2023-04-07,2023-04-17,Standard Class,CUST-841,United States,City_43,State_18,38444,Nuts,East,PROD-010,Pistachios,The Other Factory,5006.3,421,3111.8,1894.5
240,ORD-2023-10240,2023-01-08,2023-01-11,First Class,CUST-859,United States,City_8,State_16,41797,Candy,Central,PROD-008,Lollipops,Wicked Choccy's,171.44,118,112.44,59.0
241,ORD-2023-10241,2023-10-10,2023-10-15,Second Class,CUST-489,United States,City_30,State_18,95029,Nuts,South,PROD-010,Pistachios,Wicked Choccy's,2085.34,174,1302.34,783.0
242,ORD-2023-10242,2023-09-20,2023-09-20,First Class,CUST-200,United States,City_47,State_16,51973,Chocolate,Central,PROD-006,Dark Chocolate Truffles,Sugar Shack,5176.84,461,2871.84,2305.0
243,ORD-2023-10243,2023-01-24,2023-01-24,Same Day,CUST-859,United States,City_10,State_1,44180,Chocolate,Central,PROD-004,Peanut Butter Cups,Sugar Shack,2499.74,298,1605.74,894.0
244,ORD-2023-10244,2023-03-20,2023-03-23,First Class,CUST-488,United States,City_37,State_8,75444,Chocolate,South,PROD-009,Caramel Squares,The Other Factory,614.4,110,306.4,308.0
245,ORD-2023-10245,2023-11-25,2023-11-25,Same Day,CUST-272,United States,City_47,State_12,32185,Chocolate,Central,PROD-009,Caramel Squares,Sugar Shack,2429.07,388,1342.67,1086.4
246,ORD-2023-10246,2023-10-05,2023-10-09,Second Class,CUST-636,United States,City_3,State_3,97584,Candy,South,PROD-003,Sour Worms,The Other Factory,1290.01,338,850.61,439.4
247,ORD-2023-10247,2023-11-19,2023-11-26,Second Class,CUST-254,United States,City_1,State_7,76287,Nuts,South,PROD-001,Chocolate Almonds,Lot's O' Nuts,512.62,128,192.62,320.0
248,ORD-2023-10248,2023-12-04,2023-12-06,Same Day,CUST-644,United States,City_36,State_14,11553,Candy,East,PROD-008,Lollipops,Sugar Shack,197.31,259,67.81,129.5
249,ORD-2023-10249,2023-01-09,2023-01-14,First Class,CUST-790,United States,City_28,State_6,24026,Nuts,Central,PROD-001,Chocolate Almonds,The Other Factory,1815.42,267,1147.92,667.5
250,ORD-2023-10250,2023-04-09,2023-04-16,Second Class,CUST-934,United States,City_23,State_9,62022,Candy,West,PROD-002,Gummy Bears,The Other Factory,898.47,327,506.07,392.4
251,ORD-2023-10251,2023-10-17,2023-10-17,Same Day,CUST-331,United States,City_20,State_3,95686,Candy,South,PROD-002,Gummy Bears,Sugar Shack,480.04,134,319.24,160.8
252,ORD-2023-10252,2023-07-13,2023-07-18,Same Day,CUST-752,United States,City_1,State_6,20837,Nuts,South,PROD-001,Chocolate Almonds,Lot's O' Nuts,1616.23,292,886.23,730.0
253,ORD-2023-10253,2023-09-28,2023-10-06,Standard Class,CUST-316,United States,City_45,State_19,72324,Candy,Central,PROD-008,Lollipops,Secret Factory,375.32,480,135.32,240.0
254,ORD-2023-10254,2023-10-06,2023-10-08,First Class,CUST-283,United States,City_21,State_1,37152,Candy,East,PROD-005,Jelly Beans,Lot's O' Nuts,1111.76,298,664.76,447.0
255,ORD-2023-10255,2023-06-03,2023-06-09,Standard Class,CUST-680,United States,City_25,State_18,53480,Nuts,South,PROD-010,Pistachios,Wicked Choccy's,981.77,93,563.27,418.5
256,ORD-2023-10256,2023-01-28,2023-01-30,First Class,CUST-958,United States,City_5,State_11,89320,Nuts,East,PROD-007,Cashew Clusters,Wicked Choccy's,517.35,60,277.35,240.0
257,ORD-2023-10257,2023-01-16,2023-01-19,First Class,CUST-561,United States,City_32,State_8,56636,Nuts,South,PROD-010,Pistachios,The Other Factory,2870.72,334,1367.72,1503.0
258,ORD-2023-10258,2023-12-15,2023-12-17,Second Class,CUST-187,United States,City_50,State_20,48715,Chocolate,South,PROD-009,Caramel Squares,Secret Factory,2155.22,309,1290.02,865.2
259,ORD-2023-10259,2023-03-20,2023-03-21,First Class,CUST-749,United States,City_10,State_13,51507,Chocolate,East,PROD-004,Peanut Butter Cups,Lot's O' Nuts,1571.32,204,959.32,612.0
260,ORD-2023-10260,2023-06-07,2023-06-12,Standard Class,CUST-376,United States,City_7,State_5,21442,Chocolate,East,PROD-006,Dark Chocolate Truffles,Lot's O' Nuts,2417.25,237,1232.25,1185.0
261,ORD-2023-10261,2023-02-22,2023-02-22,Same Day,CUST-667,United States,City_6,State_20,88386,Candy,South,PROD-003,Sour Worms,Secret Factory,48.87,23,18.97,29.9
262,ORD-2023-10262,2023-07-31,2023-08-05,First Class,CUST-842,United States,City_36,State_8,84967,Chocolate,East,PROD-006,Dark Chocolate Truffles,Secret Factory,2775.5,208,1735.5,1040.0
263,ORD-2023-10263,2023-03-13,2023-03-15,Second Class,CUST-604,United States,City_10,State_3,31916,Chocolate,South,PROD-009,Caramel Squares,Wicked Choccy's,803.32,147,391.72,411.6
264,ORD-2023-10264,2023-09-05,2023-09-06,First Class,CUST-357,United States,City_16,State_16,87831,Nuts,South,PROD-007,Cashew Clusters,Sugar Shack,2649.23,410,1009.23,1640.0
265,ORD-2023-10265,2023-03-11,2023-03-18,Standard Class,CUST-505,United States,City_22,State_20,59792,Nuts,South,PROD-010,Pistachios,Wicked Choccy's,1121.29,165,378.79,742.5
266,ORD-2023-10266,2023-11-30,2023-11-30,Same Day,CUST-428,United States,City_39,State_7,72784,Chocolate,Central,PROD-006,Dark Chocolate Truffles,Secret Factory,2675.57,314,1105.57,1570.0
267,ORD-2023-10267,2023-05-30,2023-06-04,First Class,CUST-602,United States,City_37,State_8,52714,Chocolate,South,PROD-006,Dark Chocolate Truffles,Wicked Choccy's,4906.9,386,2976.9,1930.0
268,ORD-2023-10268,2023-02-28,2023-03-01,First Class,CUST-706,United States,City_35,State_6,99353,Nuts,South,PROD-007,Cashew Clusters,Sugar Shack,4569.57,487,2621.57,1948.0
269,ORD-2023-10269,2023-08-13,2023-08-20,Second Class,CUST-809,United States,City_5,State_14,98208,Chocolate,South,PROD-009,Caramel Squares,Lot's O' Nuts,2267.06,418,1096.66,1170.4
270,ORD-2023-10270,2023-05-10,2023-05-14,Second Class,CUST-533,United States,City_25,State_3,68860,Candy,Central,PROD-008,Lollipops,Wicked Choccy's,300.37,347,126.87,173.5
271,ORD-2023-10271,2023-10-06,2023-10-07,Same Day,CUST-468,United States,City_45,State_18,87833,Nuts,South,PROD-010,Pistachios,Secret Factory,338.45,28,212.45,126.0
272,ORD-2023-10272,2023-03-27,2023-03-28,First Class,CUST-676,United States,City_42,State_13,53463,Candy,West,PROD-002,Gummy Bears,Lot's O' Nuts,989.86,341,580.66,409.2
273,ORD-2023-10273,2023-05-13,2023-05-19,Standard Class,CUST-631,United States,City_36,State_19,85397,Nuts,East,PROD-007,Cashew Clusters,Lot's O' Nuts,1114.88,123,622.88,492.0
274,ORD-2023-10274,2023-08-26,2023-08-27,Same Day,CUST-807,United States,City_33,State_5,55215,Chocolate,Central,PROD-004,Peanut Butter Cups,Secret Factory,3060.99,405,1845.99,1215.0
275,ORD-2023-10275,2023-08-01,2023-08-05,First Class,CUST-218,United States,City_47,State_5,55656,Nuts,East,PROD-001,Chocolate Almonds,Secret Factory,3538.47,481,2335.97,1202.5
276,ORD-2023-10276,2023-09-24,2023-09-28,Second Class,CUST-199,United States,City_29,State_15,51800,Candy,South,PROD-005,Jelly Beans,Sugar Shack,779.65,257,394.15,385.5
277,ORD-2023-10277,2023-01-12,2023-01-20,Standard Class,CUST-211,United States,City_44,State_6,41970,Candy,East,PROD-002,Gummy Bears,Sugar Shack,1073.39,444,540.59,532.8
278,ORD-2023-10278,2023-10-14,2023-10-14,First Class,CUST-337,United States,City_26,State_6,34430,Chocolate,West,PROD-009,Caramel Squares,Wicked Choccy's,1875.42,228,1237.02,638.4
279,ORD-2023-10279,2023-08-19,2023-08-26,Second Class,CUST-104,United States,City_46,State_7,36972,Nuts,East,PROD-007,Cashew Clusters,Secret Factory,2684.7,313,1432.7,1252.0
280,ORD-2023-10280,2023-07-07,2023-07-09,Second Class,CUST-216,United States,City_17,State_16,79168,Candy,East,PROD-005,Jelly Beans,Lot's O' Nuts,474.04,176,210.04,264.0
281,ORD-2023-10281,2023-10-28,2023-10-29,Same Day,CUST-965,United States,City_30,State_20,32613,Chocolate,South,PROD-006,Dark Chocolate Truffles,The Other Factory,687.44,68,347.44,340.0
282,ORD-2023-10282,2023-06-10,2023-06-19,Second Class,CUST-219,United States,City_12,State_12,28528,Candy,East,PROD-005,Jelly Beans,The Other Factory,195.08,70,90.08,105.0
283,ORD-2023-10283,2023-10-22,2023-10-26,Second Class,CUST-598,United States,City_41,State_18,94575,Chocolate,South,PROD-009,Caramel Squares,Secret Factory,1231.21,206,654.41,576.8
284,ORD-2023-10284,2023-05-28,2023-05-31,Same Day,CUST-962,United States,City_29,State_20,17026,Candy,West,PROD-003,Sour Worms,The Other Factory,187.5,81,82.2,105.3
285,ORD-2023-10285,2023-04-10,2023-04-19,Second Class,CUST-675,United States,City_33,State_16,63626,Chocolate,South,PROD-006,Dark Chocolate Truffles,Lot's O' Nuts,4432.08,427,2297.08,2135.0
286,ORD-2023-10286,2023-03-27,2023-03-27,Same Day,CUST-914,United States,City_49,State_8,48284,Candy,South,PROD-008,Lollipops,Secret Factory,61.05,52,35.05,26.0
287,ORD-2023-10287,2023-03-28,2023-03-30,First Class,CUST-860,United States,City_50,State_16,82053,Nuts,West,PROD-001,Chocolate Almonds,Sugar Shack,2235.17,409,1212.67,1022.5
288,ORD-2023-10288,2023-10-06,2023-10-07,First Class,CUST-655,United States,City_49,State_2,67850,Chocolate,East,PROD-009,Caramel Squares,Lot's O' Nuts,3603.92,431,2397.12,1206.8
289,ORD-2023-10289,2023-12-01,2023-12-09,Standard Class,CUST-995,United States,City_3,State_15,44447,Chocolate,South,PROD-009,Caramel Squares,Wicked Choccy's,2064.42,394,961.22,1103.2
290,ORD-2023-10290,2023-05-02,2023-05-10,Standard Class,CUST-702,United States,City_45,State_12,89988,Chocolate,South,PROD-006,Dark Chocolate Truffles,Lot's O' Nuts,1588.89,117,1003.89,585.0
291,ORD-2023-10291,2023-04-16,2023-04-18,Second Class,CUST-459,United States,City_35,State_9,88231,Nuts,West,PROD-007,Cashew Clusters,Wicked Choccy's,2682.29,422,994.29,1688.0
292,ORD-2023-10292,2023-05-29,2023-05-31,First Class,CUST-978,United States,City_33,State_4,27771,Chocolate,Central,PROD-009,Caramel Squares,Wicked Choccy's,1612.82,303,764.42,848.4
293,ORD-2023-10293,2023-12-26,2023-12-31,Second Class,CUST-249,United States,City_46,State_11,42447,Nuts,Central,PROD-007,Cashew Clusters,Lot's O' Nuts,3078.65,453,1266.65,1812.0
294,ORD-2023-10294,2023-11-18,2023-11-22,First Class,CUST-177,United States,City_41,State_3,62802,Nuts,West,PROD-007,Cashew Clusters,Secret Factory,1831.73,222,943.73,888.0
295,ORD-2023-10295,2023-09-07,2023-09-07,Same Day,CUST-989,United States,City_50,State_3,70089,Chocolate,Central,PROD-009,Caramel Squares,Sugar Shack,1176.03,177,680.43,495.6
296,ORD-2023-10296,2023-08-08,2023-08-14,Second Class,CUST-374,United States,City_21,State_10,54270,Chocolate,South,PROD-006,Dark Chocolate Truffles,Lot's O' Nuts,3926.4,432,1766.4,2160.0
297,ORD-2023-10297,2023-06-25,2023-06-30,Same Day,CUST-149,United States,City_3,State_4,92074,Chocolate,West,PROD-009,Caramel Squares,The Other Factory,3300.16,467,1992.56,1307.6
298,ORD-2023-10298,2023-08-14,2023-08-17,Second Class,CUST-538,United States,City_13,State_5,95196,Candy,East,PROD-008,Lollipops,Lot's O' Nuts,182.37,243,60.87,121.5
299,ORD-2023-10299,2023-12-02,2023-12-09,Standard Class,CUST-480,United States,City_43,State_6,16787,Candy,Central,PROD-005,Jelly Beans,Wicked Choccy's,545.79,194,254.79,291.0
300,ORD-2023-10300,2023-12-02,2023-12-04,Same Day,CUST-101,United States,City_14,State_16,20215,Nuts,West,PROD-007,Cashew Clusters,Sugar Shack,572.44,56,348.44,224.0
301,ORD-2023-10301,2023-01-05,2023-01-08,Same Day,CUST-936,United States,City_8,State_14,27324,Candy,West,PROD-003,Sour Worms,The Other Factory,46.29,14,28.09,18.2
302,ORD-2023-10302,2023-02-15,2023-02-15,Same Day,CUST-205,United States,City_21,State_12,49223,Candy,West,PROD-008,Lollipops,Lot's O' Nuts,520.12,384,328.12,192.0
303,ORD-2023-10303,2023-02-05,2023-02-11,Second Class,CUST-724,United States,City_42,State_6,67684,Candy,West,PROD-003,Sour Worms,Secret Factory,856.61,281,491.31,365.3
304,ORD-2023-10304,2023-11-12,2023-11-12,Same Day,CUST-322,United States,City_6,State_4,28351,Chocolate,West,PROD-006,Dark Chocolate Truffles,Wicked Choccy's,3905.25,361,2100.25,1805.0
305,ORD-2023-10305,2023-08-08,2023-08-10,First Class,CUST-353,United States,City_18,State_3,42527,Candy,South,PROD-002,Gummy Bears,The Other Factory,551.29,171,346.09,205.2
306,ORD-2023-10306,2023-12-04,2023-12-12,Standard Class,CUST-630,United States,City_39,State_17,34726,Chocolate,Central,PROD-009,Caramel Squares,The Other Factory,2503.85,458,1221.45,1282.4
307,ORD-2023-10307,2023-09-11,2023-09-18,Second Class,CUST-611,United States,City_41,State_20,19307,Nuts,East,PROD-007,Cashew Clusters,Sugar Shack,1382.03,207,554.03,828.0
308,ORD-2023-10308,2023-03-09,2023-03-12,First Class,CUST-682,United States,City_27,State_12,81612,Chocolate,Central,PROD-009,Caramel Squares,Lot's O' Nuts,1625.61,208,1043.21,582.4
309,ORD-2023-10309,2023-10-28,2023-11-07,Standard Class,CUST-320,United States,City_3,State_2,62163,Candy,East,PROD-003,Sour Worms,Secret Factory,86.98,44,29.78,57.2
310,ORD-2023-10310,2023-12-26,2023-12-27,Same Day,CUST-649,United States,City_35,State_20,30012,Chocolate,South,PROD-009,Caramel Squares,Sugar Shack,977.43,215,375.43,602.0
311,ORD-2023-10311,2023-09-19,2023-09-26,Standard Class,CUST-927,United States,City_10,State_18,52827,Candy,Central,PROD-005,Jelly Beans,Lot's O' Nuts,1302.16,481,580.66,721.5
312,ORD-2023-10312,2023-12-24,2024-01-01,First Class,CUST-966,United States,City_16,State_2,42044,Nuts,East,PROD-007,Cashew Clusters,The Other Factory,2418.48,233,1486.48,932.0
313,ORD-2023-10313,2023-11-10,2023-11-15,Same Day,CUST-782,United States,City_48,State_6,25655,Candy,East,PROD-002,Gummy Bears,Secret Factory,609.6,321,224.4,385.2
314,ORD-2023-10314,2023-09-12,2023-09-17,Second Class,CUST-629,United States,City_47,State_9,31884,Nuts,East,PROD-001,Chocolate Almonds,Wicked Choccy's,2509.92,497,1267.42,1242.5
315,ORD-2023-10315,2023-01-16,2023-01-23,Standard Class,CUST-378,United States,City_34,State_3,44465,Chocolate,Central,PROD-006,Dark Chocolate Truffles,Wicked Choccy's,2453.15,181,1548.15,905.0
316,ORD-2023-10316,2023-09-19,2023-09-23,Same Day,CUST-979,United States,City_37,State_6,58193,Nuts,South,PROD-010,Pistachios,Lot's O' Nuts,1382.1,194,509.1,873.0
317,ORD-2023-10317,2023-04-27,2023-05-05,Standard Class,CUST-145,United States,City_1,State_8,16026,Candy,East,PROD-003,Sour Worms,Sugar Shack,1144.52,389,638.82,505.7
318,ORD-2023-10318,2023-04-02,2023-04-06,Second Class,CUST-136,United States,City_36,State_14,39427,Candy,South,PROD-008,Lollipops,Sugar Shack,714.54,486,471.54,243.0
319,ORD-2023-10319,2023-05-19,2023-05-23,First Class,CUST-481,United States,City_8,State_17,98254,Chocolate,South,PROD-006,Dark Chocolate Truffles,Wicked Choccy's,3492.35,432,1332.35,2160.0
320,ORD-2023-10320,2023-07-25,2023-07-29,Standard Class,CUST-986,United States,City_19,State_10,52899,Nuts,West,PROD-001,Chocolate Almonds,Wicked Choccy's,316.74,45,204.24,112.5
321,ORD-2023-10321,2023-07-08,2023-07-14,Standard Class,CUST-903,United States,City_20,State_20,41795,Candy,South,PROD-002,Gummy Bears,The Other Factory,260.39,112,125.99,134.4
322,ORD-2023-10322,2023-10-07,2023-10-12,Second Class,CUST-254,United States,City_1,State_14,13133,Candy,South,PROD-008,Lollipops,Sugar Shack,537.45,399,337.95,199.5
323,ORD-2023-10323,2023-06-21,2023-06-28,Standard Class,CUST-485,United States,City_48,State_10,23624,Chocolate,Central,PROD-004,Peanut Butter Cups,The Other Factory,79.15,10,49.15,30.0
324,ORD-2023-10324,2023-09-09,2023-09-15,Same Day,CUST-245,United States,City_46,State_9,22193,Chocolate,West,PROD-004,Peanut Butter Cups,The Other Factory,355.06,40,235.06,120.0
325,ORD-2023-10325,2023-08-23,2023-08-25,First Class,CUST-197,United States,City_33,State_5,93521,Nuts,South,PROD-001,Chocolate Almonds,Wicked Choccy's,1594.81,392,614.81,980.0
326,ORD-2023-10326,2023-12-06,2023-12-06,Same Day,CUST-367,United States,City_21,State_13,52762,Nuts,East,PROD-007,Cashew Clusters,Lot's O' Nuts,563.97,76,259.97,304.0
327,ORD-2023-10327,2023-02-08,2023-02-13,Second Class,CUST-898,United States,City_50,State_19,24283,Chocolate,Central,PROD-006,Dark Chocolate Truffles,Secret Factory,4447.03,493,1982.03,2465.0
328,ORD-2023-10328,2023-08-27,2023-08-29,Same Day,CUST-648,United States,City_23,State_7,69233,Candy,West,PROD-003,Sour Worms,Lot's O' Nuts,466.26,170,245.26,221.0
329,ORD-2023-10329,2023-02-16,2023-02-23,Standard Class,CUST-411,United States,City_46,State_20,15286,Candy,Central,PROD-005,Jelly Beans,Secret Factory,366.04,90,231.04,135.0
330,ORD-2023-10330,2023-12-31,2024-01-07,Standard Class,CUST-505,United States,City_33,State_2,98759,Chocolate,West,PROD-004,Peanut Butter Cups,Sugar Shack,1213.52,137,802.52,411.0
331,ORD-2023-10331,2023-07-27,2023-08-02,Standard Class,CUST-866,United States,City_36,State_8,22415,Candy,West,PROD-005,Jelly Beans,Sugar Shack,1460.55,447,790.05,670.5
332,ORD-2023-10332,2023-01-07,2023-01-12,Standard Class,CUST-327,United States,City_9,State_7,62505,Candy,West,PROD-008,Lollipops,Lot's O' Nuts,56.28,41,35.78,20.5
333,ORD-2023-10333,2023-01-12,2023-01-20,Standard Class,CUST-761,United States,City_29,State_5,22055,Chocolate,Central,PROD-006,Dark Chocolate Truffles,Lot's O' Nuts,386.27,43,171.27,215.0
334,ORD-2023-10334,2023-01-26,2023-01-26,Same Day,CUST-543,United States,City_47,State_13,75028,Chocolate,East,PROD-006,Dark Chocolate Truffles,Lot's O' Nuts,1385.37,96,905.37,480.0
335,ORD-2023-10335,2023-07-01,2023-07-04,Second Class,CUST-381,United States,City_18,State_15,29481,Nuts,South,PROD-001,Chocolate Almonds,Secret Factory,851.58,119,554.08,297.5
336,ORD-2023-10336,2023-09-13,2023-09-18,First Class,CUST-590,United States,City_4,State_3,46670,Nuts,West,PROD-001,Chocolate Almonds,The Other Factory,1553.29,220,1003.29,550.0
337,ORD-2023-10337,2023-11-26,2023-12-01,Second Class,CUST-355,United States,City_41,State_18,12559,Nuts,South,PROD-007,Cashew Clusters,Wicked Choccy's,4981.83,462,3133.83,1848.0
338,ORD-2023-10338,2023-06-26,2023-06-27,Same Day,CUST-429,United States,City_25,State_9,33568,Nuts,South,PROD-007,Cashew Clusters,Sugar Shack,4480.89,477,2572.89,1908.0
339,ORD-2023-10339,2023-05-24,2023-05-30,Standard Class,CUST-583,United States,City_34,State_12,86544,Nuts,West,PROD-001,Chocolate Almonds,Sugar Shack,264.52,39,167.02,97.5
340,ORD-2023-10340,2023-12-03,2023-12-06,Second Class,CUST-935,United States,City_48,State_2,38758,Chocolate,East,PROD-004,Peanut Butter Cups,Wicked Choccy's,758.02,133,359.02,399.0
341,ORD-2023-10341,2023-04-01,2023-04-04,Second Class,CUST-925,United States,City_48,State_12,87537,Nuts,Central,PROD-010,Pistachios,Secret Factory,1408.19,131,818.69,589.5
342,ORD-2023-10342,2023-09-10,2023-09-14,Second Class,CUST-602,United States,City_3,State_3,17362,Nuts,West,PROD-001,Chocolate Almonds,Sugar Shack,1408.87,287,691.37,717.5
343,ORD-2023-10343,2023-09-27,2023-10-06,Standard Class,CUST-728,United States,City_13,State_5,54663,Chocolate,West,PROD-004,Peanut Butter Cups,The Other Factory,1143.78,254,381.78,762.0
344,ORD-2023-10344,2023-03-17,2023-03-24,Standard Class,CUST-245,United States,City_50,State_4,78982,Candy,East,PROD-003,Sour Worms,Sugar Shack,1030.49,310,627.49,403.0
345,ORD-2023-10345,2023-10-28,2023-10-30,Same Day,CUST-430,United States,City_9,State_6,67261,Chocolate,Central,PROD-006,Dark Chocolate Truffles,Lot's O' Nuts,611.48,61,306.48,305.0
346,ORD-2023-10346,2023-04-25,2023-04-27,First Class,CUST-279,United States,City_25,State_10,48602,Candy,West,PROD-008,Lollipops,Sugar Shack,417.1,350,242.1,175.0
347,ORD-2023-10347,2023-10-18,2023-10-18,Same Day,CUST-425,United States,City_40,State_8,93839,Candy,East,PROD-003,Sour Worms,Wicked Choccy's,59.93,26,26.13,33.8
348,ORD-2023-10348,2023-06-19,2023-06-25,Second Class,CUST-455,United States,City_21,State_6,93386,Nuts,South,PROD-010,Pistachios,Lot's O' Nuts,2844.6,391,1085.1,1759.5
349,ORD-2023-10349,2023-05-16,2023-05-21,Standard Class,CUST-169,United States,City_23,State_9,24160,Candy,South,PROD-002,Gummy Bears,Sugar Shack,263.15,117,122.75,140.4
350,ORD-2023-10350,2023-08-03,2023-08-07,Same Day,CUST-604,United States,City_25,State_12,81568,Nuts,South,PROD-001,Chocolate Almonds,Lot's O' Nuts,671.37,95,433.87,237.5
351,ORD-2023-10351,2023-03-25,2023-04-01,Second Class,CUST-966,United States,City_3,State_10,12631,Nuts,South,PROD-007,Cashew Clusters,Lot's O' Nuts,1552.58,241,588.58,964.0
352,ORD-2023-10352,2023-06-25,2023-07-04,Standard Class,CUST-264,United States,City_47,State_3,81702,Chocolate,East,PROD-006,Dark Chocolate Truffles,Sugar Shack,1373.47,97,888.47,485.0
353,ORD-2023-10353,2023-08-09,2023-08-16,Standard Class,CUST-721,United States,City_28,State_6,17019,Candy,South,PROD-002,Gummy Bears,Sugar Shack,1464.46,492,874.06,590.4
354,ORD-2023-10354,2023-07-29,2023-08-02,Second Class,CUST-847,United States,City_35,State_9,96585,Candy,West,PROD-002,Gummy Bears,Sugar Shack,1023.85,366,584.65,439.2
355,ORD-2023-10355,2023-01-26,2023-02-01,Standard Class,CUST-960,United States,City_32,State_5,17144,Candy,West,PROD-005,Jelly Beans,Sugar Shack,746.2,211,429.7,316.5
356,ORD-2023-10356,2023-05-31,2023-06-08,Standard Class,CUST-714,United States,City_31,State_7,22712,Chocolate,South,PROD-006,Dark Chocolate Truffles,Lot's O' Nuts,5372.48,431,3217.48,2155.0
357,ORD-2023-10357,2023-02-11,2023-02-11,First Class,CUST-415,United States,City_26,State_16,74106,Nuts,West,PROD-001,Chocolate Almonds,Wicked Choccy's,1742.36,252,1112.36,630.0
358,ORD-2023-10358,2023-07-09,2023-07-16,Second Class,CUST-291,United States,City_29,State_2,44510,Candy,South,PROD-005,Jelly Beans,Lot's O' Nuts,1439.12,463,744.62,694.5
359,ORD-2023-10359,2023-05-18,2023-05-22,Second Class,CUST-870,United States,City_45,State_4,21233,Candy,Central,PROD-008,Lollipops,Secret Factory,237.28,298,88.28,149.0
360,ORD-2023-10360,2023-10-11,2023-10-14,Second Class,CUST-938,United States,City_34,State_14,80190,Chocolate,South,PROD-006,Dark Chocolate Truffles,The Other Factory,566.05,41,361.05,205.0
361,ORD-2023-10361,2023-06-03,2023-06-08,Same Day,CUST-974,United States,City_46,State_2,75811,Candy,West,PROD-008,Lollipops,The Other Factory,52.31,50,27.31,25.0
362,ORD-2023-10362,2023-08-18,2023-08-29,Standard Class,CUST-271,United States,City_14,State_7,26539,Nuts,West,PROD-010,Pistachios,The Other Factory,1289.3,98,848.3,441.0
363,ORD-2023-10363,2023-04-14,2023-04-18,Same Day,CUST-954,United States,City_39,State_9,51910,Nuts,East,PROD-001,Chocolate Almonds,Secret Factory,2630.0,431,1552.5,1077.5
364,ORD-2023-10364,2023-10-10,2023-10-14,Same Day,CUST-632,United States,City_30,State_1,91665,Candy,South,PROD-002,Gummy Bears,Lot's O' Nuts,588.18,176,376.98,211.2
365,ORD-2023-10365,2023-08-01,2023-08-08,Standard Class,CUST-702,United States,City_38,State_4,23845,Nuts,South,PROD-010,Pistachios,The Other Factory,666.53,86,279.53,387.0
366,ORD-2023-10366,2023-07-30,2023-08-02,First Class,CUST-597,United States,City_37,State_20,72003,Nuts,Central,PROD-010,Pistachios,Lot's O' Nuts,1353.65,145,701.15,652.5
367,ORD-2023-10367,2023-03-15,2023-03-16,Same Day,CUST-810,United States,City_26,State_2,61877,Nuts,Central,PROD-001,Chocolate Almonds,Wicked Choccy's,1966.58,326,1151.58,815.0
368,ORD-2023-10368,2023-05-18,2023-05-19,Same Day,CUST-445,United States,City_20,State_10,46745,Chocolate,East,PROD-006,Dark Chocolate Truffles,Wicked Choccy's,4827.56,469,2482.56,2345.0
369,ORD-2023-10369,2023-06-03,2023-06-07,Second Class,CUST-945,United States,City_21,State_9,64627,Candy,West,PROD-008,Lollipops,Lot's O' Nuts,422.11,390,227.11,195.0
370,ORD-2023-10370,2023-04-19,2023-04-19,Same Day,CUST-858,United States,City_32,State_17,59009,Nuts,West,PROD-010,Pistachios,Lot's O' Nuts,5872.73,477,3726.23,2146.5
371,ORD-2023-10371,2023-06-09,2023-06-18,Standard Class,CUST-238,United States,City_50,State_17,84537,Nuts,West,PROD-001,Chocolate Almonds,The Other Factory,2107.63,373,1175.13,932.5
372,ORD-2023-10372,2023-01-30,2023-02-02,Second Class,CUST-151,United States,City_24,State_7,45910,Nuts,West,PROD-001,Chocolate Almonds,Wicked Choccy's,530.74,137,188.24,342.5
373,ORD-2023-10373,2023-12-15,2023-12-21,Standard Class,CUST-600,United States,City_39,State_15,33276,Chocolate,South,PROD-006,Dark Chocolate Truffles,Secret Factory,232.86,25,107.86,125.0
374,ORD-2023-10374,2023-03-25,2023-03-29,First Class,CUST-866,United States,City_45,State_3,47364,Candy,Central,PROD-008,Lollipops,The Other Factory,622.34,438,403.34,219.0
375,ORD-2023-10375,2023-10-20,2023-10-29,Second Class,CUST-977,United States,City_15,State_8,98826,Nuts,East,PROD-001,Chocolate Almonds,Secret Factory,3013.69,409,1991.19,1022.5
376,ORD-2023-10376,2023-12-16,2023-12-21,Standard Class,CUST-235,United States,City_42,State_6,88792,Chocolate,South,PROD-004,Peanut Butter Cups,Sugar Shack,92.87,14,50.87,42.0
377,ORD-2023-10377,2023-12-31,2024-01-03,First Class,CUST-533,United States,City_25,State_12,70161,Nuts,Central,PROD-001,Chocolate Almonds,Wicked Choccy's,2297.78,373,1365.28,932.5
378,ORD-2023-10378,2023-12-13,2023-12-17,First Class,CUST-506,United States,City_38,State_4,10963,Candy,South,PROD-005,Jelly Beans,Wicked Choccy's,1132.9,276,718.9,414.0
379,ORD-2023-10379,2023-12-17,2023-12-20,First Class,CUST-444,United States,City_18,State_11,46291,Chocolate,Central,PROD-009,Caramel Squares,Sugar Shack,404.51,65,222.51,182.0
380,ORD-2023-10380,2023-09-22,2023-09-25,Second Class,CUST-158,United States,City_39,State_13,96577,Candy,West,PROD-005,Jelly Beans,Sugar Shack,1119.06,401,517.56,601.5
381,ORD-2023-10381,2023-06-01,2023-06-01,Same Day,CUST-514,United States,City_25,State_2,86418,Chocolate,East,PROD-006,Dark Chocolate Truffles,Wicked Choccy's,2030.86,142,1320.86,710.0
382,ORD-2023-10382,2023-12-18,2023-12-21,Second Class,CUST-587,United States,City_43,State_12,76494,Nuts,Central,PROD-010,Pistachios,Wicked Choccy's,3129.59,283,1856.09,1273.5
383,ORD-2023-10383,2023-02-19,2023-02-19,First Class,CUST-364,United States,City_47,State_18,33995,Candy,West,PROD-005,Jelly Beans,Wicked Choccy's,637.01,251,260.51,376.5
384,ORD-2023-10384,2023-04-25,2023-04-26,First Class,CUST-530,United States,City_22,State_12,44152,Chocolate,West,PROD-006,Dark Chocolate Truffles,Lot's O' Nuts,5487.98,391,3532.98,1955.0
385,ORD-2023-10385,2023-08-29,2023-09-03,Standard Class,CUST-697,United States,City_38,State_20,19334,Nuts,South,PROD-010,Pistachios,Sugar Shack,466.13,37,299.63,166.5
386,ORD-2023-10386,2023-09-29,2023-09-30,Same Day,CUST-991,United States,City_10,State_5,36253,Candy,East,PROD-008,Lollipops,Wicked Choccy's,171.69,162,90.69,81.0
387,ORD-2023-10387,2023-06-11,2023-06-14,Second Class,CUST-897,United States,City_6,State_16,53598,Chocolate,South,PROD-006,Dark Chocolate Truffles,Secret Factory,5803.25,451,3548.25,2255.0
388,ORD-2023-10388,2023-08-20,2023-08-29,Standard Class,CUST-892,United States,City_11,State_19,30766,Candy,East,PROD-003,Sour Worms,Sugar Shack,353.74,150,158.74,195.0
389,ORD-2023-10389,2023-11-21,2023-11-23,Same Day,CUST-588,United States,City_25,State_1,14944,Candy,West,PROD-008,Lollipops,Lot's O' Nuts,241.03,229,126.53,114.5
390,ORD-2023-10390,2023-06-14,2023-06-19,Standard Class,CUST-295,United States,City_2,State_1,92141,Chocolate,Central,PROD-009,Caramel Squares,Wicked Choccy's,3056.73,397,1945.13,1111.6
391,ORD-2023-10391,2023-03-08,2023-03-09,First Class,CUST-702,United States,City_20,State_6,18557,Chocolate,Central,PROD-004,Peanut Butter Cups,Wicked Choccy's,386.01,62,200.01,186.0
392,ORD-2023-10392,2023-09-24,2023-09-24,Same Day,CUST-544,United States,City_44,State_5,54922,Nuts,Central,PROD-001,Chocolate Almonds,Sugar Shack,1800.36,315,1012.86,787.5
393,ORD-2023-10393,2023-07-26,2023-07-29,Second Class,CUST-844,United States,City_9,State_7,12872,Candy,West,PROD-008,Lollipops,Sugar Shack,17.5,19,8.0,9.5
394,ORD-2023-10394,2023-07-07,2023-07-18,Standard Class,CUST-138,United States,City_25,State_9,80088,Nuts,West,PROD-010,Pistachios,The Other Factory,4166.79,374,2483.79,1683.0
395,ORD-2023-10395,2023-12-01,2023-12-07,Standard Class,CUST-806,United States,City_8,State_14,68237,Nuts,East,PROD-010,Pistachios,Lot's O' Nuts,3014.87,438,1043.87,1971.0
396,ORD-2023-10396,2023-12-26,2023-12-28,Same Day,CUST-802,United States,City_41,State_1,49467,Nuts,Central,PROD-007,Cashew Clusters,Lot's O' Nuts,636.5,88,284.5,352.0
397,ORD-2023-10397,2023-08-03,2023-08-07,Second Class,CUST-623,United States,City_47,State_20,25431,Nuts,Central,PROD-007,Cashew Clusters,Lot's O' Nuts,4955.4,435,3215.4,1740.0
398,ORD-2023-10398,2023-04-12,2023-04-13,Same Day,CUST-369,United States,City_34,State_7,56913,Candy,East,PROD-005,Jelly Beans,Lot's O' Nuts,866.52,321,385.02,481.5
399,ORD-2023-10399,2023-10-08,2023-10-14,Standard Class,CUST-804,United States,City_31,State_11,40737,Nuts,West,PROD-007,Cashew Clusters,Sugar Shack,3026.0,264,1970.0,1056.0
400,ORD-2023-10400,2023-10-21,2023-10-27,Standard Class,CUST-192,United States,City_50,State_17,19836,Nuts,East,PROD-001,Chocolate Almonds,Lot's O' Nuts,1972.22,352,1092.22,880.0
401,ORD-2023-10401,2023-06-01,2023-06-01,Same Day,CUST-202,United States,City_12,State_2,48085,Candy,West,PROD-002,Gummy Bears,Sugar Shack,382.18,145,208.18,174.0
402,ORD-2023-10402,2023-02-18,2023-02-23,Standard Class,CUST-146,United States,City_1,State_5,96947,Chocolate,South,PROD-006,Dark Chocolate Truffles,Sugar Shack,5868.01,445,3643.01,2225.0
403,ORD-2023-10403,2023-11-15,2023-11-15,Same Day,CUST-195,United States,City_24,State_11,33969,Candy,Central,PROD-003,Sour Worms,Sugar Shack,538.47,147,347.37,191.1
404,ORD-2023-10404,2023-05-20,2023-05-20,Same Day,CUST-971,United States,City_31,State_14,95045,Candy,South,PROD-002,Gummy Bears,Secret Factory,1090.0,437,565.6,524.4
405,ORD-2023-10405,2023-03-23,2023-03-29,Standard Class,CUST-704,United States,City_31,State_19,98918,Candy,West,PROD-003,Sour Worms,Lot's O' Nuts,173.96,63,92.06,81.9
406,ORD-2023-10406,2023-11-10,2023-11-14,First Class,CUST-958,United States,City_47,State_5,73318,Candy,South,PROD-008,Lollipops,Wicked Choccy's,33.53,24,21.53,12.0
407,ORD-2023-10407,2023-01-24,2023-01-27,Same Day,CUST-421,United States,City_1,State_17,85582,Candy,South,PROD-008,Lollipops,Lot's O' Nuts,39.74,42,18.74,21.0
408,ORD-2023-10408,2023-08-10,2023-08-16,Standard Class,CUST-593,United States,City_23,State_13,29484,Nuts,Central,PROD-010,Pistachios,Wicked Choccy's,4055.91,348,2489.91,1566.0
409,ORD-2023-10409,2023-11-26,2023-12-07,Standard Class,CUST-969,United States,City_31,State_16,31679,Chocolate,East,PROD-009,Caramel Squares,The Other Factory,2371.24,488,1004.84,1366.4
410,ORD-2023-10410,2023-06-19,2023-06-24,Second Class,CUST-328,United States,City_36,State_13,62858,Candy,Central,PROD-002,Gummy Bears,Secret Factory,287.38,152,104.98,182.4
411,ORD-2023-10411,2023-10-21,2023-10-26,Same Day,CUST-610,United States,City_29,State_11,25559,Chocolate,South,PROD-004,Peanut Butter Cups,Lot's O' Nuts,1170.17,239,453.17,717.0
412,ORD-2023-10412,2023-07-31,2023-07-31,Same Day,CUST-100,United States,City_6,State_20,91142,Candy,East,PROD-008,Lollipops,Lot's O' Nuts,32.7,28,18.7,14.0
413,ORD-2023-10413,2023-06-24,2023-06-26,Same Day,CUST-936,United States,City_15,State_15,53512,Candy,West,PROD-005,Jelly Beans,The Other Factory,804.96,196,510.96,294.0
414,ORD-2023-10414,2023-08-20,2023-08-23,First Class,CUST-774,United States,City_15,State_1,54742,Chocolate,South,PROD-009,Caramel Squares,The Other Factory,313.43,68,123.03,190.4
415,ORD-2023-10415,2023-01-24,2023-01-29,Standard Class,CUST-243,United States,City_46,State_14,24019,Chocolate,Central,PROD-006,Dark Chocolate Truffles,Sugar Shack,4094.92,469,1749.92,2345.0
416,ORD-2023-10416,2023-03-03,2023-03-09,Second Class,CUST-320,United States,City_30,State_7,54293,Candy,West,PROD-005,Jelly Beans,The Other Factory,2025.37,486,1296.37,729.0
417,ORD-2023-10417,2023-08-19,2023-08-30,Standard Class,CUST-616,United States,City_9,State_16,10568,Candy,East,PROD-002,Gummy Bears,Secret Factory,728.39,244,435.59,292.8
418,ORD-2023-10418,2023-09-18,2023-09-22,Same Day,CUST-281,United States,City_45,State_19,32760,Chocolate,South,PROD-009,Caramel Squares,Lot's O' Nuts,3300.17,409,2154.97,1145.2
419,ORD-2023-10419,2023-09-16,2023-09-22,First Class,CUST-723,United States,City_45,State_8,45860,Candy,South,PROD-003,Sour Worms,Lot's O' Nuts,1244.74,461,645.44,599.3
420,ORD-2023-10420,2023-03-10,2023-03-10,Same Day,CUST-816,United States,City_48,State_17,49179,Nuts,Central,PROD-007,Cashew Clusters,Sugar Shack,678.12,80,358.12,320.0
421,ORD-2023-10421,2023-04-18,2023-04-24,Second Class,CUST-803,United States,City_23,State_5,95208,Chocolate,West,PROD-009,Caramel Squares,Sugar Shack,2368.94,329,1447.74,921.2
422,ORD-2023-10422,2023-06-30,2023-07-09,Standard Class,CUST-684,United States,City_43,State_14,98374,Candy,Central,PROD-003,Sour Worms,The Other Factory,857.36,297,471.26,386.1
423,ORD-2023-10423,2023-09-25,2023-10-01,Standard Class,CUST-248,United States,City_4,State_2,36201,Chocolate,South,PROD-009,Caramel Squares,Sugar Shack,275.59,64,96.39,179.2
424,ORD-2023-10424,2023-03-16,2023-03-19,First Class,CUST-903,United States,City_19,State_7,80932,Candy,Central,PROD-005,Jelly Beans,Wicked Choccy's,1049.02,439,390.52,658.5
425,ORD-2023-10425,2023-11-12,2023-11-19,Standard Class,CUST-675,United States,City_15,State_18,60972,Nuts,South,PROD-001,Chocolate Almonds,Sugar Shack,2852.58,454,1717.58,1135.0
426,ORD-2023-10426,2023-07-15,2023-07-24,Standard Class,CUST-907,United States,City_44,State_11,82368,Chocolate,Central,PROD-004,Peanut Butter Cups,The Other Factory,1325.91,208,701.91,624.0
427,ORD-2023-10427,2023-11-14,2023-11-19,Second Class,CUST-991,United States,City_29,State_8,93071,Nuts,Central,PROD-001,Chocolate Almonds,Lot's O' Nuts,3032.02,454,1897.02,1135.0
428,ORD-2023-10428,2023-05-31,2023-06-08,Second Class,CUST-799,United States,City_5,State_6,32779,Chocolate,West,PROD-006,Dark Chocolate Truffles,The Other Factory,2110.54,239,915.54,1195.0
429,ORD-2023-10429,2023-08-08,2023-08-18,Standard Class,CUST-233,United States,City_11,State_19,43425,Chocolate,South,PROD-009,Caramel Squares,Lot's O' Nuts,993.73,152,568.13,425.6
430,ORD-2023-10430,2023-01-21,2023-01-23,Second Class,CUST-711,United States,City_4,State_20,96755,Nuts,South,PROD-001,Chocolate Almonds,Sugar Shack,636.45,88,416.45,220.0
431,ORD-2023-10431,2023-12-29,2024-01-03,Standard Class,CUST-288,United States,City_34,State_3,76209,Candy,Central,PROD-005,Jelly Beans,Secret Factory,590.33,172,332.33,258.0
432,ORD-2023-10432,2023-06-28,2023-06-30,Standard Class,CUST-779,United States,City_22,State_11,57290,Candy,South,PROD-003,Sour Worms,Secret Factory,451.73,123,291.83,159.9
433,ORD-2023-10433,2023-02-28,2023-03-07,Standard Class,CUST-346,United States,City_42,State_20,91412,Candy,South,PROD-005,Jelly Beans,Wicked Choccy's,1066.04,352,538.04,528.0
434,ORD-2023-10434,2023-02-28,2023-03-03,Same Day,CUST-841,United States,City_19,State_1,77746,Chocolate,Central,PROD-004,Peanut Butter Cups,Lot's O' Nuts,1170.51,207,549.51,621.0
435,ORD-2023-10435,2023-01-23,2023-01-26,Same Day,CUST-297,United States,City_21,State_17,20793,Chocolate,South,PROD-006,Dark Chocolate Truffles,The Other Factory,2292.18,161,1487.18,805.0
436,ORD-2023-10436,2023-04-18,2023-04-24,Standard Class,CUST-318,United States,City_44,State_14,23621,Candy,East,PROD-002,Gummy Bears,Wicked Choccy's,1035.39,353,611.79,423.6
437,ORD-2023-10437,2023-12-18,2023-12-26,Standard Class,CUST-834,United States,City_22,State_2,21471,Chocolate,South,PROD-004,Peanut Butter Cups,The Other Factory,405.41,88,141.41,264.0
438,ORD-2023-10438,2023-10-13,2023-10-14,First Class,CUST-333,United States,City_17,State_14,60860,Candy,West,PROD-002,Gummy Bears,Lot's O' Nuts,130.41,46,75.21,55.2
439,ORD-2023-10439,2023-01-09,2023-01-09,First Class,CUST-647,United States,City_1,State_20,18288,Candy,South,PROD-008,Lollipops,Secret Factory,262.29,209,157.79,104.5
440,ORD-2023-10440,2023-09-15,2023-09-15,First Class,CUST-802,United States,City_20,State_20,21338,Nuts,East,PROD-010,Pistachios,Lot's O' Nuts,557.21,64,269.21,288.0
441,ORD-2023-10441,2023-12-05,2023-12-05,Same Day,CUST-646,United States,City_15,State_5,61248,Candy,South,PROD-005,Jelly Beans,Secret Factory,82.91,25,45.41,37.5
442,ORD-2023-10442,2023-12-13,2023-12-15,First Class,CUST-914,United States,City_47,State_12,11461,Chocolate,West,PROD-009,Caramel Squares,Sugar Shack,3730.33,464,2431.13,1299.2
443,ORD-2023-10443,2023-01-22,2023-01-29,Standard Class,CUST-503,United States,City_35,State_18,21157,Chocolate,West,PROD-009,Caramel Squares,The Other Factory,79.27,12,45.67,33.6
444,ORD-2023-10444,2023-07-31,2023-08-04,Second Class,CUST-624,United States,City_10,State_6,34116,Candy,Central,PROD-005,Jelly Beans,Wicked Choccy's,1751.68,473,1042.18,709.5
445,ORD-2023-10445,2023-02-28,2023-03-04,Second Class,CUST-680,United States,City_4,State_18,70458,Chocolate,Central,PROD-004,Peanut Butter Cups,The Other Factory,766.98,102,460.98,306.0
446,ORD-2023-10446,2023-05-09,2023-05-17,Standard Class,CUST-694,United States,City_32,State_11,56810,Chocolate,Central,PROD-009,Caramel Squares,Lot's O' Nuts,301.75,60,133.75,168.0
447,ORD-2023-10447,2023-11-14,2023-11-16,First Class,CUST-425,United States,City_32,State_15,53036,Candy,East,PROD-003,Sour Worms,Wicked Choccy's,166.74,45,108.24,58.5
448,ORD-2023-10448,2023-06-11,2023-06-12,First Class,CUST-104,United States,City_21,State_8,39035,Nuts,West,PROD-010,Pistachios,Sugar Shack,4820.54,500,2570.54,2250.0
449,ORD-2023-10449,2023-12-14,2023-12-16,Second Class,CUST-591,United States,City_30,State_15,57020,Nuts,Central,PROD-007,Cashew Clusters,Sugar Shack,3075.91,385,1535.91,1540.0
450,ORD-2023-10450,2023-11-27,2023-12-03,Second Class,CUST-387,United States,City_9,State_18,35746,Candy,East,PROD-005,Jelly Beans,Secret Factory,779.02,320,299.02,480.0
451,ORD-2023-10451,2023-09-17,2023-09-21,Standard Class,CUST-695,United States,City_38,State_13,87337,Candy,East,PROD-005,Jelly Beans,Lot's O' Nuts,772.62,333,273.12,499.5
452,ORD-2023-10452,2023-12-01,2023-12-04,Same Day,CUST-501,United States,City_15,State_19,48141,Chocolate,Central,PROD-004,Peanut Butter Cups,Lot's O' Nuts,2098.55,406,880.55,1218.0
453,ORD-2023-10453,2023-07-06,2023-07-09,Same Day,CUST-344,United States,City_40,State_6,77388,Candy,East,PROD-003,Sour Worms,Secret Factory,526.16,267,179.06,347.1
454,ORD-2023-10454,2023-10-17,2023-10-23,Second Class,CUST-993,United States,City_10,State_16,57028,Candy,West,PROD-003,Sour Worms,Secret Factory,1511.4,495,867.9,643.5
455,ORD-2023-10455,2023-02-02,2023-02-07,Second Class,CUST-143,United States,City_43,State_7,77880,Nuts,South,PROD-001,Chocolate Almonds,Wicked Choccy's,744.63,145,382.13,362.5
456,ORD-2023-10456,2023-01-24,2023-01-24,Same Day,CUST-431,United States,City_7,State_17,93042,Chocolate,South,PROD-006,Dark Chocolate Truffles,Secret Factory,445.63,30,295.63,150.0
457,ORD-2023-10457,2023-12-01,2023-12-02,Same Day,CUST-769,United States,City_5,State_17,42975,Candy,West,PROD-005,Jelly Beans,Sugar Shack,623.6,203,319.1,304.5
458,ORD-2023-10458,2023-06-26,2023-06-28,First Class,CUST-718,United States,City_1,State_17,28214,Nuts,South,PROD-007,Cashew Clusters,Wicked Choccy's,2785.79,259,1749.79,1036.0
459,ORD-2023-10459,2023-09-21,2023-09-25,Standard Class,CUST-253,United States,City_12,State_6,57477,Candy,West,PROD-008,Lollipops,Wicked Choccy's,325.65,339,156.15,169.5
460,ORD-2023-10460,2023-06-19,2023-06-19,Same Day,CUST-791,United States,City_31,State_16,37617,Nuts,West,PROD-010,Pistachios,Lot's O' Nuts,2840.68,378,1139.68,1701.0
461,ORD-2023-10461,2023-05-05,2023-05-14,Standard Class,CUST-706,United States,City_11,State_5,92515,Nuts,South,PROD-010,Pistachios,Wicked Choccy's,243.62,32,99.62,144.0
462,ORD-2023-10462,2023-03-27,2023-04-02,Standard Class,CUST-629,United States,City_26,State_20,83872,Chocolate,West,PROD-009,Caramel Squares,Lot's O' Nuts,1146.55,142,748.95,397.6
463,ORD-2023-10463,2023-08-18,2023-08-23,Second Class,CUST-988,United States,City_31,State_6,38752,Nuts,East,PROD-001,Chocolate Almonds,Sugar Shack,2391.33,320,1591.33,800.0
464,ORD-2023-10464,2023-11-16,2023-11-23,Second Class,CUST-271,United States,City_47,State_11,69437,Nuts,West,PROD-007,Cashew Clusters,The Other Factory,3145.5,347,1757.5,1388.0
465,ORD-2023-10465,2023-07-13,2023-07-21,Second Class,CUST-116,United States,City_13,State_17,76107,Nuts,East,PROD-010,Pistachios,The Other Factory,1581.98,207,650.48,931.5
466,ORD-2023-10466,2023-09-01,2023-09-05,Second Class,CUST-139,United States,City_35,State_17,25403,Nuts,East,PROD-007,Cashew Clusters,Wicked Choccy's,4563.28,471,2679.28,1884.0
467,ORD-2023-10467,2023-12-14,2023-12-22,Standard Class,CUST-530,United States,City_24,State_2,79444,Candy,West,PROD-002,Gummy Bears,Secret Factory,881.23,342,470.83,410.4
468,ORD-2023-10468,2023-06-29,2023-07-02,Same Day,CUST-879,United States,City_45,State_19,22807,Nuts,South,PROD-007,Cashew Clusters,Wicked Choccy's,3367.42,311,2123.42,1244.0
469,ORD-2023-10469,2023-04-30,2023-04-30,Same Day,CUST-390,United States,City_39,State_18,63562,Nuts,Central,PROD-007,Cashew Clusters,Wicked Choccy's,5298.3,475,3398.3,1900.0
470,ORD-2023-10470,2023-10-23,2023-10-28,Standard Class,CUST-107,United States,City_25,State_7,51405,Candy,East,PROD-005,Jelly Beans,Wicked Choccy's,696.69,277,281.19,415.5
471,ORD-2023-10471,2023-08-07,2023-08-12,Second Class,CUST-367,United States,City_35,State_14,84012,Nuts,East,PROD-007,Cashew Clusters,Sugar Shack,3262.69,343,1890.69,1372.0
472,ORD-2023-10472,2023-04-15,2023-04-15,Same Day,CUST-670,United States,City_31,State_6,58524,Chocolate,Central,PROD-006,Dark Chocolate Truffles,The Other Factory,2572.61,221,1467.61,1105.0
473,ORD-2023-10473,2023-06-07,2023-06-07,First Class,CUST-822,United States,City_26,State_5,96413,Chocolate,South,PROD-009,Caramel Squares,The Other Factory,1722.12,305,868.12,854.0
474,ORD-2023-10474,2023-02-21,2023-02-28,Second Class,CUST-904,United States,City_22,State_18,90481,Candy,South,PROD-002,Gummy Bears,Wicked Choccy's,323.09,119,180.29,142.8
475,ORD-2023-10475,2023-02-16,2023-02-25,Standard Class,CUST-714,United States,City_28,State_3,18399,Nuts,South,PROD-001,Chocolate Almonds,Wicked Choccy's,1851.14,431,773.64,1077.5
476,ORD-2023-10476,2023-11-08,2023-11-14,Standard Class,CUST-510,United States,City_40,State_17,47548,Candy,Central,PROD-005,Jelly Beans,Wicked Choccy's,112.52,29,69.02,43.5
477,ORD-2023-10477,2023-08-13,2023-08-15,Same Day,CUST-772,United States,City_34,State_10,35525,Nuts,West,PROD-010,Pistachios,Lot's O' Nuts,121.67,15,54.17,67.5
478,ORD-2023-10478,2023-12-12,2023-12-19,Second Class,CUST-770,United States,City_1,State_6,21382,Nuts,West,PROD-001,Chocolate Almonds,The Other Factory,142.77,28,72.77,70.0
479,ORD-2023-10479,2023-07-27,2023-07-31,Same Day,CUST-115,United States,City_48,State_3,21818,Candy,Central,PROD-005,Jelly Beans,Secret Factory,837.22,310,372.22,465.0
480,ORD-2023-10480,2023-05-22,2023-05-24,First Class,CUST-299,United States,City_30,State_13,85354,Chocolate,Central,PROD-009,Caramel Squares,Sugar Shack,843.34,125,493.34,350.0
481,ORD-2023-10481,2023-09-17,2023-09-18,Same Day,CUST-615,United States,City_19,State_11,25336,Nuts,West,PROD-001,Chocolate Almonds,Sugar Shack,374.07,64,214.07,160.0
482,ORD-2023-10482,2023-07-13,2023-07-13,Same Day,CUST-349,United States,City_49,State_11,70142,Chocolate,Central,PROD-009,Caramel Squares,Sugar Shack,1856.91,298,1022.51,834.4
483,ORD-2023-10483,2023-03-01,2023-03-05,Same Day,CUST-748,United States,City_15,State_8,51383,Candy,East,PROD-008,Lollipops,The Other Factory,113.69,142,42.69,71.0
484,ORD-2023-10484,2023-05-08,2023-05-12,First Class,CUST-789,United States,City_48,State_11,19965,Nuts,East,PROD-007,Cashew Clusters,Sugar Shack,1029.61,157,401.61,628.0
485,ORD-2023-10485,2023-07-01,2023-07-04,First Class,CUST-375,United States,City_12,State_7,75404,Chocolate,South,PROD-009,Caramel Squares,Wicked Choccy's,962.69,121,623.89,338.8
486,ORD-2023-10486,2023-04-16,2023-04-16,First Class,CUST-355,United States,City_40,State_12,30446,Chocolate,West,PROD-004,Peanut Butter Cups,Wicked Choccy's,687.38,127,306.38,381.0
487,ORD-2023-10487,2023-11-11,2023-11-11,Same Day,CUST-654,United States,City_3,State_16,58653,Candy,East,PROD-002,Gummy Bears,Lot's O' Nuts,41.28,13,25.68,15.6
488,ORD-2023-10488,2023-09-09,2023-09-10,First Class,CUST-623,United States,City_18,State_13,39110,Nuts,South,PROD-010,Pistachios,Sugar Shack,1379.65,103,916.15,463.5
489,ORD-2023-10489,2023-09-02,2023-09-05,Same Day,CUST-614,United States,City_23,State_13,99959,Nuts,East,PROD-010,Pistachios,Wicked Choccy's,5106.49,491,2896.99,2209.5
490,ORD-2023-10490,2023-06-11,2023-06-16,Same Day,CUST-790,United States,City_14,State_13,86153,Candy,East,PROD-003,Sour Worms,Secret Factory,711.84,362,241.24,470.6
491,ORD-2023-10491,2023-04-06,2023-04-06,First Class,CUST-375,United States,City_31,State_20,54970,Candy,Central,PROD-002,Gummy Bears,Sugar Shack,659.21,290,311.21,348.0
492,ORD-2023-10492,2023-04-18,2023-04-22,Same Day,CUST-481,United States,City_24,State_13,46651,Chocolate,South,PROD-006,Dark Chocolate Truffles,Wicked Choccy's,2857.2,224,1737.2,1120.0
493,ORD-2023-10493,2023-02-21,2023-02-24,Second Class,CUST-341,United States,City_36,State_14,59923,Candy,West,PROD-008,Lollipops,Wicked Choccy's,360.98,379,171.48,189.5
494,ORD-2023-10494,2023-01-05,2023-01-05,Same Day,CUST-237,United States,City_41,State_17,79990,Chocolate,West,PROD-004,Peanut Butter Cups,Wicked Choccy's,639.68,100,339.68,300.0
495,ORD-2023-10495,2023-10-15,2023-10-19,First Class,CUST-507,United States,City_7,State_6,17869,Chocolate,Central,PROD-006,Dark Chocolate Truffles,Secret Factory,5279.68,449,3034.68,2245.0
496,ORD-2023-10496,2023-08-19,2023-08-26,Standard Class,CUST-469,United States,City_24,State_18,83071,Chocolate,South,PROD-004,Peanut Butter Cups,Sugar Shack,2348.33,391,1175.33,1173.0
497,ORD-2023-10497,2023-03-04,2023-03-05,Same Day,CUST-720,United States,City_13,State_19,85483,Candy,East,PROD-005,Jelly Beans,Sugar Shack,794.1,189,510.6,283.5
498,ORD-2023-10498,2023-06-16,2023-06-18,First Class,CUST-893,United States,City_48,State_15,20277,Chocolate,Central,PROD-009,Caramel Squares,Wicked Choccy's,2245.73,354,1254.53,991.2
499,ORD-2023-10499,2023-11-20,2023-11-22,Same Day,CUST-271,United States,City_41,State_11,65288,Nuts,Central,PROD-007,Cashew Clusters,The Other Factory,3427.68,499,1431.68,1996.0
500,ORD-2023-10500,2023-02-10,2023-02-15,Standard Class,CUST-421,United States,City_21,State_10,45058,Nuts,South,PROD-010,Pistachios,The Other Factory,834.39,92,420.39,414.0
501,ORD-2023-10501,2023-07-05,2023-07-07,Same Day,CUST-561,United States,City_27,State_6,34102,Nuts,Central,PROD-010,Pistachios,Secret Factory,4198.99,392,2434.99,1764.0
502,ORD-2023-10502,2023-12-25,2023-12-27,First Class,CUST-270,United States,City_26,State_4,22524,Nuts,West,PROD-001,Chocolate Almonds,Wicked Choccy's,1591.75,393,609.25,982.5
503,ORD-2023-10503,2023-07-23,2023-07-31,Standard Class,CUST-185,United States,City_7,State_9,91015,Candy,East,PROD-002,Gummy Bears,Secret Factory,883.2,278,549.6,333.6
504,ORD-2023-10504,2023-04-28,2023-05-04,First Class,CUST-553,United States,City_41,State_5,27206,Candy,South,PROD-003,Sour Worms,Lot's O' Nuts,460.81,136,284.01,176.8
505,ORD-2023-10505,2023-12-06,2023-12-11,Standard Class,CUST-433,United States,City_31,State_15,80855,Chocolate,East,PROD-009,Caramel Squares,Wicked Choccy's,1500.2,192,962.6,537.6
506,ORD-2023-10506,2023-12-24,2023-12-28,Second Class,CUST-711,United States,City_30,State_19,67013,Candy,South,PROD-005,Jelly Beans,The Other Factory,757.42,286,328.42,429.0
507,ORD-2023-10507,2023-09-04,2023-09-07,First Class,CUST-191,United States,City_29,State_10,57943,Chocolate,Central,PROD-009,Caramel Squares,The Other Factory,1474.03,286,673.23,800.8
508,ORD-2023-10508,2023-01-06,2023-01-07,First Class,CUST-876,United States,City_9,State_12,47586,Nuts,West,PROD-007,Cashew Clusters,Sugar Shack,91.4,10,51.4,40.0
509,ORD-2023-10509,2023-09-02,2023-09-08,Same Day,CUST-540,United States,City_19,State_20,40305,Candy,East,PROD-008,Lollipops,The Other Factory,123.37,163,41.87,81.5
510,ORD-2023-10510,2023-07-30,2023-08-04,Second Class,CUST-504,United States,City_16,State_6,94671,Nuts,Central,PROD-001,Chocolate Almonds,The Other Factory,2697.81,461,1545.31,1152.5
511,ORD-2023-10511,2023-02-10,2023-02-14,First Class,CUST-629,United States,City_49,State_20,99737,Nuts,West,PROD-007,Cashew Clusters,Secret Factory,2203.94,226,1299.94,904.0
512,ORD-2023-10512,2023-04-07,2023-04-07,Same Day,CUST-239,United States,City_19,State_4,93478,Candy,Central,PROD-005,Jelly Beans,Sugar Shack,1072.2,446,403.2,669.0
513,ORD-2023-10513,2023-12-25,2023-12-27,First Class,CUST-428,United States,City_2,State_5,16505,Candy,South,PROD-008,Lollipops,The Other Factory,367.03,328,203.03,164.0
514,ORD-2023-10514,2023-05-25,2023-05-30,Standard Class,CUST-548,United States,City_47,State_1,40514,Chocolate,West,PROD-009,Caramel Squares,Lot's O' Nuts,694.6,147,283.0,411.6
515,ORD-2023-10515,2023-04-22,2023-04-22,Same Day,CUST-904,United States,City_32,State_12,70776,Candy,East,PROD-002,Gummy Bears,Wicked Choccy's,472.94,185,250.94,222.0
516,ORD-2023-10516,2023-01-29,2023-02-04,Second Class,CUST-173,United States,City_35,State_16,33803,Nuts,East,PROD-001,Chocolate Almonds,Sugar Shack,972.17,146,607.17,365.0
517,ORD-2023-10517,2023-03-04,2023-03-11,Standard Class,CUST-494,United States,City_50,State_15,42396,Chocolate,South,PROD-004,Peanut Butter Cups,Sugar Shack,3109.58,403,1900.58,1209.0
518,ORD-2023-10518,2023-09-24,2023-10-01,Standard Class,CUST-584,United States,City_25,State_10,52344,Nuts,South,PROD-001,Chocolate Almonds,Wicked Choccy's,2601.53,350,1726.53,875.0
519,ORD-2023-10519,2023-09-04,2023-09-05,First Class,CUST-469,United States,City_4,State_7,24801,Candy,East,PROD-003,Sour Worms,Lot's O' Nuts,850.98,336,414.18,436.8
520,ORD-2023-10520,2023-03-27,2023-04-03,Standard Class,CUST-222,United States,City_26,State_8,11170,Chocolate,Central,PROD-004,Peanut Butter Cups,Secret Factory,2388.86,416,1140.86,1248.0
521,ORD-2023-10521,2023-07-10,2023-07-12,Second Class,CUST-261,United States,City_32,State_3,99908,Nuts,South,PROD-001,Chocolate Almonds,The Other Factory,1650.56,404,640.56,1010.0
522,ORD-2023-10522,2023-07-02,2023-07-10,Standard Class,CUST-649,United States,City_7,State_5,73942,Nuts,East,PROD-010,Pistachios,Sugar Shack,2648.24,340,1118.24,1530.0
523,ORD-2023-10523,2023-04-09,2023-04-09,Same Day,CUST-466,United States,City_47,State_5,42859,Chocolate,Central,PROD-004,Peanut Butter Cups,Sugar Shack,152.03,20,92.03,60.0
524,ORD-2023-10524,2023-10-05,2023-10-06,First Class,CUST-680,United States,City_12,State_18,55569,Nuts,South,PROD-001,Chocolate Almonds,Secret Factory,2045.15,366,1130.15,915.0
525,ORD-2023-10525,2023-02-05,2023-02-08,Second Class,CUST-402,United States,City_17,State_18,58118,Chocolate,Central,PROD-006,Dark Chocolate Truffles,Secret Factory,2434.22,281,1029.22,1405.0
526,ORD-2023-10526,2023-01-10,2023-01-15,Second Class,CUST-894,United States,City_40,State_8,52034,Candy,South,PROD-008,Lollipops,Lot's O' Nuts,455.39,327,291.89,163.5
527,ORD-2023-10527,2023-09-26,2023-09-28,Second Class,CUST-664,United States,City_10,State_20,47110,Candy,South,PROD-002,Gummy Bears,The Other Factory,967.72,359,536.92,430.8
528,ORD-2023-10528,2023-02-19,2023-02-25,Standard Class,CUST-144,United States,City_9,State_6,14099,Chocolate,Central,PROD-006,Dark Chocolate Truffles,Secret Factory,3446.35,277,2061.35,1385.0
529,ORD-2023-10529,2023-02-20,2023-02-27,Second Class,CUST-956,United States,City_25,State_16,78920,Chocolate,South,PROD-004,Peanut Butter Cups,Lot's O' Nuts,183.81,26,105.81,78.0
530,ORD-2023-10530,2023-07-07,2023-07-14,Standard Class,CUST-172,United States,City_1,State_7,95950,Nuts,Central,PROD-010,Pistachios,The Other Factory,1333.34,123,779.84,553.5
531,ORD-2023-10531,2023-07-04,2023-07-14,Standard Class,CUST-525,United States,City_24,State_2,90862,Candy,South,PROD-008,Lollipops,Lot's O' Nuts,385.74,295,238.24,147.5
532,ORD-2023-10532,2023-06-05,2023-06-14,Standard Class,CUST-631,United States,City_7,State_4,40279,Candy,East,PROD-005,Jelly Beans,The Other Factory,214.39,49,140.89,73.5
533,ORD-2023-10533,2023-09-27,2023-10-02,Second Class,CUST-740,United States,City_12,State_18,83156,Chocolate,West,PROD-009,Caramel Squares,Secret Factory,1814.7,346,845.9,968.8
534,ORD-2023-10534,2023-12-26,2023-12-27,Same Day,CUST-206,United States,City_11,State_6,82085,Nuts,Central,PROD-007,Cashew Clusters,Lot's O' Nuts,2996.86,350,1596.86,1400.0
535,ORD-2023-10535,2023-10-01,2023-10-06,Second Class,CUST-460,United States,City_21,State_18,52553,Nuts,Central,PROD-007,Cashew Clusters,The Other Factory,2744.61,317,1476.61,1268.0
536,ORD-2023-10536,2023-11-08,2023-11-09,First Class,CUST-319,United States,City_25,State_18,43303,Chocolate,South,PROD-006,Dark Chocolate Truffles,Secret Factory,1559.24,133,894.24,665.0
537,ORD-2023-10537,2023-01-01,2023-01-01,Same Day,CUST-391,United States,City_39,State_1,77844,Chocolate,South,PROD-006,Dark Chocolate Truffles,Secret Factory,2956.55,381,1051.55,1905.0
538,ORD-2023-10538,2023-04-24,2023-04-27,First Class,CUST-122,United States,City_50,State_9,82569,Candy,East,PROD-003,Sour Worms,Sugar Shack,430.62,119,275.92,154.7
539,ORD-2023-10539,2023-01-20,2023-01-30,Standard Class,CUST-241,United States,City_17,State_12,86304,Chocolate,West,PROD-009,Caramel Squares,The Other Factory,1394.97,245,708.97,686.0
540,ORD-2023-10540,2023-02-17,2023-02-18,First Class,CUST-322,United States,City_47,State_3,52558,Chocolate,Central,PROD-004,Peanut Butter Cups,Wicked Choccy's,1902.33,302,996.33,906.0
541,ORD-2023-10541,2023-11-01,2023-11-09,Standard Class,CUST-848,United States,City_37,State_13,20286,Candy,South,PROD-008,Lollipops,Wicked Choccy's,329.65,338,160.65,169.0
542,ORD-2023-10542,2023-08-02,2023-08-02,Same Day,CUST-990,United States,City_50,State_8,95561,Nuts,Central,PROD-001,Chocolate Almonds,Sugar Shack,3404.12,486,2189.12,1215.0
543,ORD-2023-10543,2023-06-06,2023-06-16,Standard Class,CUST-652,United States,City_37,State_5,52838,Nuts,South,PROD-010,Pistachios,Lot's O' Nuts,1953.78,278,702.78,1251.0
544,ORD-2023-10544,2023-12-11,2023-12-17,Standard Class,CUST-556,United States,City_49,State_20,85399,Chocolate,West,PROD-009,Caramel Squares,Wicked Choccy's,3221.35,384,2146.15,1075.2
545,ORD-2023-10545,2023-05-29,2023-05-29,Same Day,CUST-235,United States,City_22,State_3,72371,Chocolate,West,PROD-009,Caramel Squares,Lot's O' Nuts,2412.74,412,1259.14,1153.6
546,ORD-2023-10546,2023-02-13,2023-02-17,First Class,CUST-892,United States,City_45,State_5,27677,Nuts,South,PROD-010,Pistachios,Lot's O' Nuts,2169.38,214,1206.38,963.0
547,ORD-2023-10547,2023-07-22,2023-07-27,Same Day,CUST-674,United States,City_40,State_17,42275,Candy,West,PROD-008,Lollipops,The Other Factory,404.22,343,232.72,171.5
548,ORD-2023-10548,2023-06-15,2023-06-17,Same Day,CUST-191,United States,City_8,State_14,65514,Chocolate,Central,PROD-004,Peanut Butter Cups,Lot's O' Nuts,3117.1,360,2037.1,1080.0
549,ORD-2023-10549,2023-06-26,2023-06-28,First Class,CUST-888,United States,City_20,State_6,55838,Chocolate,West,PROD-006,Dark Chocolate Truffles,Sugar Shack,3898.49,314,2328.49,1570.0
550,ORD-2023-10550,2023-01-23,2023-01-25,Same Day,CUST-304,United States,City_44,State_12,30446,Nuts,West,PROD-010,Pistachios,Secret Factory,5927.7,483,3754.2,2173.5
551,ORD-2023-10551,2023-11-14,2023-11-17,Second Class,CUST-952,United States,City_19,State_1,54993,Candy,East,PROD-002,Gummy Bears,Lot's O' Nuts,999.86,484,419.06,580.8
552,ORD-2023-10552,2023-01-12,2023-01-13,Same Day,CUST-650,United States,City_14,State_7,81620,Candy,South,PROD-002,Gummy Bears,Sugar Shack,389.54,179,174.74,214.8
553,ORD-2023-10553,2023-12-22,2023-12-27,Second Class,CUST-485,United States,City_38,State_17,15699,Chocolate,South,PROD-009,Caramel Squares,Sugar Shack,2571.46,367,1543.86,1027.6
554,ORD-2023-10554,2023-04-13,2023-04-15,First Class,CUST-377,United States,City_4,State_15,95820,Candy,East,PROD-005,Jelly Beans,Wicked Choccy's,1580.31,414,959.31,621.0
555,ORD-2023-10555,2023-12-06,2023-12-11,First Class,CUST-468,United States,City_7,State_1,48337,Nuts,South,PROD-001,Chocolate Almonds,Lot's O' Nuts,3199.27,446,2084.27,1115.0
556,ORD-2023-10556,2023-06-11,2023-06-18,Standard Class,CUST-644,United States,City_6,State_6,36066,Nuts,South,PROD-007,Cashew Clusters,Wicked Choccy's,2889.76,258,1857.76,1032.0
557,ORD-2023-10557,2023-05-07,2023-05-16,Standard Class,CUST-441,United States,City_32,State_13,30578,Chocolate,East,PROD-009,Caramel Squares,Secret Factory,3096.15,482,1746.55,1349.6
558,ORD-2023-10558,2023-11-17,2023-11-17,First Class,CUST-613,United States,City_18,State_2,92023,Nuts,Central,PROD-001,Chocolate Almonds,Sugar Shack,760.27,164,350.27,410.0
559,ORD-2023-10559,2023-04-26,2023-05-01,First Class,CUST-502,United States,City_43,State_5,21507,Candy,East,PROD-005,Jelly Beans,Secret Factory,262.65,87,132.15,130.5
560,ORD-2023-10560,2023-05-04,2023-05-08,Same Day,CUST-419,United States,City_39,State_11,68873,Nuts,West,PROD-007,Cashew Clusters,The Other Factory,2095.7,303,883.7,1212.0
561,ORD-2023-10561,2023-10-25,2023-10-28,Second Class,CUST-307,United States,City_9,State_10,78656,Chocolate,West,PROD-009,Caramel Squares,Wicked Choccy's,2029.95,287,1226.35,803.6
562,ORD-2023-10562,2023-06-12,2023-06-20,Second Class,CUST-836,United States,City_8,State_6,51628,Candy,West,PROD-003,Sour Worms,Secret Factory,133.62,44,76.42,57.2
563,ORD-2023-10563,2023-07-30,2023-08-02,Same Day,CUST-941,United States,City_41,State_9,29917,Candy,Central,PROD-003,Sour Worms,Lot's O' Nuts,464.29,165,249.79,214.5
564,ORD-2023-10564,2023-01-14,2023-01-18,Second Class,CUST-731,United States,City_18,State_20,84323,Chocolate,West,PROD-004,Peanut Butter Cups,Lot's O' Nuts,3574.72,400,2374.72,1200.0
565,ORD-2023-10565,2023-12-18,2023-12-22,Second Class,CUST-804,United States,City_50,State_16,27575,Nuts,West,PROD-010,Pistachios,Wicked Choccy's,211.03,23,107.53,103.5
566,ORD-2023-10566,2023-04-05,2023-04-07,First Class,CUST-585,United States,City_9,State_6,35330,Chocolate,South,PROD-009,Caramel Squares,The Other Factory,2598.99,446,1350.19,1248.8
567,ORD-2023-10567,2023-05-19,2023-05-26,Standard Class,CUST-860,United States,City_43,State_7,36812,Chocolate,South,PROD-004,Peanut Butter Cups,Lot's O' Nuts,3153.91,496,1665.91,1488.0
568,ORD-2023-10568,2023-12-19,2023-12-20,Same Day,CUST-352,United States,City_28,State_13,15482,Candy,South,PROD-002,Gummy Bears,Wicked Choccy's,591.39,176,380.19,211.2
569,ORD-2023-10569,2023-11-10,2023-11-10,Same Day,CUST-708,United States,City_35,State_17,94068,Nuts,Central,PROD-010,Pistachios,Secret Factory,5763.21,490,3558.21,2205.0
570,ORD-2023-10570,2023-08-22,2023-08-27,Same Day,CUST-998,United States,City_16,State_17,80499,Nuts,East,PROD-001,Chocolate Almonds,The Other Factory,3049.02,433,1966.52,1082.5
571,ORD-2023-10571,2023-04-08,2023-04-17,Standard Class,CUST-411,United States,City_50,State_10,70469,Nuts,South,PROD-007,Cashew Clusters,Lot's O' Nuts,1373.33,159,737.33,636.0
572,ORD-2023-10572,2023-12-20,2023-12-28,Standard Class,CUST-574,United States,City_42,State_15,21854,Candy,Central,PROD-003,Sour Worms,Secret Factory,1017.13,274,660.93,356.2
573,ORD-2023-10573,2023-07-21,2023-07-25,Second Class,CUST-125,United States,City_12,State_15,87373,Chocolate,West,PROD-009,Caramel Squares,Lot's O' Nuts,1228.44,221,609.64,618.8
574,ORD-2023-10574,2023-06-15,2023-06-20,First Class,CUST-828,United States,City_11,State_4,21952,Chocolate,East,PROD-004,Peanut Butter Cups,Secret Factory,2700.37,364,1608.37,1092.0
575,ORD-2023-10575,2023-09-26,2023-10-03,Standard Class,CUST-910,United States,City_33,State_20,30958,Candy,Central,PROD-002,Gummy Bears,Secret Factory,926.78,372,480.38,446.4
576,ORD-2023-10576,2023-03-29,2023-04-02,Standard Class,CUST-992,United States,City_43,State_5,31249,Nuts,South,PROD-007,Cashew Clusters,The Other Factory,3821.32,477,1913.32,1908.0
577,ORD-2023-10577,2023-06-07,2023-06-08,Same Day,CUST-556,United States,City_19,State_6,25408,Candy,East,PROD-003,Sour Worms,Wicked Choccy's,566.8,168,348.4,218.4
578,ORD-2023-10578,2023-01-07,2023-01-10,First Class,CUST-610,United States,City_35,State_1,89689,Candy,East,PROD-003,Sour Worms,Wicked Choccy's,712.57,244,395.37,317.2
579,ORD-2023-10579,2023-08-21,2023-08-21,Same Day,CUST-715,United States,City_39,State_1,42075,Candy,West,PROD-008,Lollipops,Wicked Choccy's,236.83,219,127.33,109.5
580,ORD-2023-10580,2023-04-05,2023-04-12,Standard Class,CUST-457,United States,City_3,State_5,14250,Chocolate,West,PROD-009,Caramel Squares,Sugar Shack,376.66,85,138.66,238.0
581,ORD-2023-10581,2023-02-14,2023-02-18,First Class,CUST-282,United States,City_11,State_10,90096,Nuts,Central,PROD-010,Pistachios,The Other Factory,261.97,35,104.47,157.5
582,ORD-2023-10582,2023-10-24,2023-10-28,Same Day,CUST-195,United States,City_50,State_10,52312,Nuts,West,PROD-010,Pistachios,The Other Factory,2529.27,194,1656.27,873.0
583,ORD-2023-10583,2023-10-09,2023-10-14,Same Day,CUST-237,United States,City_8,State_9,53150,Chocolate,East,PROD-006,Dark Chocolate Truffles,Secret Factory,416.94,43,201.94,215.0
584,ORD-2023-10584,2023-11-10,2023-11-18,Second Class,CUST-847,United States,City_41,State_17,21491,Chocolate,West,PROD-009,Caramel Squares,Secret Factory,181.7,39,72.5,109.2
585,ORD-2023-10585,2023-11-08,2023-11-11,Same Day,CUST-638,United States,City_37,State_20,56380,Candy,Central,PROD-008,Lollipops,The Other Factory,438.39,444,216.39,222.0
586,ORD-2023-10586,2023-09-10,2023-09-11,Same Day,CUST-724,United States,City_15,State_10,35369,Candy,South,PROD-003,Sour Worms,The Other Factory,973.25,423,423.35,549.9
587,ORD-2023-10587,2023-11-17,2023-11-17,Same Day,CUST-968,United States,City_14,State_20,64346,Nuts,East,PROD-001,Chocolate Almonds,Lot's O' Nuts,1748.16,417,705.66,1042.5
588,ORD-2023-10588,2023-10-14,2023-10-17,First Class,CUST-111,United States,City_41,State_7,46913,Nuts,Central,PROD-007,Cashew Clusters,Lot's O' Nuts,4146.16,422,2458.16,1688.0
589,ORD-2023-10589,2023-09-17,2023-09-21,First Class,CUST-106,United States,City_8,State_11,54742,Candy,Central,PROD-005,Jelly Beans,Lot's O' Nuts,866.84,291,430.34,436.5
590,ORD-2023-10590,2023-04-10,2023-04-18,Second Class,CUST-788,United States,City_31,State_16,14660,Nuts,East,PROD-007,Cashew Clusters,The Other Factory,1969.53,179,1253.53,716.0
591,ORD-2023-10591,2023-10-02,2023-10-05,Same Day,CUST-902,United States,City_27,State_2,78298,Candy,West,PROD-003,Sour Worms,Secret Factory,1218.42,468,610.02,608.4
592,ORD-2023-10592,2023-04-17,2023-04-24,Standard Class,CUST-918,United States,City_23,State_3,29569,Candy,Central,PROD-005,Jelly Beans,The Other Factory,1156.67,305,699.17,457.5
593,ORD-2023-10593,2023-11-17,2023-11-20,Same Day,CUST-684,United States,City_39,State_13,34560,Candy,Central,PROD-005,Jelly Beans,Lot's O' Nuts,1173.15,283,748.65,424.5
594,ORD-2023-10594,2023-12-30,2024-01-03,First Class,CUST-188,United States,City_32,State_8,58704,Nuts,Central,PROD-010,Pistachios,Lot's O' Nuts,223.15,26,106.15,117.0
595,ORD-2023-10595,2023-03-31,2023-04-03,First Class,CUST-138,United States,City_50,State_7,22137,Candy,West,PROD-008,Lollipops,Sugar Shack,69.05,67,35.55,33.5
596,ORD-2023-10596,2023-09-14,2023-09-19,Same Day,CUST-595,United States,City_47,State_17,50679,Candy,East,PROD-008,Lollipops,The Other Factory,78.55,88,34.55,44.0
597,ORD-2023-10597,2023-04-16,2023-04-20,Second Class,CUST-496,United States,City_46,State_17,25182,Chocolate,East,PROD-006,Dark Chocolate Truffles,Wicked Choccy's,2954.17,380,1054.17,1900.0
598,ORD-2023-10598,2023-06-20,2023-06-27,Standard Class,CUST-205,United States,City_34,State_10,12946,Nuts,East,PROD-001,Chocolate Almonds,Sugar Shack,1764.03,249,1141.53,622.5
599,ORD-2023-10599,2023-04-13,2023-04-15,First Class,CUST-645,United States,City_21,State_15,97965,Nuts,West,PROD-010,Pistachios,Sugar Shack,937.91,108,451.91,486.0
600,ORD-2023-10600,2023-05-21,2023-05-25,Second Class,CUST-737,United States,City_36,State_17,23418,Candy,West,PROD-002,Gummy Bears,Sugar Shack,124.27,68,42.67,81.6
601,ORD-2023-10601,2023-05-19,2023-05-23,First Class,CUST-923,United States,City_19,State_19,42089,Chocolate,Central,PROD-004,Peanut Butter Cups,The Other Factory,717.07,82,471.07,246.0
602,ORD-2023-10602,2023-10-04,2023-10-07,First Class,CUST-129,United States,City_31,State_2,23884,Candy,Central,PROD-003,Sour Worms,Lot's O' Nuts,485.59,237,177.49,308.1
603,ORD-2023-10603,2023-07-20,2023-07-20,Same Day,CUST-706,United States,City_41,State_15,90781,Nuts,East,PROD-007,Cashew Clusters,Lot's O' Nuts,1033.03,101,629.03,404.0
604,ORD-2023-10604,2024-01-01,2024-01-05,Second Class,CUST-646,United States,City_6,State_15,84421,Chocolate,Central,PROD-006,Dark Chocolate Truffles,Sugar Shack,4987.55,398,2997.55,1990.0
605,ORD-2023-10605,2023-08-22,2023-08-31,Standard Class,CUST-827,United States,City_50,State_15,71675,Candy,South,PROD-003,Sour Worms,Lot's O' Nuts,551.83,168,333.43,218.4
606,ORD-2023-10606,2023-07-06,2023-07-08,First Class,CUST-781,United States,City_22,State_11,69412,Chocolate,West,PROD-004,Peanut Butter Cups,Wicked Choccy's,1118.27,210,488.27,630.0
607,ORD-2023-10607,2023-02-27,2023-02-27,Same Day,CUST-966,United States,City_11,State_10,55693,Candy,East,PROD-008,Lollipops,Lot's O' Nuts,209.6,189,115.1,94.5
608,ORD-2023-10608,2023-07-27,2023-08-04,Standard Class,CUST-209,United States,City_21,State_18,95124,Nuts,West,PROD-010,Pistachios,The Other Factory,4952.53,428,3026.53,1926.0
609,ORD-2023-10609,2023-10-30,2023-10-30,Same Day,CUST-349,United States,City_36,State_6,73225,Candy,South,PROD-002,Gummy Bears,Sugar Shack,492.71,221,227.51,265.2
610,ORD-2023-10610,2023-12-22,2023-12-29,Second Class,CUST-545,United States,City_37,State_11,81372,Nuts,Central,PROD-007,Cashew Clusters,Lot's O' Nuts,2679.11,312,1431.11,1248.0
611,ORD-2023-10611,2023-02-28,2023-03-02,Same Day,CUST-433,United States,City_36,State_4,68355,Chocolate,East,PROD-004,Peanut Butter Cups,Wicked Choccy's,2248.07,313,1309.07,939.0
612,ORD-2023-10612,2023-11-03,2023-11-09,Standard Class,CUST-710,United States,City_50,State_13,52914,Candy,South,PROD-003,Sour Worms,Sugar Shack,213.64,65,129.14,84.5
613,ORD-2023-10613,2023-03-13,2023-03-16,Second Class,CUST-873,United States,City_41,State_1,29231,Candy,East,PROD-008,Lollipops,Lot's O' Nuts,550.11,464,318.11,232.0
614,ORD-2023-10614,2023-11-12,2023-11-12,Same Day,CUST-310,United States,City_44,State_11,49286,Candy,Central,PROD-003,Sour Worms,Secret Factory,860.7,305,464.2,396.5
615,ORD-2023-10615,2023-02-15,2023-02-19,First Class,CUST-622,United States,City_26,State_5,48559,Nuts,South,PROD-010,Pistachios,Sugar Shack,2095.88,308,709.88,1386.0
616,ORD-2023-10616,2023-12-27,2024-01-04,Standard Class,CUST-467,United States,City_8,State_10,14087,Nuts,East,PROD-001,Chocolate Almonds,Sugar Shack,2021.04,296,1281.04,740.0
617,ORD-2023-10617,2023-12-31,2024-01-01,First Class,CUST-545,United States,City_35,State_7,96833,Chocolate,South,PROD-004,Peanut Butter Cups,Secret Factory,1297.07,205,682.07,615.0
618,ORD-2023-10618,2023-10-12,2023-10-18,Second Class,CUST-468,United States,City_27,State_5,47810,Candy,West,PROD-003,Sour Worms,Secret Factory,740.46,206,472.66,267.8
619,ORD-2023-10619,2023-11-28,2023-12-04,Standard Class,CUST-598,United States,City_43,State_14,27796,Candy,East,PROD-003,Sour Worms,Wicked Choccy's,40.15,18,16.75,23.4
620,ORD-2023-10620,2023-12-23,2023-12-26,Same Day,CUST-738,United States,City_12,State_15,76770,Candy,South,PROD-002,Gummy Bears,Wicked Choccy's,1108.38,319,725.58,382.8
621,ORD-2023-10621,2023-07-01,2023-07-01,Same Day,CUST-719,United States,City_1,State_19,75294,Nuts,South,PROD-007,Cashew Clusters,The Other Factory,889.34,125,389.34,500.0
622,ORD-2023-10622,2023-10-07,2023-10-10,Same Day,CUST-138,United States,City_37,State_16,58310,Chocolate,Central,PROD-004,Peanut Butter Cups,The Other Factory,1876.17,305,961.17,915.0
623,ORD-2023-10623,2023-03-14,2023-03-22,Standard Class,CUST-979,United States,City_49,State_9,70940,Candy,South,PROD-002,Gummy Bears,The Other Factory,1193.55,383,733.95,459.6
624,ORD-2023-10624,2023-08-30,2023-09-03,Second Class,CUST-784,United States,City_5,State_18,85973,Chocolate,East,PROD-009,Caramel Squares,Lot's O' Nuts,2428.61,332,1499.01,929.6
625,ORD-2023-10625,2023-10-01,2023-10-09,First Class,CUST-564,United States,City_33,State_16,85230,Candy,East,PROD-005,Jelly Beans,The Other Factory,927.9,408,315.9,612.0
626,ORD-2023-10626,2023-05-29,2023-05-30,First Class,CUST-711,United States,City_48,State_10,83886,Chocolate,Central,PROD-006,Dark Chocolate Truffles,Secret Factory,737.67,95,262.67,475.0
627,ORD-2023-10627,2023-10-21,2023-10-27,Second Class,CUST-398,United States,City_48,State_20,13578,Candy,South,PROD-005,Jelly Beans,Lot's O' Nuts,134.16,36,80.16,54.0
628,ORD-2023-10628,2023-09-16,2023-09-23,Second Class,CUST-384,United States,City_17,State_5,90713,Candy,East,PROD-005,Jelly Beans,Secret Factory,204.12,49,130.62,73.5
629,ORD-2023-10629,2023-02-27,2023-03-04,Standard Class,CUST-705,United States,City_48,State_5,96396,Candy,Central,PROD-005,Jelly Beans,Sugar Shack,843.08,319,364.58,478.5
630,ORD-2023-10630,2023-12-25,2023-12-28,First Class,CUST-918,United States,City_34,State_2,54937,Candy,West,PROD-008,Lollipops,Sugar Shack,144.78,130,79.78,65.0
631,ORD-2023-10631,2023-07-31,2023-07-31,Same Day,CUST-776,United States,City_29,State_6,37637,Candy,West,PROD-002,Gummy Bears,Wicked Choccy's,1005.84,404,521.04,484.8
632,ORD-2023-10632,2023-03-01,2023-03-06,First Class,CUST-508,United States,City_31,State_10,72425,Nuts,East,PROD-010,Pistachios,Sugar Shack,283.73,36,121.73,162.0
633,ORD-2023-10633,2023-08-31,2023-09-02,Same Day,CUST-991,United States,City_28,State_1,47852,Chocolate,South,PROD-009,Caramel Squares,Wicked Choccy's,692.59,144,289.39,403.2
634,ORD-2023-10634,2023-02-19,2023-02-25,Standard Class,CUST-462,United States,City_28,State_20,95467,Candy,Central,PROD-008,Lollipops,Secret Factory,550.12,479,310.62,239.5
635,ORD-2023-10635,2023-02-20,2023-02-20,First Class,CUST-500,United States,City_30,State_8,98065,Candy,Central,PROD-005,Jelly Beans,Sugar Shack,521.12,140,311.12,210.0
636,ORD-2023-10636,2023-06-10,2023-06-12,Second Class,CUST-108,United States,City_5,State_1,63903,Nuts,Central,PROD-010,Pistachios,Wicked Choccy's,1978.21,290,673.21,1305.0
637,ORD-2023-10637,2023-06-29,2023-07-05,Same Day,CUST-357,United States,City_13,State_2,13106,Candy,East,PROD-002,Gummy Bears,The Other Factory,378.87,122,232.47,146.4
638,ORD-2023-10638,2023-11-03,2023-11-06,Second Class,CUST-222,United States,City_6,State_20,27027,Nuts,East,PROD-010,Pistachios,Lot's O' Nuts,2544.22,336,1032.22,1512.0
639,ORD-2023-10639,2023-12-23,2023-12-31,Standard Class,CUST-578,United States,City_43,State_3,93726,Nuts,West,PROD-007,Cashew Clusters,The Other Factory,782.08,104,366.08,416.0
640,ORD-2023-10640,2023-05-12,2023-05-13,First Class,CUST-383,United States,City_50,State_2,60174,Candy,South,PROD-008,Lollipops,Sugar Shack,122.87,92,76.87,46.0
641,ORD-2023-10641,2023-05-16,2023-05-19,First Class,CUST-603,United States,City_13,State_20,61463,Nuts,East,PROD-007,Cashew Clusters,Sugar Shack,872.99,101,468.99,404.0
642,ORD-2023-10642,2023-10-04,2023-10-13,Second Class,CUST-728,United States,City_42,State_4,67878,Candy,East,PROD-003,Sour Worms,Secret Factory,1124.75,403,600.85,523.9
643,ORD-2023-10643,2023-02-06,2023-02-10,Standard Class,CUST-895,United States,City_29,State_1,75234,Candy,East,PROD-005,Jelly Beans,Lot's O' Nuts,1173.87,302,720.87,453.0
644,ORD-2023-10644,2023-05-17,2023-05-17,Same Day,CUST-500,United States,City_37,State_1,77552,Candy,East,PROD-003,Sour Worms,Lot's O' Nuts,288.41,87,175.31,113.1
645,ORD-2023-10645,2023-02-05,2023-02-05,Same Day,CUST-493,United States,City_45,State_16,25886,Candy,South,PROD-008,Lollipops,Secret Factory,262.94,286,119.94,143.0
646,ORD-2023-10646,2023-12-16,2023-12-19,First Class,CUST-747,United States,City_42,State_3,57887,Nuts,Central,PROD-010,Pistachios,The Other Factory,1559.93,165,817.43,742.5
647,ORD-2023-10647,2023-05-29,2023-05-29,Same Day,CUST-667,United States,City_3,State_13,96603,Chocolate,East,PROD-009,Caramel Squares,Sugar Shack,1723.11,341,768.31,954.8
648,ORD-2023-10648,2023-11-19,2023-11-25,Standard Class,CUST-186,United States,City_41,State_15,34833,Chocolate,South,PROD-004,Peanut Butter Cups,Sugar Shack,2214.24,362,1128.24,1086.0
649,ORD-2023-10649,2023-10-31,2023-11-06,Standard Class,CUST-164,United States,City_35,State_10,75494,Candy,West,PROD-003,Sour Worms,Lot's O' Nuts,383.33,132,211.73,171.6
650,ORD-2023-10650,2023-06-23,2023-07-03,Standard Class,CUST-838,United States,City_3,State_13,25491,Chocolate,East,PROD-009,Caramel Squares,Secret Factory,213.5,38,107.1,106.4
651,ORD-2023-10651,2023-10-24,2023-10-30,Second Class,CUST-137,United States,City_48,State_5,74080,Chocolate,South,PROD-004,Peanut Butter Cups,The Other Factory,1117.36,129,730.36,387.0
652,ORD-2023-10652,2023-12-26,2024-01-03,Second Class,CUST-276,United States,City_41,State_2,50283,Nuts,East,PROD-001,Chocolate Almonds,Secret Factory,1449.91,342,594.91,855.0
653,ORD-2023-10653,2023-02-24,2023-03-03,Standard Class,CUST-918,United States,City_40,State_8,18271,Candy,West,PROD-002,Gummy Bears,Secret Factory,183.25,68,101.65,81.6
654,ORD-2023-10654,2023-06-16,2023-06-16,Same Day,CUST-689,United States,City_35,State_5,52151,Chocolate,Central,PROD-004,Peanut Butter Cups,Secret Factory,631.29,71,418.29,213.0
655,ORD-2023-10655,2023-02-02,2023-02-07,First Class,CUST-875,United States,City_27,State_6,58487,Chocolate,West,PROD-004,Peanut Butter Cups,Lot's O' Nuts,407.01,71,194.01,213.0
656,ORD-2023-10656,2023-10-25,2023-10-31,Second Class,CUST-910,United States,City_41,State_20,59300,Chocolate,South,PROD-009,Caramel Squares,Wicked Choccy's,142.8,30,58.8,84.0
657,ORD-2023-10657,2023-01-04,2023-01-13,Standard Class,CUST-191,United States,City_46,State_19,47189,Candy,South,PROD-003,Sour Worms,Lot's O' Nuts,29.9,13,13.0,16.9
658,ORD-2023-10658,2023-03-15,2023-03-20,Second Class,CUST-561,United States,City_27,State_8,32878,Nuts,West,PROD-007,Cashew Clusters,Secret Factory,2569.86,337,1221.86,1348.0
659,ORD-2023-10659,2023-11-10,2023-11-11,Same Day,CUST-946,United States,City_20,State_12,64891,Nuts,West,PROD-010,Pistachios,Lot's O' Nuts,3642.69,496,1410.69,2232.0
660,ORD-2023-10660,2023-03-02,2023-03-09,Second Class,CUST-733,United States,City_24,State_18,76524,Nuts,West,PROD-001,Chocolate Almonds,The Other Factory,2083.04,281,1380.54,702.5
661,ORD-2023-10661,2023-01-28,2023-01-31,First Class,CUST-252,United States,City_44,State_16,75210,Chocolate,West,PROD-004,Peanut Butter Cups,Secret Factory,545.77,109,218.77,327.0
662,ORD-2023-10662,2023-11-27,2023-12-02,Standard Class,CUST-545,United States,City_17,State_11,90847,Candy,East,PROD-003,Sour Worms,Wicked Choccy's,491.15,196,236.35,254.8
663,ORD-2023-10663,2023-10-03,2023-10-07,Standard Class,CUST-129,United States,City_32,State_17,25212,Candy,East,PROD-008,Lollipops,Lot's O' Nuts,86.85,100,36.85,50.0
664,ORD-2023-10664,2023-08-03,2023-08-06,First Class,CUST-433,United States,City_15,State_4,52746,Candy,South,PROD-002,Gummy Bears,Wicked Choccy's,349.07,111,215.87,133.2
665,ORD-2023-10665,2023-04-13,2023-04-13,Same Day,CUST-175,United States,City_31,State_19,73492,Chocolate,West,PROD-004,Peanut Butter Cups,Lot's O' Nuts,1719.25,202,1113.25,606.0
666,ORD-2023-10666,2023-11-09,2023-11-15,Second Class,CUST-482,United States,City_9,State_15,35448,Nuts,West,PROD-001,Chocolate Almonds,Secret Factory,1069.09,242,464.09,605.0
667,ORD-2023-10667,2023-03-07,2023-03-09,First Class,CUST-161,United States,City_18,State_5,24563,Chocolate,West,PROD-006,Dark Chocolate Truffles,Sugar Shack,329.98,26,199.98,130.0
668,ORD-2023-10668,2023-06-25,2023-06-29,Second Class,CUST-718,United States,City_11,State_20,32273,Candy,South,PROD-008,Lollipops,Secret Factory,172.61,122,111.61,61.0
669,ORD-2023-10669,2023-07-30,2023-08-05,Standard Class,CUST-982,United States,City_14,State_19,72061,Nuts,West,PROD-010,Pistachios,The Other Factory,4601.83,448,2585.83,2016.0
670,ORD-2023-10670,2023-05-07,2023-05-11,Same Day,CUST-693,United States,City_15,State_19,29525,Candy,East,PROD-008,Lollipops,Sugar Shack,135.38,136,67.38,68.0
671,ORD-2023-10671,2023-01-21,2023-01-31,Standard Class,CUST-616,United States,City_3,State_14,79615,Nuts,South,PROD-010,Pistachios,Lot's O' Nuts,2925.24,250,1800.24,1125.0
672,ORD-2023-10672,2023-09-11,2023-09-13,Same Day,CUST-871,United States,City_1,State_14,38574,Nuts,East,PROD-007,Cashew Clusters,Secret Factory,864.31,133,332.31,532.0
673,ORD-2023-10673,2023-11-28,2023-11-30,Second Class,CUST-785,United States,City_20,State_6,70199,Candy,Central,PROD-003,Sour Worms,Sugar Shack,110.94,56,38.14,72.8
674,ORD-2023-10674,2023-08-26,2023-08-31,Same Day,CUST-820,United States,City_26,State_6,58551,Nuts,East,PROD-010,Pistachios,The Other Factory,3112.71,405,1290.21,1822.5
675,ORD-2023-10675,2023-12-20,2023-12-20,Same Day,CUST-403,United States,City_28,State_9,90281,Candy,East,PROD-008,Lollipops,Lot's O' Nuts,206.67,180,116.67,90.0
676,ORD-2023-10676,2023-11-14,2023-11-22,Standard Class,CUST-156,United States,City_33,State_12,16758,Chocolate,West,PROD-009,Caramel Squares,The Other Factory,2580.56,460,1292.56,1288.0
677,ORD-2023-10677,2023-11-13,2023-11-13,Same Day,CUST-279,United States,City_42,State_18,18782,Candy,Central,PROD-002,Gummy Bears,Secret Factory,73.74,30,37.74,36.0
678,ORD-2023-10678,2023-05-03,2023-05-05,First Class,CUST-589,United States,City_48,State_19,37498,Chocolate,West,PROD-009,Caramel Squares,Wicked Choccy's,1337.61,286,536.81,800.8
679,ORD-2023-10679,2023-09-15,2023-09-16,First Class,CUST-155,United States,City_5,State_12,55249,Chocolate,Central,PROD-004,Peanut Butter Cups,Sugar Shack,2292.34,358,1218.34,1074.0
680,ORD-2023-10680,2023-12-30,2024-01-04,Same Day,CUST-645,United States,City_19,State_15,91389,Candy,East,PROD-008,Lollipops,Secret Factory,354.96,282,213.96,141.0
681,ORD-2023-10681,2023-02-14,2023-02-16,Same Day,CUST-283,United States,City_19,State_3,24334,Chocolate,West,PROD-006,Dark Chocolate Truffles,Lot's O' Nuts,531.94,51,276.94,255.0
682,ORD-2023-10682,2023-09-12,2023-09-16,Second Class,CUST-633,United States,City_41,State_1,48426,Candy,East,PROD-003,Sour Worms,Sugar Shack,318.09,87,204.99,113.1
683,ORD-2023-10683,2023-06-27,2023-06-30,Same Day,CUST-760,United States,City_2,State_10,34780,Nuts,West,PROD-007,Cashew Clusters,The Other Factory,1949.21,225,1049.21,900.0
684,ORD-2023-10684,2023-07-30,2023-08-01,First Class,CUST-761,United States,City_21,State_16,87772,Candy,West,PROD-002,Gummy Bears,Lot's O' Nuts,739.61,306,372.41,367.2
685,ORD-2023-10685,2023-06-05,2023-06-05,Same Day,CUST-908,United States,City_20,State_6,44079,Chocolate,South,PROD-009,Caramel Squares,The Other Factory,1426.26,300,586.26,840.0
686,ORD-2023-10686,2023-01-25,2023-01-28,First Class,CUST-566,United States,City_11,State_20,31075,Chocolate,Central,PROD-004,Peanut Butter Cups,Secret Factory,517.57,85,262.57,255.0
687,ORD-2023-10687,2023-12-29,2024-01-02,Second Class,CUST-913,United States,City_10,State_6,41182,Chocolate,West,PROD-009,Caramel Squares,Sugar Shack,2911.92,364,1892.72,1019.2
688,ORD-2023-10688,2023-08-14,2023-08-19,Second Class,CUST-310,United States,City_36,State_2,97235,Candy,Central,PROD-002,Gummy Bears,Lot's O' Nuts,352.55,143,180.95,171.6
689,ORD-2023-10689,2023-08-18,2023-08-21,First Class,CUST-646,United States,City_20,State_4,13266,Chocolate,West,PROD-006,Dark Chocolate Truffles,Sugar Shack,4237.37,286,2807.37,1430.0
690,ORD-2023-10690,2023-06-13,2023-06-16,Same Day,CUST-856,United States,City_35,State_17,53421,Nuts,West,PROD-007,Cashew Clusters,Secret Factory,536.29,89,180.29,356.0
691,ORD-2023-10691,2023-10-17,2023-10-21,Second Class,CUST-552,United States,City_22,State_4,72781,Candy,Central,PROD-005,Jelly Beans,Secret Factory,1643.25,383,1068.75,574.5
692,ORD-2023-10692,2023-01-13,2023-01-16,First Class,CUST-325,United States,City_29,State_12,22121,Nuts,East,PROD-001,Chocolate Almonds,Wicked Choccy's,1304.13,215,766.63,537.5
693,ORD-2023-10693,2023-05-23,2023-05-26,Second Class,CUST-651,United States,City_29,State_3,77081,Chocolate,West,PROD-006,Dark Chocolate Truffles,Lot's O' Nuts,843.6,110,293.6,550.0
694,ORD-2023-10694,2023-11-05,2023-11-09,First Class,CUST-157,United States,City_43,State_12,62108,Nuts,South,PROD-007,Cashew Clusters,Wicked Choccy's,2893.12,319,1617.12,1276.0
695,ORD-2023-10695,2023-07-10,2023-07-12,Same Day,CUST-459,United States,City_20,State_15,83535,Candy,Central,PROD-003,Sour Worms,Secret Factory,40.08,16,19.28,20.8
696,ORD-2023-10696,2023-08-15,2023-08-17,Same Day,CUST-845,United States,City_28,State_14,28293,Candy,South,PROD-002,Gummy Bears,Wicked Choccy's,328.89,157,140.49,188.4
697,ORD-2023-10697,2023-04-17,2023-04-26,Second Class,CUST-988,United States,City_34,State_11,18665,Nuts,East,PROD-010,Pistachios,The Other Factory,1642.35,165,899.85,742.5
698,ORD-2023-10698,2023-07-29,2023-08-06,Standard Class,CUST-524,United States,City_12,State_18,70570,Nuts,East,PROD-010,Pistachios,Secret Factory,4354.81,337,2838.31,1516.5
699,ORD-2023-10699,2023-07-15,2023-07-18,Second Class,CUST-143,United States,City_20,State_19,49834,Nuts,West,PROD-010,Pistachios,Wicked Choccy's,1657.2,158,946.2,711.0
700,ORD-2023-10700,2023-01-14,2023-01-18,Second Class,CUST-368,United States,City_20,State_16,26276,Candy,South,PROD-008,Lollipops,The Other Factory,312.01,415,104.51,207.5
701,ORD-2023-10701,2023-12-19,2023-12-21,Same Day,CUST-222,United States,City_49,State_9,74625,Candy,West,PROD-005,Jelly Beans,Secret Factory,952.23,340,442.23,510.0
702,ORD-2023-10702,2023-10-17,2023-10-21,Same Day,CUST-743,United States,City_44,State_16,25674,Candy,Central,PROD-002,Gummy Bears,The Other Factory,783.58,233,503.98,279.6
703,ORD-2023-10703,2023-03-25,2023-03-31,First Class,CUST-427,United States,City_30,State_5,56843,Chocolate,East,PROD-006,Dark Chocolate Truffles,The Other Factory,2437.22,307,902.22,1535.0
704,ORD-2023-10704,2023-08-03,2023-08-05,First Class,CUST-464,United States,City_4,State_10,48228,Candy,Central,PROD-003,Sour Worms,Lot's O' Nuts,1249.08,335,813.58,435.5
705,ORD-2023-10705,2023-02-18,2023-02-20,Second Class,CUST-656,United States,City_21,State_11,99780,Chocolate,West,PROD-009,Caramel Squares,Lot's O' Nuts,2326.09,316,1441.29,884.8
706,ORD-2023-10706,2023-10-01,2023-10-06,Standard Class,CUST-247,United States,City_1,State_5,77917,Candy,Central,PROD-005,Jelly Beans,Sugar Shack,930.6,306,471.6,459.0
707,ORD-2023-10707,2023-06-24,2023-06-24,Same Day,CUST-204,United States,City_14,State_5,75979,Candy,South,PROD-005,Jelly Beans,Sugar Shack,2067.95,481,1346.45,721.5
708,ORD-2023-10708,2023-08-24,2023-08-27,Same Day,CUST-938,United States,City_9,State_1,72851,Chocolate,East,PROD-004,Peanut Butter Cups,Wicked Choccy's,2320.18,479,883.18,1437.0
709,ORD-2023-10709,2023-08-15,2023-08-15,Second Class,CUST-635,United States,City_49,State_11,32571,Chocolate,Central,PROD-006,Dark Chocolate Truffles,Sugar Shack,6931.69,465,4606.69,2325.0
710,ORD-2023-10710,2023-03-07,2023-03-11,Second Class,CUST-804,United States,City_15,State_10,26429,Candy,East,PROD-005,Jelly Beans,Lot's O' Nuts,1707.8,448,1035.8,672.0
711,ORD-2023-10711,2023-12-20,2023-12-21,Same Day,CUST-179,United States,City_2,State_16,66524,Chocolate,East,PROD-004,Peanut Butter Cups,Wicked Choccy's,3211.25,400,2011.25,1200.0
712,ORD-2023-10712,2023-12-04,2023-12-10,Standard Class,CUST-580,United States,City_8,State_9,15672,Nuts,East,PROD-001,Chocolate Almonds,Wicked Choccy's,1625.04,272,945.04,680.0
713,ORD-2023-10713,2023-03-05,2023-03-12,Standard Class,CUST-701,United States,City_13,State_6,97896,Candy,East,PROD-002,Gummy Bears,Sugar Shack,1386.83,481,809.63,577.2
714,ORD-2023-10714,2023-05-23,2023-05-26,Second Class,CUST-460,United States,City_11,State_17,90341,Chocolate,East,PROD-006,Dark Chocolate Truffles,Lot's O' Nuts,5864.83,495,3389.83,2475.0
715,ORD-2023-10715,2023-10-24,2023-11-03,Standard Class,CUST-322,United States,City_46,State_7,46943,Chocolate,East,PROD-004,Peanut Butter Cups,The Other Factory,1825.17,400,625.17,1200.0
716,ORD-2023-10716,2023-04-20,2023-05-02,Standard Class,CUST-824,United States,City_31,State_12,87251,Candy,East,PROD-003,Sour Worms,The Other Factory,1410.86,481,785.56,625.3
717,ORD-2023-10717,2023-07-01,2023-07-08,Second Class,CUST-626,United States,City_15,State_14,24790,Candy,East,PROD-003,Sour Worms,Secret Factory,566.5,204,301.3,265.2
718,ORD-2023-10718,2023-09-24,2023-10-03,Standard Class,CUST-469,United States,City_46,State_10,83024,Chocolate,South,PROD-006,Dark Chocolate Truffles,Lot's O' Nuts,886.27,79,491.27,395.0
719,ORD-2023-10719,2023-03-01,2023-03-03,Same Day,CUST-714,United States,City_48,State_10,68190,Nuts,Central,PROD-001,Chocolate Almonds,Lot's O' Nuts,996.4,207,478.9,517.5
720,ORD-2023-10720,2023-08-08,2023-08-10,First Class,CUST-961,United States,City_31,State_12,33500,Chocolate,South,PROD-004,Peanut Butter Cups,The Other Factory,885.68,106,567.68,318.0
721,ORD-2023-10721,2023-08-13,2023-08-17,Same Day,CUST-187,United States,City_8,State_5,61748,Nuts,East,PROD-001,Chocolate Almonds,Secret Factory,1722.82,277,1030.32,692.5
722,ORD-2023-10722,2023-02-03,2023-02-10,Second Class,CUST-446,United States,City_13,State_20,62990,Nuts,East,PROD-007,Cashew Clusters,The Other Factory,2322.84,196,1538.84,784.0
723,ORD-2023-10723,2023-05-23,2023-05-24,Same Day,CUST-695,United States,City_38,State_9,94388,Candy,South,PROD-002,Gummy Bears,Wicked Choccy's,1236.8,401,755.6,481.2
724,ORD-2023-10724,2023-09-06,2023-09-08,Same Day,CUST-886,United States,City_30,State_4,26015,Nuts,South,PROD-007,Cashew Clusters,Sugar Shack,2079.48,271,995.48,1084.0
725,ORD-2023-10725,2023-11-18,2023-11-21,Second Class,CUST-201,United States,City_48,State_2,18942,Candy,South,PROD-005,Jelly Beans,Secret Factory,1256.01,492,518.01,738.0
726,ORD-2023-10726,2023-11-06,2023-11-07,Same Day,CUST-410,United States,City_40,State_20,22626,Candy,West,PROD-008,Lollipops,Lot's O' Nuts,355.29,357,176.79,178.5
727,ORD-2023-10727,2023-04-14,2023-04-15,Same Day,CUST-602,United States,City_33,State_9,81098,Candy,South,PROD-002,Gummy Bears,The Other Factory,478.68,160,286.68,192.0
728,ORD-2023-10728,2023-08-09,2023-08-20,Standard Class,CUST-492,United States,City_29,State_11,59327,Chocolate,East,PROD-006,Dark Chocolate Truffles,The Other Factory,6606.54,460,4306.54,2300.0
729,ORD-2023-10729,2023-04-01,2023-04-09,Standard Class,CUST-898,United States,City_20,State_6,74419,Candy,East,PROD-008,Lollipops,Secret Factory,367.14,295,219.64,147.5
730,ORD-2023-10730,2023-09-07,2023-09-07,Same Day,CUST-791,United States,City_32,State_18,99833,Nuts,Central,PROD-007,Cashew Clusters,Wicked Choccy's,2669.17,401,1065.17,1604.0
731,ORD-2023-10731,2023-10-15,2023-10-16,Same Day,CUST-157,United States,City_26,State_9,74840,Chocolate,South,PROD-009,Caramel Squares,The Other Factory,2170.86,447,919.26,1251.6
732,ORD-2023-10732,2023-06-14,2023-06-15,First Class,CUST-146,United States,City_9,State_12,55727,Nuts,Central,PROD-010,Pistachios,Secret Factory,284.54,41,100.04,184.5
733,ORD-2023-10733,2023-02-19,2023-02-22,Same Day,CUST-465,United States,City_27,State_12,17398,Nuts,Central,PROD-010,Pistachios,Lot's O' Nuts,2079.25,229,1048.75,1030.5
734,ORD-2023-10734,2023-10-31,2023-10-31,First Class,CUST-167,United States,City_20,State_4,54249,Chocolate,West,PROD-004,Peanut Butter Cups,Wicked Choccy's,455.63,53,296.63,159.0
735,ORD-2023-10735,2023-08-24,2023-09-02,Standard Class,CUST-681,United States,City_33,State_14,44946,Candy,Central,PROD-003,Sour Worms,Lot's O' Nuts,1257.21,346,807.41,449.8
736,ORD-2023-10736,2023-07-13,2023-07-18,First Class,CUST-686,United States,City_7,State_16,23114,Nuts,East,PROD-001,Chocolate Almonds,Secret Factory,1574.52,302,819.52,755.0
737,ORD-2023-10737,2023-03-27,2023-03-29,First Class,CUST-546,United States,City_13,State_16,93288,Chocolate,South,PROD-004,Peanut Butter Cups,Sugar Shack,1894.7,324,922.7,972.0
738,ORD-2023-10738,2023-05-16,2023-05-22,First Class,CUST-687,United States,City_26,State_8,91863,Candy,West,PROD-002,Gummy Bears,The Other Factory,79.4,34,38.6,40.8
739,ORD-2023-10739,2023-05-20,2023-05-28,First Class,CUST-643,United States,City_31,State_14,37490,Candy,East,PROD-002,Gummy Bears,The Other Factory,124.06,44,71.26,52.8
740,ORD-2023-10740,2023-08-10,2023-08-15,First Class,CUST-304,United States,City_27,State_13,42933,Chocolate,Central,PROD-006,Dark Chocolate Truffles,Lot's O' Nuts,4030.81,349,2285.81,1745.0
741,ORD-2023-10741,2023-01-10,2023-01-12,Second Class,CUST-983,United States,City_12,State_19,75431,Nuts,South,PROD-010,Pistachios,The Other Factory,3805.67,331,2316.17,1489.5
742,ORD-2023-10742,2023-10-17,2023-10-17,Same Day,CUST-634,United States,City_13,State_12,70619,Chocolate,Central,PROD-004,Peanut Butter Cups,Secret Factory,2796.4,382,1650.4,1146.0
743,ORD-2023-10743,2023-08-11,2023-08-11,First Class,CUST-950,United States,City_5,State_7,64059,Candy,West,PROD-003,Sour Worms,Wicked Choccy's,565.7,220,279.7,286.0
744,ORD-2023-10744,2023-12-18,2023-12-20,First Class,CUST-344,United States,City_8,State_5,35154,Candy,West,PROD-005,Jelly Beans,Sugar Shack,881.67,317,406.17,475.5
745,ORD-2023-10745,2023-09-06,2023-09-08,Same Day,CUST-532,United States,City_42,State_2,36475,Nuts,Central,PROD-001,Chocolate Almonds,Wicked Choccy's,2210.34,296,1470.34,740.0
746,ORD-2023-10746,2023-05-13,2023-05-18,Standard Class,CUST-774,United States,City_36,State_6,94448,Candy,West,PROD-003,Sour Worms,Sugar Shack,1456.0,414,917.8,538.2
747,ORD-2023-10747,2023-02-12,2023-02-21,Standard Class,CUST-987,United States,City_5,State_14,57636,Nuts,East,PROD-001,Chocolate Almonds,Secret Factory,1021.02,170,596.02,425.0
748,ORD-2023-10748,2023-02-27,2023-03-04,Second Class,CUST-223,United States,City_34,State_19,78846,Candy,West,PROD-002,Gummy Bears,Secret Factory,942.86,302,580.46,362.4
749,ORD-2023-10749,2023-11-04,2023-11-10,Second Class,CUST-420,United States,City_22,State_19,61111,Candy,East,PROD-005,Jelly Beans,Secret Factory,287.26,72,179.26,108.0
750,ORD-2023-10750,2023-02-24,2023-02-28,Second Class,CUST-381,United States,City_29,State_14,43332,Chocolate,West,PROD-004,Peanut Butter Cups,Secret Factory,540.89,99,243.89,297.0
751,ORD-2023-10751,2023-12-25,2023-12-29,First Class,CUST-658,United States,City_28,State_16,99487,Nuts,South,PROD-010,Pistachios,Lot's O' Nuts,3718.68,495,1491.18,2227.5
752,ORD-2023-10752,2023-09-01,2023-09-02,First Class,CUST-415,United States,City_2,State_20,14562,Chocolate,West,PROD-004,Peanut Butter Cups,Sugar Shack,2314.21,376,1186.21,1128.0
753,ORD-2023-10753,2023-06-08,2023-06-08,Same Day,CUST-471,United States,City_44,State_4,80111,Nuts,Central,PROD-001,Chocolate Almonds,Wicked Choccy's,2475.03,337,1632.53,842.5
754,ORD-2023-10754,2023-07-21,2023-07-27,Standard Class,CUST-361,United States,City_20,State_3,40862,Chocolate,South,PROD-004,Peanut Butter Cups,Secret Factory,4308.07,484,2856.07,1452.0
755,ORD-2023-10755,2023-11-20,2023-11-20,Same Day,CUST-885,United States,City_42,State_14,14440,Candy,West,PROD-005,Jelly Beans,Wicked Choccy's,727.35,172,469.35,258.0
756,ORD-2023-10756,2023-07-31,2023-08-07,Same Day,CUST-834,United States,City_28,State_4,31016,Candy,South,PROD-005,Jelly Beans,Lot's O' Nuts,2005.03,484,1279.03,726.0
757,ORD-2023-10757,2023-08-04,2023-08-11,First Class,CUST-660,United States,City_48,State_11,69409,Candy,East,PROD-005,Jelly Beans,The Other Factory,1237.27,318,760.27,477.0
758,ORD-2023-10758,2023-11-25,2023-11-26,Same Day,CUST-304,United States,City_41,State_10,51120,Nuts,West,PROD-001,Chocolate Almonds,Lot's O' Nuts,297.16,79,99.66,197.5
759,ORD-2023-10759,2023-05-08,2023-05-10,Second Class,CUST-886,United States,City_42,State_5,87858,Nuts,East,PROD-010,Pistachios,Lot's O' Nuts,3169.24,274,1936.24,1233.0
760,ORD-2023-10760,2023-03-10,2023-03-12,Same Day,CUST-707,United States,City_21,State_10,36039,Nuts,South,PROD-007,Cashew Clusters,Sugar Shack,1006.85,143,434.85,572.0
761,ORD-2023-10761,2023-07-21,2023-07-24,Second Class,CUST-954,United States,City_37,State_8,12717,Candy,Central,PROD-002,Gummy Bears,Secret Factory,1135.46,458,585.86,549.6
762,ORD-2023-10762,2023-08-25,2023-09-03,Standard Class,CUST-972,United States,City_11,State_2,62564,Nuts,West,PROD-001,Chocolate Almonds,The Other Factory,525.22,111,247.72,277.5
763,ORD-2023-10763,2023-02-15,2023-02-22,Second Class,CUST-680,United States,City_8,State_1,78922,Nuts,Central,PROD-010,Pistachios,Secret Factory,4616.73,500,2366.73,2250.0
764,ORD-2023-10764,2023-04-25,2023-04-29,Standard Class,CUST-982,United States,City_18,State_10,74771,Nuts,South,PROD-007,Cashew Clusters,Secret Factory,2707.08,375,1207.08,1500.0
765,ORD-2023-10765,2023-11-04,2023-11-11,Second Class,CUST-389,United States,City_47,State_7,64831,Nuts,South,PROD-007,Cashew Clusters,Wicked Choccy's,1436.55,120,956.55,480.0
766,ORD-2023-10766,2023-05-29,2023-06-05,Standard Class,CUST-561,United States,City_16,State_12,86402,Candy,West,PROD-003,Sour Worms,Secret Factory,346.92,144,159.72,187.2
767,ORD-2023-10767,2023-03-10,2023-03-10,Same Day,CUST-809,United States,City_26,State_7,60265,Candy,East,PROD-008,Lollipops,Lot's O' Nuts,452.55,456,224.55,228.0
768,ORD-2023-10768,2023-02-18,2023-02-27,Standard Class,CUST-440,United States,City_16,State_16,56439,Nuts,Central,PROD-007,Cashew Clusters,The Other Factory,1873.99,295,693.99,1180.0
769,ORD-2023-10769,2023-05-10,2023-05-20,Standard Class,CUST-409,United States,City_26,State_12,27332,Nuts,East,PROD-010,Pistachios,The Other Factory,2929.96,268,1723.96,1206.0
770,ORD-2023-10770,2023-03-28,2023-04-01,First Class,CUST-447,United States,City_30,State_5,21750,Chocolate,West,PROD-009,Caramel Squares,Lot's O' Nuts,1674.07,267,926.47,747.6
771,ORD-2023-10771,2023-05-14,2023-05-19,Second Class,CUST-230,United States,City_32,State_9,57263,Chocolate,South,PROD-006,Dark Chocolate Truffles,The Other Factory,679.62,69,334.62,345.0
772,ORD-2023-10772,2023-09-22,2023-09-22,First Class,CUST-268,United States,City_21,State_16,29826,Nuts,Central,PROD-007,Cashew Clusters,Sugar Shack,1464.49,170,784.49,680.0
773,ORD-2023-10773,2023-03-18,2023-03-26,Second Class,CUST-136,United States,City_31,State_9,31437,Chocolate,East,PROD-009,Caramel Squares,Secret Factory,191.12,37,87.52,103.6
774,ORD-2023-10774,2023-01-21,2023-01-26,Same Day,CUST-826,United States,City_36,State_16,69999,Candy,East,PROD-008,Lollipops,Secret Factory,240.1,236,122.1,118.0
775,ORD-2023-10775,2023-06-28,2023-07-05,Standard Class,CUST-390,United States,City_12,State_6,76681,Candy,West,PROD-008,Lollipops,Lot's O' Nuts,51.46,57,22.96,28.5
776,ORD-2023-10776,2023-09-27,2023-10-04,Standard Class,CUST-526,United States,City_5,State_8,75288,Candy,West,PROD-005,Jelly Beans,The Other Factory,1420.78,402,817.78,603.0
777,ORD-2023-10777,2023-12-15,2023-12-18,First Class,CUST-482,United States,City_38,State_4,52406,Candy,East,PROD-002,Gummy Bears,Sugar Shack,723.01,358,293.41,429.6
778,ORD-2023-10778,2023-12-29,2023-12-29,Same Day,CUST-743,United States,City_18,State_20,96246,Candy,East,PROD-003,Sour Worms,Lot's O' Nuts,1001.34,347,550.24,451.1
779,ORD-2023-10779,2023-06-16,2023-06-18,Same Day,CUST-851,United States,City_37,State_5,37704,Nuts,East,PROD-001,Chocolate Almonds,Sugar Shack,3214.18,495,1976.68,1237.5
780,ORD-2023-10780,2023-02-06,2023-02-11,Standard Class,CUST-490,United States,City_6,State_13,43444,Nuts,Central,PROD-001,Chocolate Almonds,Sugar Shack,2122.69,290,1397.69,725.0
781,ORD-2023-10781,2023-01-11,2023-01-19,Standard Class,CUST-497,United States,City_50,State_13,47347,Candy,South,PROD-003,Sour Worms,Wicked Choccy's,1050.79,446,470.99,579.8
782,ORD-2023-10782,2023-08-10,2023-08-11,Same Day,CUST-417,United States,City_44,State_20,27208,Candy,Central,PROD-003,Sour Worms,Lot's O' Nuts,1359.64,386,857.84,501.8
783,ORD-2023-10783,2023-09-08,2023-09-14,Second Class,CUST-587,United States,City_18,State_19,88687,Chocolate,Central,PROD-006,Dark Chocolate Truffles,Lot's O' Nuts,3365.46,238,2175.46,1190.0
784,ORD-2023-10784,2023-11-11,2023-11-17,First Class,CUST-536,United States,City_6,State_2,77284,Nuts,South,PROD-007,Cashew Clusters,Lot's O' Nuts,903.49,105,483.49,420.0
785,ORD-2023-10785,2023-09-11,2023-09-17,Second Class,CUST-637,United States,City_6,State_10,71370,Chocolate,West,PROD-006,Dark Chocolate Truffles,Secret Factory,3409.85,279,2014.85,1395.0
786,ORD-2023-10786,2023-03-18,2023-03-24,First Class,CUST-407,United States,City_16,State_17,66063,Nuts,South,PROD-007,Cashew Clusters,Lot's O' Nuts,757.94,75,457.94,300.0
787,ORD-2023-10787,2023-01-24,2023-02-04,Standard Class,CUST-535,United States,City_27,State_4,70903,Candy,East,PROD-005,Jelly Beans,The Other Factory,677.87,272,269.87,408.0
788,ORD-2023-10788,2023-10-27,2023-10-28,First Class,CUST-116,United States,City_8,State_15,33534,Nuts,Central,PROD-010,Pistachios,Sugar Shack,608.86,51,379.36,229.5
789,ORD-2023-10789,2023-08-02,2023-08-11,Standard Class,CUST-421,United States,City_38,State_15,97852,Candy,East,PROD-003,Sour Worms,Secret Factory,1522.18,458,926.78,595.4
790,ORD-2023-10790,2023-04-06,2023-04-08,First Class,CUST-864,United States,City_39,State_9,98265,Candy,Central,PROD-008,Lollipops,The Other Factory,104.88,118,45.88,59.0
791,ORD-2023-10791,2023-07-22,2023-07-31,Standard Class,CUST-771,United States,City_31,State_15,63096,Candy,East,PROD-002,Gummy Bears,Secret Factory,125.85,69,43.05,82.8
792,ORD-2023-10792,2023-12-20,2023-12-22,First Class,CUST-791,United States,City_26,State_10,21486,Nuts,Central,PROD-010,Pistachios,Secret Factory,4690.93,354,3097.93,1593.0
793,ORD-2023-10793,2023-02-27,2023-03-03,Second Class,CUST-292,United States,City_2,State_7,73060,Candy,East,PROD-003,Sour Worms,Wicked Choccy's,845.88,427,290.78,555.1
794,ORD-2023-10794,2023-02-14,2023-02-18,Second Class,CUST-251,United States,City_31,State_14,12859,Candy,South,PROD-003,Sour Worms,Wicked Choccy's,565.96,164,352.76,213.2
795,ORD-2023-10795,2023-09-06,2023-09-06,Same Day,CUST-560,United States,City_38,State_8,36389,Candy,West,PROD-002,Gummy Bears,Wicked Choccy's,460.67,251,159.47,301.2
796,ORD-2023-10796,2023-06-20,2023-06-27,Standard Class,CUST-967,United States,City_46,State_14,64484,Candy,South,PROD-005,Jelly Beans,The Other Factory,34.73,14,13.73,21.0
797,ORD-2023-10797,2023-09-07,2023-09-14,Standard Class,CUST-705,United States,City_47,State_20,98954,Candy,Central,PROD-008,Lollipops,The Other Factory,238.52,214,131.52,107.0
798,ORD-2023-10798,2023-08-05,2023-08-12,Standard Class,CUST-165,United States,City_18,State_14,72041,Candy,East,PROD-008,Lollipops,Wicked Choccy's,301.0,305,148.5,152.5
799,ORD-2023-10799,2023-12-24,2023-12-25,Same Day,CUST-394,United States,City_47,State_7,71504,Candy,Central,PROD-002,Gummy Bears,Secret Factory,428.13,233,148.53,279.6
800,ORD-2023-10800,2023-10-28,2023-11-03,Second Class,CUST-716,United States,City_46,State_15,27191,Chocolate,West,PROD-006,Dark Chocolate Truffles,Secret Factory,6002.72,475,3627.72,2375.0
801,ORD-2023-10801,2023-08-30,2023-08-31,First Class,CUST-265,United States,City_40,State_7,47022,Candy,South,PROD-005,Jelly Beans,Secret Factory,1858.11,419,1229.61,628.5
802,ORD-2023-10802,2023-04-13,2023-04-18,Second Class,CUST-203,United States,City_27,State_16,49800,Candy,West,PROD-002,Gummy Bears,Secret Factory,260.13,90,152.13,108.0
803,ORD-2023-10803,2023-07-03,2023-07-09,Standard Class,CUST-793,United States,City_11,State_6,75991,Chocolate,East,PROD-004,Peanut Butter Cups,Wicked Choccy's,2615.55,461,1232.55,1383.0
804,ORD-2023-10804,2023-02-28,2023-03-02,Same Day,CUST-675,United States,City_15,State_16,43793,Nuts,Central,PROD-001,Chocolate Almonds,Lot's O' Nuts,1499.63,326,684.63,815.0
805,ORD-2023-10805,2023-03-19,2023-03-22,First Class,CUST-627,United States,City_39,State_4,16608,Chocolate,East,PROD-006,Dark Chocolate Truffles,Sugar Shack,5653.5,446,3423.5,2230.0
806,ORD-2023-10806,2023-11-09,2023-11-18,Standard Class,CUST-204,United States,City_36,State_2,76493,Candy,East,PROD-008,Lollipops,Secret Factory,430.39,322,269.39,161.0
807,ORD-2023-10807,2023-07-05,2023-07-09,Second Class,CUST-825,United States,City_29,State_17,75325,Candy,East,PROD-002,Gummy Bears,Wicked Choccy's,279.99,90,171.99,108.0
808,ORD-2023-10808,2023-03-12,2023-03-14,First Class,CUST-549,United States,City_27,State_1,42154,Candy,Central,PROD-002,Gummy Bears,Wicked Choccy's,239.58,72,153.18,86.4
809,ORD-2023-10809,2023-02-13,2023-02-17,Second Class,CUST-872,United States,City_27,State_12,92502,Candy,Central,PROD-008,Lollipops,Sugar Shack,150.28,146,77.28,73.0
810,ORD-2023-10810,2023-03-12,2023-03-17,Second Class,CUST-519,United States,City_30,State_17,99417,Chocolate,South,PROD-004,Peanut Butter Cups,Wicked Choccy's,2700.48,420,1440.48,1260.0
811,ORD-2023-10811,2023-01-06,2023-01-13,Second Class,CUST-171,United States,City_6,State_11,51262,Chocolate,South,PROD-006,Dark Chocolate Truffles,Lot's O' Nuts,5107.16,377,3222.16,1885.0
812,ORD-2023-10812,2023-07-21,2023-07-28,Standard Class,CUST-756,United States,City_10,State_19,17577,Nuts,South,PROD-007,Cashew Clusters,Wicked Choccy's,2476.58,398,884.58,1592.0
813,ORD-2023-10813,2023-12-15,2023-12-17,Same Day,CUST-411,United States,City_47,State_11,55109,Chocolate,South,PROD-009,Caramel Squares,Sugar Shack,2401.26,368,1370.86,1030.4
814,ORD-2023-10814,2023-08-17,2023-08-18,Same Day,CUST-657,United States,City_40,State_20,95463,Nuts,West,PROD-001,Chocolate Almonds,Sugar Shack,1532.03,339,684.53,847.5
815,ORD-2023-10815,2023-06-04,2023-06-09,Second Class,CUST-442,United States,City_25,State_5,78219,Candy,South,PROD-008,Lollipops,Sugar Shack,41.22,53,14.72,26.5
816,ORD-2023-10816,2023-09-19,2023-09-24,Standard Class,CUST-448,United States,City_49,State_6,13069,Chocolate,West,PROD-009,Caramel Squares,Sugar Shack,1609.35,292,791.75,817.6
817,ORD-2023-10817,2023-06-05,2023-06-11,Second Class,CUST-617,United States,City_8,State_2,58887,Nuts,Central,PROD-001,Chocolate Almonds,The Other Factory,2032.75,381,1080.25,952.5
818,ORD-2023-10818,2023-01-25,2023-02-02,Standard Class,CUST-227,United States,City_29,State_10,85030,Candy,Central,PROD-005,Jelly Beans,The Other Factory,1474.72,397,879.22,595.5
819,ORD-2023-10819,2023-10-25,2023-10-29,Second Class,CUST-742,United States,City_43,State_18,88059,Nuts,Central,PROD-001,Chocolate Almonds,Secret Factory,1922.55,299,1175.05,747.5
820,ORD-2023-10820,2023-12-08,2023-12-10,First Class,CUST-686,United States,City_44,State_5,59501,Chocolate,Central,PROD-004,Peanut Butter Cups,Sugar Shack,3356.99,411,2123.99,1233.0
821,ORD-2023-10821,2023-09-22,2023-09-23,First Class,CUST-897,United States,City_24,State_15,22843,Chocolate,East,PROD-009,Caramel Squares,Wicked Choccy's,1542.69,308,680.29,862.4
822,ORD-2023-10822,2023-02-17,2023-02-23,Standard Class,CUST-233,United States,City_31,State_7,68479,Candy,South,PROD-003,Sour Worms,Secret Factory,113.92,41,60.62,53.3
823,ORD-2023-10823,2023-05-16,2023-05-19,Same Day,CUST-533,United States,City_29,State_16,64646,Candy,South,PROD-002,Gummy Bears,Sugar Shack,833.65,309,462.85,370.8
824,ORD-2023-10824,2023-12-31,2023-12-31,Same Day,CUST-821,United States,City_33,State_17,25474,Candy,West,PROD-003,Sour Worms,Wicked Choccy's,537.36,244,220.16,317.2
825,ORD-2023-10825,2023-03-22,2023-03-26,Standard Class,CUST-221,United States,City_39,State_14,24461,Chocolate,South,PROD-004,Peanut Butter Cups,Secret Factory,3458.7,493,1979.7,1479.0
826,ORD-2023-10826,2023-09-25,2023-10-01,Standard Class,CUST-412,United States,City_24,State_10,48532,Candy,Central,PROD-002,Gummy Bears,Sugar Shack,177.05,88,71.45,105.6
827,ORD-2023-10827,2023-10-29,2023-11-04,Second Class,CUST-412,United States,City_19,State_7,33996,Candy,West,PROD-008,Lollipops,Lot's O' Nuts,176.96,225,64.46,112.5
828,ORD-2023-10828,2023-02-04,2023-02-04,First Class,CUST-592,United States,City_37,State_10,84155,Candy,East,PROD-008,Lollipops,Lot's O' Nuts,356.5,455,129.0,227.5
829,ORD-2023-10829,2023-11-07,2023-11-08,Same Day,CUST-616,United States,City_41,State_15,68973,Candy,South,PROD-008,Lollipops,Sugar Shack,101.75,77,63.25,38.5
830,ORD-2023-10830,2023-11-16,2023-11-22,Standard Class,CUST-496,United States,City_15,State_13,54433,Candy,Central,PROD-008,Lollipops,Wicked Choccy's,426.19,350,251.19,175.0
831,ORD-2023-10831,2023-11-27,2023-12-01,First Class,CUST-824,United States,City_2,State_19,92589,Chocolate,South,PROD-009,Caramel Squares,Lot's O' Nuts,431.04,55,277.04,154.0
832,ORD-2023-10832,2023-04-09,2023-04-19,Standard Class,CUST-690,United States,City_49,State_2,84743,Candy,East,PROD-005,Jelly Beans,The Other Factory,1817.4,499,1068.9,748.5
833,ORD-2023-10833,2023-03-03,2023-03-09,Standard Class,CUST-284,United States,City_2,State_9,36975,Chocolate,South,PROD-009,Caramel Squares,Wicked Choccy's,2821.79,347,1850.19,971.6
834,ORD-2023-10834,2023-10-01,2023-10-06,Standard Class,CUST-703,United States,City_3,State_16,13049,Chocolate,South,PROD-004,Peanut Butter Cups,The Other Factory,1901.42,320,941.42,960.0
835,ORD-2023-10835,2023-01-13,2023-01-15,Same Day,CUST-491,United States,City_17,State_3,25026,Chocolate,West,PROD-006,Dark Chocolate Truffles,Secret Factory,5156.67,450,2906.67,2250.0
836,ORD-2023-10836,2023-03-15,2023-03-20,First Class,CUST-191,United States,City_10,State_10,63382,Candy,West,PROD-002,Gummy Bears,The Other Factory,232.78,103,109.18,123.6
837,ORD-2023-10837,2023-01-14,2023-01-21,Second Class,CUST-499,United States,City_7,State_11,28672,Candy,Central,PROD-003,Sour Worms,Lot's O' Nuts,774.03,375,286.53,487.5
838,ORD-2023-10838,2023-03-03,2023-03-03,Same Day,CUST-870,United States,City_39,State_19,40997,Nuts,Central,PROD-007,Cashew Clusters,Sugar Shack,259.75,36,115.75,144.0
839,ORD-2023-10839,2023-05-18,2023-05-25,Standard Class,CUST-666,United States,City_27,State_3,73461,Candy,South,PROD-008,Lollipops,The Other Factory,40.54,41,20.04,20.5
840,ORD-2023-10840,2023-05-18,2023-05-25,Standard Class,CUST-791,United States,City_7,State_8,82706,Nuts,West,PROD-001,Chocolate Almonds,Secret Factory,2157.37,293,1424.87,732.5
841,ORD-2023-10841,2023-02-12,2023-02-13,Same Day,CUST-308,United States,City_10,State_12,80836,Candy,South,PROD-003,Sour Worms,Sugar Shack,1413.08,443,837.18,575.9
842,ORD-2023-10842,2023-01-22,2023-01-25,Same Day,CUST-949,United States,City_40,State_10,95597,Candy,South,PROD-003,Sour Worms,Wicked Choccy's,35.35,10,22.35,13.0
843,ORD-2023-10843,2023-05-20,2023-05-20,Same Day,CUST-796,United States,City_25,State_12,92864,Candy,East,PROD-003,Sour Worms,Lot's O' Nuts,770.8,316,360.0,410.8
844,ORD-2023-10844,2023-03-24,2023-04-01,Standard Class,CUST-171,United States,City_20,State_3,61813,Chocolate,Central,PROD-004,Peanut Butter Cups,The Other Factory,2678.52,388,1514.52,1164.0
845,ORD-2023-10845,2023-04-18,2023-04-19,Same Day,CUST-921,United States,City_21,State_11,93252,Candy,Central,PROD-002,Gummy Bears,Wicked Choccy's,872.19,322,485.79,386.4
846,ORD-2023-10846,2023-12-06,2023-12-10,Second Class,CUST-570,United States,City_39,State_11,12080,Candy,Central,PROD-005,Jelly Beans,Secret Factory,525.25,174,264.25,261.0
847,ORD-2023-10847,2023-01-05,2023-01-14,Standard Class,CUST-669,United States,City_45,State_16,61483,Candy,South,PROD-003,Sour Worms,Lot's O' Nuts,810.09,354,349.89,460.2
848,ORD-2023-10848,2023-12-10,2023-12-17,Standard Class,CUST-461,United States,City_25,State_20,56919,Chocolate,East,PROD-009,Caramel Squares,Lot's O' Nuts,1664.55,237,1000.95,663.6
849,ORD-2023-10849,2023-08-25,2023-08-30,Standard Class,CUST-555,United States,City_1,State_8,12592,Nuts,East,PROD-007,Cashew Clusters,Wicked Choccy's,2311.88,199,1515.88,796.0
850,ORD-2023-10850,2023-11-11,2023-11-16,Standard Class,CUST-835,United States,City_15,State_8,74724,Candy,West,PROD-005,Jelly Beans,Sugar Shack,967.61,330,472.61,495.0
851,ORD-2023-10851,2023-12-27,2023-12-29,Same Day,CUST-107,United States,City_13,State_13,24541,Chocolate,Central,PROD-006,Dark Chocolate Truffles,Lot's O' Nuts,4468.77,371,2613.77,1855.0
852,ORD-2023-10852,2023-10-10,2023-10-13,Second Class,CUST-679,United States,City_44,State_20,84074,Candy,South,PROD-005,Jelly Beans,The Other Factory,407.08,109,243.58,163.5
853,ORD-2023-10853,2023-03-07,2023-03-12,Standard Class,CUST-976,United States,City_15,State_17,45956,Candy,West,PROD-003,Sour Worms,Lot's O' Nuts,535.4,142,350.8,184.6
854,ORD-2023-10854,2023-01-02,2023-01-06,Same Day,CUST-789,United States,City_42,State_2,52336,Chocolate,Central,PROD-004,Peanut Butter Cups,Lot's O' Nuts,3146.79,490,1676.79,1470.0
855,ORD-2023-10855,2023-12-15,2023-12-22,Standard Class,CUST-470,United States,City_34,State_2,39431,Nuts,Central,PROD-007,Cashew Clusters,Secret Factory,2419.87,275,1319.87,1100.0
856,ORD-2023-10856,2023-06-11,2023-06-11,Same Day,CUST-442,United States,City_6,State_19,13325,Nuts,South,PROD-001,Chocolate Almonds,Sugar Shack,62.63,12,32.63,30.0
857,ORD-2023-10857,2023-04-11,2023-04-17,Second Class,CUST-164,United States,City_41,State_4,13653,Chocolate,East,PROD-004,Peanut Butter Cups,Secret Factory,562.26,94,280.26,282.0
858,ORD-2023-10858,2023-05-09,2023-05-14,First Class,CUST-344,United States,City_22,State_2,53724,Candy,East,PROD-008,Lollipops,Secret Factory,113.0,136,45.0,68.0
859,ORD-2023-10859,2023-02-18,2023-02-18,Same Day,CUST-227,United States,City_6,State_2,14370,Chocolate,East,PROD-009,Caramel Squares,Wicked Choccy's,2004.79,330,1080.79,924.0
860,ORD-2023-10860,2023-02-01,2023-02-07,Second Class,CUST-156,United States,City_20,State_20,92075,Nuts,East,PROD-007,Cashew Clusters,Sugar Shack,5190.87,480,3270.87,1920.0
861,ORD-2023-10861,2023-10-14,2023-10-19,Standard Class,CUST-490,United States,City_26,State_4,90911,Nuts,East,PROD-007,Cashew Clusters,Lot's O' Nuts,279.7,36,135.7,144.0
862,ORD-2023-10862,2023-07-16,2023-07-16,Same Day,CUST-735,United States,City_40,State_4,54514,Nuts,East,PROD-007,Cashew Clusters,Wicked Choccy's,2660.43,247,1672.43,988.0
863,ORD-2023-10863,2023-02-25,2023-03-03,Second Class,CUST-830,United States,City_5,State_19,35377,Nuts,Central,PROD-001,Chocolate Almonds,Secret Factory,235.36,62,80.36,155.0
864,ORD-2023-10864,2023-08-04,2023-08-08,First Class,CUST-555,United States,City_12,State_8,28045,Nuts,Central,PROD-010,Pistachios,Wicked Choccy's,2980.15,256,1828.15,1152.0
865,ORD-2023-10865,2023-10-27,2023-10-28,First Class,CUST-767,United States,City_49,State_12,50788,Nuts,West,PROD-001,Chocolate Almonds,Lot's O' Nuts,1322.09,233,739.59,582.5
866,ORD-2023-10866,2023-08-29,2023-09-05,Second Class,CUST-398,United States,City_24,State_1,77853,Nuts,West,PROD-010,Pistachios,The Other Factory,1818.18,168,1062.18,756.0
867,ORD-2023-10867,2023-09-17,2023-09-21,Second Class,CUST-979,United States,City_4,State_14,55064,Nuts,East,PROD-010,Pistachios,Wicked Choccy's,5314.21,429,3383.71,1930.5
868,ORD-2023-10868,2023-06-24,2023-06-29,Standard Class,CUST-811,United States,City_45,State_15,88612,Chocolate,West,PROD-004,Peanut Butter Cups,Wicked Choccy's,795.57,106,477.57,318.0
869,ORD-2023-10869,2023-08-03,2023-08-07,First Class,CUST-565,United States,City_3,State_16,38757,Chocolate,Central,PROD-006,Dark Chocolate Truffles,The Other Factory,1551.64,178,661.64,890.0
870,ORD-2023-10870,2023-11-16,2023-11-18,Same Day,CUST-852,United States,City_50,State_11,59271,Nuts,West,PROD-001,Chocolate Almonds,Wicked Choccy's,552.91,119,255.41,297.5
871,ORD-2023-10871,2023-07-05,2023-07-12,Standard Class,CUST-130,United States,City_36,State_4,28664,Chocolate,West,PROD-004,Peanut Butter Cups,Secret Factory,72.48,15,27.48,45.0
872,ORD-2023-10872,2023-01-23,2023-01-26,First Class,CUST-390,United States,City_12,State_8,44340,Candy,West,PROD-005,Jelly Beans,Secret Factory,67.45,25,29.95,37.5
873,ORD-2023-10873,2023-04-11,2023-04-14,Second Class,CUST-368,United States,City_7,State_1,98795,Candy,West,PROD-003,Sour Worms,Sugar Shack,48.16,21,20.86,27.3
874,ORD-2023-10874,2023-04-18,2023-04-22,First Class,CUST-478,United States,City_24,State_6,79065,Candy,East,PROD-003,Sour Worms,Secret Factory,471.37,166,255.57,215.8
875,ORD-2023-10875,2023-03-15,2023-03-24,Standard Class,CUST-913,United States,City_13,State_7,79803,Nuts,East,PROD-010,Pistachios,Secret Factory,5987.49,461,3912.99,2074.5
876,ORD-2023-10876,2023-11-22,2023-11-23,Same Day,CUST-881,United States,City_40,State_19,34785,Nuts,Central,PROD-007,Cashew Clusters,Sugar Shack,1556.02,135,1016.02,540.0
877,ORD-2023-10877,2023-05-07,2023-05-08,First Class,CUST-386,United States,City_9,State_17,86556,Chocolate,West,PROD-009,Caramel Squares,Sugar Shack,253.22,37,149.62,103.6
878,ORD-2023-10878,2023-12-06,2023-12-07,Same Day,CUST-620,United States,City_25,State_17,59055,Candy,East,PROD-008,Lollipops,Wicked Choccy's,258.76,324,96.76,162.0
879,ORD-2023-10879,2023-06-14,2023-06-18,Second Class,CUST-811,United States,City_31,State_16,72096,Candy,South,PROD-008,Lollipops,The Other Factory,385.37,374,198.37,187.0
880,ORD-2023-10880,2023-04-17,2023-04-24,Standard Class,CUST-562,United States,City_16,State_13,38651,Candy,South,PROD-005,Jelly Beans,The Other Factory,520.15,122,337.15,183.0
881,ORD-2023-10881,2023-07-11,2023-07-16,Second Class,CUST-237,United States,City_49,State_3,48672,Candy,South,PROD-005,Jelly Beans,Secret Factory,488.42,140,278.42,210.0
882,ORD-2023-10882,2023-10-26,2023-10-31,Second Class,CUST-736,United States,City_22,State_14,69133,Candy,Central,PROD-008,Lollipops,The Other Factory,34.07,31,18.57,15.5
883,ORD-2023-10883,2023-09-12,2023-09-12,First Class,CUST-125,United States,City_12,State_15,40643,Candy,South,PROD-008,Lollipops,Secret Factory,164.22,172,78.22,86.0
884,ORD-2023-10884,2023-05-31,2023-06-09,Standard Class,CUST-659,United States,City_42,State_3,46231,Candy,Central,PROD-005,Jelly Beans,Lot's O' Nuts,1490.13,441,828.63,661.5
885,ORD-2023-10885,2023-07-04,2023-07-09,Standard Class,CUST-441,United States,City_13,State_11,42771,Chocolate,East,PROD-004,Peanut Butter Cups,Lot's O' Nuts,201.76,29,114.76,87.0
886,ORD-2023-10886,2023-10-06,2023-10-12,Second Class,CUST-888,United States,City_20,State_10,55433,Candy,West,PROD-005,Jelly Beans,Sugar Shack,1353.51,477,638.01,715.5
887,ORD-2023-10887,2023-12-01,2023-12-06,Same Day,CUST-252,United States,City_26,State_8,39743,Nuts,East,PROD-007,Cashew Clusters,Secret Factory,3246.5,272,2158.5,1088.0
888,ORD-2023-10888,2023-08-25,2023-08-27,Same Day,CUST-420,United States,City_13,State_14,64747,Chocolate,West,PROD-004,Peanut Butter Cups,Secret Factory,1483.71,184,931.71,552.0
889,ORD-2023-10889,2023-07-11,2023-07-16,Standard Class,CUST-231,United States,City_20,State_1,75509,Chocolate,South,PROD-004,Peanut Butter Cups,Secret Factory,575.0,81,332.0,243.0
890,ORD-2023-10890,2023-08-06,2023-08-08,Same Day,CUST-881,United States,City_50,State_18,49274,Chocolate,West,PROD-006,Dark Chocolate Truffles,Sugar Shack,4745.24,361,2940.24,1805.0
891,ORD-2023-10891,2023-03-13,2023-03-24,Standard Class,CUST-438,United States,City_37,State_20,89670,Chocolate,East,PROD-006,Dark Chocolate Truffles,The Other Factory,1304.98,88,864.98,440.0
892,ORD-2023-10892,2023-07-20,2023-07-23,Second Class,CUST-292,United States,City_31,State_4,53101,Nuts,South,PROD-010,Pistachios,Secret Factory,435.03,42,246.03,189.0
893,ORD-2023-10893,2023-03-29,2023-04-05,Standard Class,CUST-281,United States,City_3,State_20,74043,Nuts,Central,PROD-010,Pistachios,Secret Factory,712.25,63,428.75,283.5
894,ORD-2023-10894,2023-07-17,2023-07-23,Standard Class,CUST-398,United States,City_43,State_17,19172,Nuts,West,PROD-001,Chocolate Almonds,Wicked Choccy's,700.92,155,313.42,387.5
895,ORD-2023-10895,2023-03-29,2023-04-07,Standard Class,CUST-520,United States,City_26,State_6,24515,Candy,Central,PROD-008,Lollipops,Lot's O' Nuts,246.88,177,158.38,88.5
896,ORD-2023-10896,2023-02-05,2023-02-07,Same Day,CUST-986,United States,City_14,State_5,36958,Candy,South,PROD-003,Sour Worms,The Other Factory,796.8,209,525.1,271.7
897,ORD-2023-10897,2023-11-06,2023-11-08,Second Class,CUST-701,United States,City_13,State_17,99762,Candy,South,PROD-005,Jelly Beans,Secret Factory,1326.38,304,870.38,456.0
898,ORD-2023-10898,2023-03-15,2023-03-21,Standard Class,CUST-508,United States,City_39,State_8,78925,Candy,West,PROD-008,Lollipops,Sugar Shack,189.92,238,70.92,119.0
899,ORD-2023-10899,2023-08-25,2023-08-27,Same Day,CUST-193,United States,City_19,State_15,55453,Chocolate,South,PROD-006,Dark Chocolate Truffles,The Other Factory,2369.11,304,849.11,1520.0
900,ORD-2023-10900,2023-05-08,2023-05-10,Same Day,CUST-850,United States,City_28,State_15,60418,Candy,West,PROD-005,Jelly Beans,Secret Factory,431.77,101,280.27,151.5
901,ORD-2023-10901,2023-12-24,2023-12-30,Same Day,CUST-991,United States,City_11,State_9,92324,Candy,East,PROD-003,Sour Worms,The Other Factory,1005.36,494,363.16,642.2
902,ORD-2023-10902,2023-09-10,2023-09-15,Second Class,CUST-666,United States,City_8,State_12,20031,Chocolate,East,PROD-009,Caramel Squares,Sugar Shack,1840.97,220,1224.97,616.0
903,ORD-2023-10903,2023-08-19,2023-08-22,Same Day,CUST-618,United States,City_3,State_15,13501,Candy,Central,PROD-002,Gummy Bears,The Other Factory,211.97,94,99.17,112.8
904,ORD-2023-10904,2023-07-24,2023-07-26,First Class,CUST-138,United States,City_1,State_9,25031,Candy,South,PROD-002,Gummy Bears,Secret Factory,963.17,448,425.57,537.6
905,ORD-2023-10905,2023-08-25,2023-08-26,Same Day,CUST-772,United States,City_16,State_15,28383,Candy,South,PROD-003,Sour Worms,Sugar Shack,92.88,44,35.68,57.2
906,ORD-2023-10906,2023-01-10,2023-01-14,Second Class,CUST-401,United States,City_8,State_18,61229,Candy,West,PROD-008,Lollipops,Sugar Shack,264.12,320,104.12,160.0
907,ORD-2023-10907,2023-03-20,2023-03-20,First Class,CUST-321,United States,City_46,State_2,98479,Candy,East,PROD-003,Sour Worms,Lot's O' Nuts,622.34,235,316.84,305.5
908,ORD-2023-10908,2023-11-22,2023-11-30,Standard Class,CUST-778,United States,City_46,State_4,61199,Chocolate,South,PROD-009,Caramel Squares,Wicked Choccy's,2718.33,425,1528.33,1190.0
909,ORD-2023-10909,2023-01-25,2023-02-04,Standard Class,CUST-306,United States,City_16,State_12,41265,Candy,East,PROD-005,Jelly Beans,Secret Factory,1255.15,405,647.65,607.5
910,ORD-2023-10910,2023-01-15,2023-01-17,Same Day,CUST-296,United States,City_44,State_3,38910,Chocolate,East,PROD-004,Peanut Butter Cups,Lot's O' Nuts,102.29,17,51.29,51.0
911,ORD-2023-10911,2023-08-01,2023-08-05,Standard Class,CUST-434,United States,City_21,State_18,92154,Candy,West,PROD-002,Gummy Bears,Wicked Choccy's,542.32,272,215.92,326.4
912,ORD-2023-10912,2023-08-08,2023-08-12,Same Day,CUST-208,United States,City_23,State_11,32756,Chocolate,West,PROD-004,Peanut Butter Cups,The Other Factory,393.75,71,180.75,213.0
913,ORD-2023-10913,2023-07-19,2023-07-25,Standard Class,CUST-167,United States,City_43,State_9,95189,Nuts,Central,PROD-001,Chocolate Almonds,Secret Factory,645.51,118,350.51,295.0
914,ORD-2023-10914,2023-04-22,2023-05-01,Standard Class,CUST-713,United States,City_32,State_4,80278,Nuts,East,PROD-010,Pistachios,Sugar Shack,1932.78,220,942.78,990.0
915,ORD-2023-10915,2023-11-04,2023-11-10,Standard Class,CUST-813,United States,City_25,State_5,53522,Nuts,Central,PROD-010,Pistachios,Wicked Choccy's,2353.92,176,1561.92,792.0
916,ORD-2023-10916,2023-06-21,2023-06-27,Standard Class,CUST-699,United States,City_29,State_13,76981,Candy,South,PROD-003,Sour Worms,Sugar Shack,59.6,19,34.9,24.7
917,ORD-2023-10917,2023-01-11,2023-01-20,Second Class,CUST-227,United States,City_20,State_8,66164,Chocolate,East,PROD-004,Peanut Butter Cups,The Other Factory,2572.45,325,1597.45,975.0
918,ORD-2023-10918,2023-03-12,2023-03-23,Standard Class,CUST-306,United States,City_10,State_13,36789,Chocolate,East,PROD-004,Peanut Butter Cups,The Other Factory,1355.6,201,752.6,603.0
919,ORD-2023-10919,2023-03-10,2023-03-13,First Class,CUST-905,United States,City_49,State_2,78271,Nuts,South,PROD-001,Chocolate Almonds,Wicked Choccy's,751.0,152,371.0,380.0
920,ORD-2023-10920,2023-06-19,2023-06-25,Second Class,CUST-652,United States,City_4,State_8,39156,Nuts,East,PROD-007,Cashew Clusters,Sugar Shack,1378.9,185,638.9,740.0
921,ORD-2023-10921,2023-08-15,2023-08-20,Second Class,CUST-990,United States,City_32,State_3,35226,Nuts,Central,PROD-010,Pistachios,Secret Factory,2254.54,332,760.54,1494.0
922,ORD-2023-10922,2023-02-16,2023-02-17,Second Class,CUST-951,United States,City_14,State_8,76509,Nuts,West,PROD-001,Chocolate Almonds,Wicked Choccy's,585.29,98,340.29,245.0
923,ORD-2023-10923,2023-03-26,2023-03-27,First Class,CUST-534,United States,City_12,State_20,42632,Candy,South,PROD-002,Gummy Bears,Secret Factory,816.96,379,362.16,454.8
924,ORD-2023-10924,2023-05-20,2023-05-23,Second Class,CUST-181,United States,City_24,State_13,59508,Candy,South,PROD-005,Jelly Beans,Sugar Shack,1807.56,451,1131.06,676.5
925,ORD-2023-10925,2023-09-16,2023-09-17,Same Day,CUST-878,United States,City_10,State_16,12596,Candy,South,PROD-003,Sour Worms,Secret Factory,1089.36,322,670.76,418.6
926,ORD-2023-10926,2023-11-01,2023-11-04,First Class,CUST-844,United States,City_12,State_9,59866,Nuts,East,PROD-007,Cashew Clusters,Secret Factory,1971.29,285,831.29,1140.0
927,ORD-2023-10927,2023-07-12,2023-07-13,First Class,CUST-173,United States,City_22,State_5,71506,Candy,South,PROD-008,Lollipops,Sugar Shack,357.74,297,209.24,148.5
928,ORD-2023-10928,2023-01-07,2023-01-12,Standard Class,CUST-842,United States,City_24,State_16,63025,Chocolate,West,PROD-004,Peanut Butter Cups,Wicked Choccy's,3045.67,451,1692.67,1353.0
929,ORD-2023-10929,2023-09-08,2023-09-11,Same Day,CUST-702,United States,City_5,State_14,15089,Nuts,Central,PROD-007,Cashew Clusters,Secret Factory,1644.33,167,976.33,668.0
930,ORD-2023-10930,2023-08-12,2023-08-17,Second Class,CUST-869,United States,City_47,State_12,76795,Candy,West,PROD-002,Gummy Bears,Secret Factory,1129.73,500,529.73,600.0
931,ORD-2023-10931,2023-08-06,2023-08-08,Same Day,CUST-589,United States,City_3,State_12,92700,Candy,East,PROD-008,Lollipops,Sugar Shack,360.95,386,167.95,193.0
932,ORD-2023-10932,2023-12-15,2023-12-18,Same Day,CUST-716,United States,City_38,State_6,11617,Nuts,Central,PROD-001,Chocolate Almonds,Wicked Choccy's,399.8,85,187.3,212.5
933,ORD-2023-10933,2023-12-28,2023-12-31,Same Day,CUST-182,United States,City_34,State_7,65436,Candy,South,PROD-002,Gummy Bears,Lot's O' Nuts,1101.57,310,729.57,372.0
934,ORD-2023-10934,2023-09-14,2023-09-14,First Class,CUST-491,United States,City_38,State_10,63950,Candy,Central,PROD-003,Sour Worms,Secret Factory,912.0,282,545.4,366.6
935,ORD-2023-10935,2023-05-18,2023-05-24,Second Class,CUST-866,United States,City_26,State_10,10841,Candy,Central,PROD-002,Gummy Bears,Lot's O' Nuts,855.62,393,384.02,471.6
936,ORD-2023-10936,2023-02-05,2023-02-13,Standard Class,CUST-637,United States,City_27,State_10,66485,Candy,East,PROD-003,Sour Worms,Secret Factory,1342.97,406,815.17,527.8
937,ORD-2023-10937,2023-12-27,2023-12-30,Second Class,CUST-286,United States,City_33,State_4,69069,Candy,Central,PROD-003,Sour Worms,Wicked Choccy's,182.22,78,80.82,101.4
938,ORD-2023-10938,2023-01-31,2023-02-03,Second Class,CUST-877,United States,City_13,State_9,63581,Nuts,West,PROD-010,Pistachios,Wicked Choccy's,3137.49,393,1368.99,1768.5
939,ORD-2023-10939,2023-02-10,2023-02-19,Second Class,CUST-227,United States,City_18,State_3,54846,Candy,East,PROD-008,Lollipops,The Other Factory,130.28,160,50.28,80.0
940,ORD-2023-10940,2023-09-06,2023-09-09,Same Day,CUST-109,United States,City_4,State_9,10947,Nuts,West,PROD-001,Chocolate Almonds,The Other Factory,2337.11,354,1452.11,885.0
941,ORD-2023-10941,2023-09-25,2023-09-26,Second Class,CUST-717,United States,City_34,State_9,73691,Nuts,East,PROD-010,Pistachios,Lot's O' Nuts,2821.59,415,954.09,1867.5
942,ORD-2023-10942,2023-07-09,2023-07-12,First Class,CUST-422,United States,City_16,State_12,97173,Candy,South,PROD-008,Lollipops,Sugar Shack,508.92,359,329.42,179.5
943,ORD-2023-10943,2023-06-19,2023-06-25,First Class,CUST-567,United States,City_45,State_13,28201,Nuts,East,PROD-007,Cashew Clusters,Secret Factory,2785.65,422,1097.65,1688.0
944,ORD-2023-10944,2023-12-25,2023-12-31,First Class,CUST-477,United States,City_29,State_20,99939,Nuts,East,PROD-001,Chocolate Almonds,The Other Factory,2681.74,394,1696.74,985.0
945,ORD-2023-10945,2023-01-02,2023-01-08,Second Class,CUST-932,United States,City_21,State_1,93070,Candy,South,PROD-008,Lollipops,The Other Factory,493.3,336,325.3,168.0
946,ORD-2023-10946,2023-04-30,2023-05-01,Same Day,CUST-856,United States,City_40,State_3,55656,Chocolate,Central,PROD-006,Dark Chocolate Truffles,Lot's O' Nuts,3562.89,320,1962.89,1600.0
947,ORD-2023-10947,2023-05-31,2023-06-02,Same Day,CUST-246,United States,City_34,State_19,76143,Nuts,East,PROD-007,Cashew Clusters,Secret Factory,2294.55,320,1014.55,1280.0
948,ORD-2023-10948,2023-06-04,2023-06-11,Standard Class,CUST-661,United States,City_30,State_6,68495,Nuts,South,PROD-001,Chocolate Almonds,Wicked Choccy's,2735.46,436,1645.46,1090.0
949,ORD-2023-10949,2023-04-19,2023-04-24,Second Class,CUST-775,United States,City_45,State_3,23824,Candy,West,PROD-002,Gummy Bears,Secret Factory,306.12,97,189.72,116.4
950,ORD-2023-10950,2023-07-16,2023-07-18,First Class,CUST-836,United States,City_17,State_16,97897,Nuts,West,PROD-007,Cashew Clusters,Lot's O' Nuts,3088.22,402,1480.22,1608.0
951,ORD-2023-10951,2023-12-21,2023-12-28,Standard Class,CUST-689,United States,City_50,State_20,18476,Candy,South,PROD-002,Gummy Bears,Wicked Choccy's,606.51,180,390.51,216.0
952,ORD-2023-10952,2023-04-30,2023-04-30,Same Day,CUST-397,United States,City_6,State_4,21683,Chocolate,South,PROD-006,Dark Chocolate Truffles,Secret Factory,1170.96,124,550.96,620.0
953,ORD-2023-10953,2023-10-21,2023-10-29,Standard Class,CUST-420,United States,City_25,State_19,10220,Chocolate,West,PROD-006,Dark Chocolate Truffles,The Other Factory,1674.21,198,684.21,990.0
954,ORD-2023-10954,2023-08-05,2023-08-07,Same Day,CUST-916,United States,City_44,State_5,78124,Candy,West,PROD-005,Jelly Beans,Lot's O' Nuts,689.47,173,429.97,259.5
955,ORD-2023-10955,2023-07-22,2023-07-31,Standard Class,CUST-571,United States,City_21,State_5,48905,Nuts,West,PROD-010,Pistachios,The Other Factory,145.37,14,82.37,63.0
956,ORD-2023-10956,2023-11-04,2023-11-08,Second Class,CUST-781,United States,City_45,State_2,88496,Chocolate,South,PROD-004,Peanut Butter Cups,Secret Factory,799.24,155,334.24,465.0
957,ORD-2023-10957,2023-12-28,2024-01-01,First Class,CUST-948,United States,City_14,State_16,48206,Chocolate,East,PROD-006,Dark Chocolate Truffles,Sugar Shack,3359.4,303,1844.4,1515.0
958,ORD-2023-10958,2023-04-18,2023-04-24,Second Class,CUST-929,United States,City_15,State_2,33464,Nuts,Central,PROD-007,Cashew Clusters,Lot's O' Nuts,4615.8,444,2839.8,1776.0
959,ORD-2023-10959,2023-01-12,2023-01-17,Second Class,CUST-532,United States,City_44,State_16,55653,Candy,Central,PROD-008,Lollipops,Secret Factory,302.82,290,157.82,145.0
960,ORD-2023-10960,2023-05-25,2023-05-30,First Class,CUST-817,United States,City_36,State_13,22755,Nuts,East,PROD-007,Cashew Clusters,Secret Factory,4223.05,366,2759.05,1464.0
961,ORD-2023-10961,2023-08-23,2023-08-27,First Class,CUST-240,United States,City_29,State_16,48152,Candy,East,PROD-003,Sour Worms,Sugar Shack,782.88,345,334.38,448.5
962,ORD-2023-10962,2023-11-30,2023-12-04,Second Class,CUST-976,United States,City_37,State_4,98908,Candy,West,PROD-003,Sour Worms,Wicked Choccy's,37.19,14,18.99,18.2
963,ORD-2023-10963,2023-01-29,2023-02-01,Second Class,CUST-585,United States,City_12,State_2,25380,Candy,South,PROD-003,Sour Worms,Secret Factory,155.96,59,79.26,76.7
964,ORD-2023-10964,2023-11-18,2023-11-23,Second Class,CUST-134,United States,City_8,State_8,61989,Chocolate,South,PROD-009,Caramel Squares,Sugar Shack,2234.88,379,1173.68,1061.2
965,ORD-2023-10965,2023-12-21,2023-12-22,Same Day,CUST-191,United States,City_50,State_15,95237,Candy,West,PROD-008,Lollipops,Sugar Shack,522.52,417,314.02,208.5
966,ORD-2023-10966,2023-01-06,2023-01-09,First Class,CUST-224,United States,City_32,State_17,39482,Nuts,South,PROD-007,Cashew Clusters,Sugar Shack,475.68,71,191.68,284.0
967,ORD-2023-10967,2023-12-22,2023-12-23,First Class,CUST-707,United States,City_12,State_13,73463,Nuts,South,PROD-001,Chocolate Almonds,The Other Factory,1604.89,391,627.39,977.5
968,ORD-2023-10968,2023-06-16,2023-06-24,Standard Class,CUST-982,United States,City_35,State_6,63127,Nuts,West,PROD-007,Cashew Clusters,Sugar Shack,431.87,42,263.87,168.0
969,ORD-2023-10969,2023-09-23,2023-09-27,Standard Class,CUST-830,United States,City_42,State_4,37192,Nuts,South,PROD-001,Chocolate Almonds,Secret Factory,2602.91,438,1507.91,1095.0
970,ORD-2023-10970,2023-10-12,2023-10-15,Standard Class,CUST-225,United States,City_3,State_5,85377,Candy,West,PROD-002,Gummy Bears,Wicked Choccy's,771.34,238,485.74,285.6
971,ORD-2023-10971,2023-01-18,2023-01-20,First Class,CUST-618,United States,City_20,State_12,81359,Chocolate,East,PROD-004,Peanut Butter Cups,Wicked Choccy's,472.21,53,313.21,159.0
972,ORD-2023-10972,2023-06-03,2023-06-09,Second Class,CUST-631,United States,City_19,State_18,68316,Candy,East,PROD-003,Sour Worms,Secret Factory,125.24,33,82.34,42.9
973,ORD-2023-10973,2023-09-25,2023-09-28,First Class,CUST-460,United States,City_39,State_18,76924,Candy,South,PROD-003,Sour Worms,The Other Factory,1843.42,476,1224.62,618.8
974,ORD-2023-10974,2023-01-19,2023-01-21,Second Class,CUST-976,United States,City_14,State_5,88924,Chocolate,East,PROD-004,Peanut Butter Cups,Lot's O' Nuts,544.58,106,226.58,318.0
975,ORD-2023-10975,2023-03-07,2023-03-09,First Class,CUST-176,United States,City_36,State_9,44167,Chocolate,Central,PROD-009,Caramel Squares,Wicked Choccy's,2609.65,383,1537.25,1072.4
976,ORD-2023-10976,2023-02-12,2023-02-13,Same Day,CUST-535,United States,City_45,State_5,80242,Nuts,South,PROD-007,Cashew Clusters,Wicked Choccy's,3709.86,493,1737.86,1972.0
977,ORD-2023-10977,2024-01-01,2024-01-06,Second Class,CUST-763,United States,City_33,State_20,31501,Chocolate,Central,PROD-004,Peanut Butter Cups,Lot's O' Nuts,1407.28,200,807.28,600.0
978,ORD-2023-10978,2023-07-14,2023-07-14,Same Day,CUST-353,United States,City_5,State_9,26334,Nuts,Central,PROD-007,Cashew Clusters,Wicked Choccy's,271.03,23,179.03,92.0
979,ORD-2023-10979,2023-06-18,2023-06-25,Standard Class,CUST-441,United States,City_50,State_9,29179,Chocolate,South,PROD-009,Caramel Squares,Lot's O' Nuts,1541.33,337,597.73,943.6
980,ORD-2023-10980,2023-07-13,2023-07-21,Standard Class,CUST-207,United States,City_8,State_6,79006,Chocolate,East,PROD-004,Peanut Butter Cups,Sugar Shack,763.07,123,394.07,369.0
981,ORD-2023-10981,2023-09-28,2023-10-05,Standard Class,CUST-986,United States,City_19,State_18,45527,Candy,South,PROD-005,Jelly Beans,The Other Factory,719.29,188,437.29,282.0
982,ORD-2023-10982,2023-06-12,2023-06-15,Second Class,CUST-285,United States,City_23,State_18,82308,Nuts,East,PROD-010,Pistachios,Lot's O' Nuts,5841.62,494,3618.62,2223.0
983,ORD-2023-10983,2023-05-13,2023-05-15,Second Class,CUST-830,United States,City_10,State_5,28700,Nuts,South,PROD-010,Pistachios,Secret Factory,159.39,14,96.39,63.0
984,ORD-2023-10984,2023-11-24,2023-12-01,Standard Class,CUST-355,United States,City_44,State_20,64820,Nuts,Central,PROD-007,Cashew Clusters,The Other Factory,2038.76,199,1242.76,796.0
985,ORD-2023-10985,2023-08-28,2023-08-31,First Class,CUST-538,United States,City_34,State_8,50001,Candy,South,PROD-008,Lollipops,Wicked Choccy's,257.69,267,124.19,133.5
986,ORD-2023-10986,2023-02-16,2023-02-17,First Class,CUST-847,United States,City_16,State_3,31641,Candy,South,PROD-002,Gummy Bears,Sugar Shack,648.98,334,248.18,400.8
987,ORD-2023-10987,2023-10-11,2023-10-13,First Class,CUST-995,United States,City_1,State_14,98740,Nuts,East,PROD-010,Pistachios,Lot's O' Nuts,4887.22,485,2704.72,2182.5
988,ORD-2023-10988,2023-09-21,2023-09-24,Same Day,CUST-645,United States,City_45,State_4,63145,Chocolate,South,PROD-009,Caramel Squares,Wicked Choccy's,3020.91,360,2012.91,1008.0
989,ORD-2023-10989,2024-01-01,2024-01-10,Standard Class,CUST-867,United States,City_23,State_8,96661,Nuts,West,PROD-001,Chocolate Almonds,The Other Factory,1449.33,227,881.83,567.5
990,ORD-2023-10990,2023-03-28,2023-04-03,Same Day,CUST-882,United States,City_34,State_8,32913,Chocolate,East,PROD-009,Caramel Squares,The Other Factory,2877.91,355,1883.91,994.0
991,ORD-2023-10991,2023-01-27,2023-01-29,First Class,CUST-274,United States,City_24,State_4,54296,Candy,West,PROD-002,Gummy Bears,Sugar Shack,608.37,226,337.17,271.2
992,ORD-2023-10992,2023-06-03,2023-06-07,First Class,CUST-318,United States,City_1,State_19,61592,Chocolate,East,PROD-004,Peanut Butter Cups,The Other Factory,1495.98,257,724.98,771.0
993,ORD-2023-10993,2023-11-13,2023-11-15,Same Day,CUST-464,United States,City_1,State_20,70339,Chocolate,East,PROD-004,Peanut Butter Cups,Sugar Shack,2973.56,444,1641.56,1332.0
994,ORD-2023-10994,2023-01-03,2023-01-07,Standard Class,CUST-290,United States,City_26,State_12,11161,Chocolate,Central,PROD-006,Dark Chocolate Truffles,Sugar Shack,2679.35,189,1734.35,945.0
995,ORD-2023-10995,2023-02-13,2023-02-14,Second Class,CUST-257,United States,City_27,State_4,73886,Candy,South,PROD-002,Gummy Bears,Secret Factory,763.22,280,427.22,336.0
996,ORD-2023-10996,2023-08-29,2023-09-02,Second Class,CUST-473,United States,City_28,State_6,80310,Nuts,Central,PROD-001,Chocolate Almonds,Wicked Choccy's,1092.58,212,562.58,530.0
997,ORD-2023-10997,2023-03-24,2023-03-30,Same Day,CUST-544,United States,City_1,State_12,36013,Candy,South,PROD-005,Jelly Beans,Lot's O' Nuts,246.72,81,125.22,121.5
998,ORD-2023-10998,2023-03-10,2023-03-17,Standard Class,CUST-439,United States,City_3,State_6,97320,Candy,Central,PROD-002,Gummy Bears,Wicked Choccy's,542.27,212,287.87,254.4
999,ORD-2023-10999,2023-08-04,2023-08-09,Standard Class,CUST-919,United States,City_44,State_5,52583,Chocolate,Central,PROD-004,Peanut Butter Cups,Secret Factory,1813.64,260,1033.64,780.0
1000,ORD-2023-11000,2023-02-26,2023-03-03,Second Class,CUST-121,United States,City_9,State_5,55104,Nuts,South,PROD-007,Cashew Clusters,The Other Factory,3323.64,500,1323.64,2000.0
1001,ORD-2023-11001,2023-12-14,2023-12-21,Standard Class,CUST-711,United States,City_48,State_1,66928,Chocolate,West,PROD-009,Caramel Squares,Lot's O' Nuts,2446.45,434,1231.25,1215.2
1002,ORD-2023-11002,2023-02-12,2023-02-12,Same Day,CUST-732,United States,City_10,State_17,34492,Candy,Central,PROD-008,Lollipops,Sugar Shack,427.61,399,228.11,199.5
1003,ORD-2023-11003,2023-12-25,2023-12-29,First Class,CUST-539,United States,City_13,State_16,23508,Chocolate,East,PROD-004,Peanut Butter Cups,Sugar Shack,1019.79,136,611.79,408.0
1004,ORD-2023-11004,2023-10-30,2023-11-05,Second Class,CUST-334,United States,City_8,State_5,62596,Chocolate,West,PROD-009,Caramel Squares,The Other Factory,2279.11,332,1349.51,929.6
1005,ORD-2023-11005,2023-08-07,2023-08-12,Second Class,CUST-193,United States,City_4,State_13,63385,Nuts,West,PROD-001,Chocolate Almonds,Sugar Shack,115.17,19,67.67,47.5
1006,ORD-2023-11006,2023-06-22,2023-06-26,Second Class,CUST-622,United States,City_28,State_2,49883,Chocolate,West,PROD-009,Caramel Squares,Sugar Shack,1416.48,228,778.08,638.4
1007,ORD-2023-11007,2023-06-29,2023-06-30,First Class,CUST-427,United States,City_4,State_6,15359,Candy,Central,PROD-002,Gummy Bears,Sugar Shack,954.65,374,505.85,448.8
1008,ORD-2023-11008,2023-05-27,2023-06-02,Second Class,CUST-721,United States,City_7,State_14,34227,Nuts,Central,PROD-001,Chocolate Almonds,Lot's O' Nuts,1204.95,251,577.45,627.5
1009,ORD-2023-11009,2023-06-05,2023-06-08,First Class,CUST-113,United States,City_44,State_18,27079,Candy,Central,PROD-005,Jelly Beans,Secret Factory,165.36,67,64.86,100.5
1010,ORD-2023-11010,2023-05-02,2023-05-02,First Class,CUST-698,United States,City_25,State_3,23941,Chocolate,Central,PROD-006,Dark Chocolate Truffles,Sugar Shack,3272.8,342,1562.8,1710.0
1011,ORD-2023-11011,2023-10-28,2023-11-09,Standard Class,CUST-937,United States,City_13,State_7,68427,Candy,East,PROD-003,Sour Worms,The Other Factory,1752.44,477,1132.34,620.1
1012,ORD-2023-11012,2023-08-31,2023-09-04,First Class,CUST-838,United States,City_10,State_2,26755,Candy,Central,PROD-002,Gummy Bears,Lot's O' Nuts,863.28,399,384.48,478.8
1013,ORD-2023-11013,2023-07-07,2023-07-11,First Class,CUST-220,United States,City_28,State_3,73284,Chocolate,Central,PROD-004,Peanut Butter Cups,Secret Factory,1752.92,239,1035.92,717.0
1014,ORD-2023-11014,2023-11-03,2023-11-11,Second Class,CUST-232,United States,City_19,State_2,84209,Nuts,East,PROD-007,Cashew Clusters,The Other Factory,1527.04,150,927.04,600.0
1015,ORD-2023-11015,2023-12-17,2023-12-21,Same Day,CUST-176,United States,City_11,State_15,76752,Nuts,South,PROD-001,Chocolate Almonds,Wicked Choccy's,1977.8,282,1272.8,705.0
1016,ORD-2023-11016,2023-11-07,2023-11-08,Same Day,CUST-103,United States,City_11,State_19,38548,Nuts,South,PROD-007,Cashew Clusters,The Other Factory,1078.99,149,482.99,596.0
1017,ORD-2023-11017,2023-06-05,2023-06-09,First Class,CUST-825,United States,City_18,State_18,25611,Nuts,South,PROD-010,Pistachios,Lot's O' Nuts,3673.82,446,1666.82,2007.0
1018,ORD-2023-11018,2023-05-30,2023-06-03,Second Class,CUST-384,United States,City_9,State_9,16752,Candy,East,PROD-003,Sour Worms,Wicked Choccy's,95.92,30,56.92,39.0
1019,ORD-2023-11019,2023-11-29,2023-12-05,Standard Class,CUST-477,United States,City_21,State_3,81994,Chocolate,East,PROD-004,Peanut Butter Cups,Wicked Choccy's,1373.9,187,812.9,561.0
1020,ORD-2023-11020,2023-06-16,2023-06-20,First Class,CUST-110,United States,City_23,State_8,46659,Candy,South,PROD-005,Jelly Beans,Wicked Choccy's,142.68,39,84.18,58.5
1021,ORD-2023-11021,2023-12-19,2023-12-27,Standard Class,CUST-363,United States,City_41,State_20,82204,Candy,East,PROD-003,Sour Worms,Sugar Shack,777.78,205,511.28,266.5
1022,ORD-2023-11022,2023-05-18,2023-05-21,First Class,CUST-927,United States,City_49,State_13,30400,Chocolate,West,PROD-004,Peanut Butter Cups,Secret Factory,811.39,114,469.39,342.0
1023,ORD-2023-11023,2023-03-17,2023-03-20,First Class,CUST-607,United States,City_12,State_15,34251,Candy,South,PROD-008,Lollipops,Wicked Choccy's,522.46,471,286.96,235.5
1024,ORD-2023-11024,2023-11-28,2023-12-06,Second Class,CUST-266,United States,City_12,State_13,89668,Candy,South,PROD-003,Sour Worms,Wicked Choccy's,306.62,154,106.42,200.2
1025,ORD-2023-11025,2023-08-07,2023-08-15,Standard Class,CUST-760,United States,City_26,State_4,79045,Chocolate,West,PROD-004,Peanut Butter Cups,Lot's O' Nuts,883.93,135,478.93,405.0
1026,ORD-2023-11026,2023-07-16,2023-07-16,Same Day,CUST-113,United States,City_49,State_2,27324,Candy,East,PROD-003,Sour Worms,Lot's O' Nuts,43.29,20,17.29,26.0
1027,ORD-2023-11027,2023-11-18,2023-11-24,Second Class,CUST-109,United States,City_7,State_18,54353,Chocolate,Central,PROD-004,Peanut Butter Cups,Lot's O' Nuts,1445.75,317,494.75,951.0
1028,ORD-2023-11028,2023-10-16,2023-10-16,Same Day,CUST-267,United States,City_20,State_11,72771,Candy,West,PROD-002,Gummy Bears,Wicked Choccy's,1211.5,466,652.3,559.2
1029,ORD-2023-11029,2023-11-18,2023-11-21,First Class,CUST-944,United States,City_3,State_4,81387,Candy,East,PROD-003,Sour Worms,Wicked Choccy's,630.72,288,256.32,374.4
1030,ORD-2023-11030,2023-01-01,2023-01-07,Second Class,CUST-332,United States,City_28,State_13,29316,Candy,South,PROD-005,Jelly Beans,Lot's O' Nuts,1313.99,477,598.49,715.5
1031,ORD-2023-11031,2023-12-18,2023-12-19,Same Day,CUST-215,United States,City_32,State_6,24435,Chocolate,West,PROD-006,Dark Chocolate Truffles,Sugar Shack,5941.96,462,3631.96,2310.0
1032,ORD-2023-11032,2023-02-09,2023-02-11,First Class,CUST-469,United States,City_6,State_2,89233,Chocolate,Central,PROD-004,Peanut Butter Cups,Lot's O' Nuts,1950.57,325,975.57,975.0
1033,ORD-2023-11033,2023-11-04,2023-11-08,First Class,CUST-253,United States,City_43,State_10,91888,Candy,South,PROD-003,Sour Worms,Wicked Choccy's,334.04,102,201.44,132.6
1034,ORD-2023-11034,2023-09-13,2023-09-17,First Class,CUST-371,United States,City_46,State_3,10285,Candy,East,PROD-005,Jelly Beans,Sugar Shack,1072.02,348,550.02,522.0
1035,ORD-2023-11035,2023-07-19,2023-07-23,Second Class,CUST-904,United States,City_31,State_3,24832,Candy,Central,PROD-003,Sour Worms,Wicked Choccy's,798.88,238,489.48,309.4
1036,ORD-2023-11036,2023-02-16,2023-02-22,Second Class,CUST-286,United States,City_50,State_13,56217,Nuts,Central,PROD-010,Pistachios,Secret Factory,2356.32,175,1568.82,787.5
1037,ORD-2023-11037,2023-12-22,2023-12-22,Same Day,CUST-751,United States,City_22,State_5,95715,Chocolate,South,PROD-006,Dark Chocolate Truffles,Secret Factory,2654.89,221,1549.89,1105.0
1038,ORD-2023-11038,2023-10-03,2023-10-03,Same Day,CUST-649,United States,City_15,State_13,20959,Chocolate,South,PROD-004,Peanut Butter Cups,Secret Factory,1900.83,283,1051.83,849.0
1039,ORD-2023-11039,2023-05-01,2023-05-09,Standard Class,CUST-971,United States,City_2,State_12,83187,Nuts,West,PROD-010,Pistachios,Secret Factory,1320.02,195,442.52,877.5
1040,ORD-2023-11040,2023-06-28,2023-07-05,Standard Class,CUST-987,United States,City_50,State_5,48626,Candy,East,PROD-008,Lollipops,Wicked Choccy's,268.99,194,171.99,97.0
1041,ORD-2023-11041,2023-04-18,2023-04-25,Second Class,CUST-864,United States,City_9,State_4,28753,Candy,South,PROD-008,Lollipops,Wicked Choccy's,397.68,433,181.18,216.5
1042,ORD-2023-11042,2023-01-28,2023-02-02,First Class,CUST-695,United States,City_5,State_16,87847,Nuts,South,PROD-007,Cashew Clusters,Lot's O' Nuts,2448.71,369,972.71,1476.0
1043,ORD-2023-11043,2023-03-14,2023-03-17,First Class,CUST-112,United States,City_37,State_14,29623,Candy,West,PROD-003,Sour Worms,Lot's O' Nuts,121.39,50,56.39,65.0
1044,ORD-2023-11044,2023-08-29,2023-09-01,First Class,CUST-554,United States,City_42,State_1,47587,Candy,West,PROD-003,Sour Worms,Secret Factory,738.98,220,452.98,286.0
1045,ORD-2023-11045,2023-11-06,2023-11-12,Standard Class,CUST-264,United States,City_1,State_13,65524,Candy,East,PROD-002,Gummy Bears,Wicked Choccy's,832.3,394,359.5,472.8
1046,ORD-2023-11046,2023-12-30,2024-01-03,First Class,CUST-260,United States,City_18,State_3,78354,Candy,Central,PROD-008,Lollipops,The Other Factory,134.54,126,71.54,63.0
1047,ORD-2023-11047,2023-11-13,2023-11-13,Same Day,CUST-288,United States,City_48,State_18,89309,Nuts,West,PROD-007,Cashew Clusters,Wicked Choccy's,277.91,38,125.91,152.0
1048,ORD-2023-11048,2023-12-01,2023-12-01,First Class,CUST-489,United States,City_11,State_2,58690,Candy,South,PROD-002,Gummy Bears,Secret Factory,854.86,338,449.26,405.6
1049,ORD-2023-11049,2023-02-23,2023-03-02,Standard Class,CUST-897,United States,City_22,State_1,41395,Nuts,Central,PROD-007,Cashew Clusters,Wicked Choccy's,400.63,49,204.63,196.0
1050,ORD-2023-11050,2023-04-19,2023-04-26,Standard Class,CUST-416,United States,City_13,State_18,36440,Candy,East,PROD-005,Jelly Beans,Wicked Choccy's,716.53,315,244.03,472.5
1051,ORD-2023-11051,2023-10-19,2023-10-24,Standard Class,CUST-909,United States,City_31,State_2,16297,Nuts,Central,PROD-001,Chocolate Almonds,Wicked Choccy's,1171.57,299,424.07,747.5
1052,ORD-2023-11052,2023-07-02,2023-07-10,Standard Class,CUST-507,United States,City_33,State_7,51218,Chocolate,Central,PROD-006,Dark Chocolate Truffles,Lot's O' Nuts,3789.5,394,1819.5,1970.0
1053,ORD-2023-11053,2023-06-19,2023-06-25,Standard Class,CUST-615,United States,City_7,State_17,29685,Nuts,West,PROD-007,Cashew Clusters,Sugar Shack,2480.64,218,1608.64,872.0
1054,ORD-2023-11054,2023-10-28,2023-10-29,Same Day,CUST-397,United States,City_11,State_5,99440,Nuts,South,PROD-001,Chocolate Almonds,The Other Factory,3153.08,454,2018.08,1135.0
1055,ORD-2023-11055,2023-04-21,2023-04-23,Second Class,CUST-244,United States,City_50,State_6,75748,Candy,East,PROD-008,Lollipops,Lot's O' Nuts,533.44,423,321.94,211.5
1056,ORD-2023-11056,2023-03-09,2023-03-11,Same Day,CUST-738,United States,City_28,State_2,99505,Chocolate,Central,PROD-009,Caramel Squares,The Other Factory,992.14,183,479.74,512.4
1057,ORD-2023-11057,2023-03-20,2023-03-24,Standard Class,CUST-609,United States,City_7,State_1,28693,Nuts,West,PROD-007,Cashew Clusters,Wicked Choccy's,2930.02,300,1730.02,1200.0
1058,ORD-2023-11058,2023-02-18,2023-02-25,Same Day,CUST-402,United States,City_11,State_3,46715,Candy,East,PROD-005,Jelly Beans,The Other Factory,715.32,242,352.32,363.0
1059,ORD-2023-11059,2023-02-06,2023-02-11,Standard Class,CUST-571,United States,City_17,State_16,43557,Nuts,Central,PROD-010,Pistachios,Sugar Shack,1166.24,101,711.74,454.5
1060,ORD-2023-11060,2023-01-21,2023-01-22,Same Day,CUST-510,United States,City_27,State_20,99205,Candy,East,PROD-008,Lollipops,Wicked Choccy's,273.27,196,175.27,98.0
1061,ORD-2023-11061,2023-07-11,2023-07-14,First Class,CUST-618,United States,City_29,State_9,99463,Candy,Central,PROD-003,Sour Worms,Secret Factory,170.58,52,102.98,67.6
1062,ORD-2023-11062,2023-12-25,2023-12-31,Second Class,CUST-258,United States,City_7,State_10,59259,Nuts,East,PROD-001,Chocolate Almonds,The Other Factory,2516.79,430,1441.79,1075.0
1063,ORD-2023-11063,2023-04-25,2023-05-02,Standard Class,CUST-785,United States,City_6,State_12,71063,Candy,South,PROD-003,Sour Worms,The Other Factory,760.16,208,489.76,270.4
1064,ORD-2023-11064,2023-02-13,2023-02-17,Standard Class,CUST-506,United States,City_50,State_14,36145,Candy,South,PROD-008,Lollipops,The Other Factory,132.48,102,81.48,51.0
1065,ORD-2023-11065,2023-06-25,2023-06-28,First Class,CUST-819,United States,City_48,State_16,24984,Nuts,East,PROD-007,Cashew Clusters,Sugar Shack,2844.77,319,1568.77,1276.0
1066,ORD-2023-11066,2023-08-29,2023-09-04,Second Class,CUST-427,United States,City_37,State_2,88784,Candy,East,PROD-005,Jelly Beans,Secret Factory,310.0,84,184.0,126.0
1067,ORD-2023-11067,2023-08-31,2023-09-01,Same Day,CUST-988,United States,City_2,State_14,45369,Nuts,Central,PROD-007,Cashew Clusters,Lot's O' Nuts,752.61,119,276.61,476.0
1068,ORD-2023-11068,2023-02-05,2023-02-10,Second Class,CUST-405,United States,City_46,State_15,65013,Candy,East,PROD-005,Jelly Beans,Wicked Choccy's,474.21,150,249.21,225.0
1069,ORD-2023-11069,2023-01-28,2023-02-01,Second Class,CUST-538,United States,City_22,State_10,31565,Chocolate,Central,PROD-009,Caramel Squares,Wicked Choccy's,453.65,57,294.05,159.6
1070,ORD-2023-11070,2023-09-01,2023-09-02,Same Day,CUST-264,United States,City_45,State_14,56490,Chocolate,South,PROD-004,Peanut Butter Cups,Sugar Shack,2158.33,284,1306.33,852.0
1071,ORD-2023-11071,2023-02-09,2023-02-16,Second Class,CUST-731,United States,City_10,State_11,97040,Nuts,East,PROD-010,Pistachios,Secret Factory,4278.32,380,2568.32,1710.0
1072,ORD-2023-11072,2023-03-17,2023-03-18,Same Day,CUST-216,United States,City_44,State_14,44446,Chocolate,West,PROD-006,Dark Chocolate Truffles,Lot's O' Nuts,3705.3,265,2380.3,1325.0
1073,ORD-2023-11073,2023-11-21,2023-11-28,Second Class,CUST-692,United States,City_7,State_2,38655,Chocolate,South,PROD-009,Caramel Squares,Lot's O' Nuts,1652.03,240,980.03,672.0
1074,ORD-2023-11074,2023-04-21,2023-04-22,Same Day,CUST-295,United States,City_44,State_19,11883,Chocolate,West,PROD-004,Peanut Butter Cups,Secret Factory,1023.46,188,459.46,564.0
1075,ORD-2023-11075,2023-06-07,2023-06-11,First Class,CUST-227,United States,City_45,State_16,95054,Chocolate,East,PROD-006,Dark Chocolate Truffles,Sugar Shack,3642.65,267,2307.65,1335.0
1076,ORD-2023-11076,2023-06-30,2023-06-30,First Class,CUST-635,United States,City_49,State_11,24860,Candy,South,PROD-008,Lollipops,Secret Factory,502.07,434,285.07,217.0
1077,ORD-2023-11077,2023-04-01,2023-04-01,First Class,CUST-655,United States,City_28,State_13,47359,Candy,South,PROD-003,Sour Worms,Secret Factory,911.24,293,530.34,380.9
1078,ORD-2023-11078,2023-02-23,2023-03-02,Standard Class,CUST-731,United States,City_27,State_4,75064,Nuts,East,PROD-007,Cashew Clusters,Sugar Shack,544.38,55,324.38,220.0
1079,ORD-2023-11079,2023-09-15,2023-09-22,Same Day,CUST-783,United States,City_19,State_14,37770,Nuts,East,PROD-010,Pistachios,The Other Factory,3742.22,307,2360.72,1381.5
1080,ORD-2023-11080,2023-04-11,2023-04-16,Standard Class,CUST-227,United States,City_23,State_15,64124,Chocolate,South,PROD-004,Peanut Butter Cups,Secret Factory,2962.66,448,1618.66,1344.0
1081,ORD-2023-11081,2023-09-17,2023-09-22,Second Class,CUST-774,United States,City_17,State_10,64357,Nuts,Central,PROD-007,Cashew Clusters,Lot's O' Nuts,1178.88,155,558.88,620.0
1082,ORD-2023-11082,2023-01-08,2023-01-17,Standard Class,CUST-483,United States,City_34,State_20,51611,Chocolate,South,PROD-004,Peanut Butter Cups,Lot's O' Nuts,119.37,23,50.37,69.0
1083,ORD-2023-11083,2023-10-12,2023-10-17,Second Class,CUST-759,United States,City_26,State_2,85740,Chocolate,South,PROD-006,Dark Chocolate Truffles,Wicked Choccy's,1878.44,210,828.44,1050.0
1084,ORD-2023-11084,2023-07-26,2023-08-03,Second Class,CUST-262,United States,City_28,State_8,23051,Nuts,South,PROD-007,Cashew Clusters,Wicked Choccy's,3732.93,472,1844.93,1888.0
1085,ORD-2023-11085,2023-11-18,2023-11-24,Same Day,CUST-666,United States,City_11,State_11,36707,Candy,East,PROD-003,Sour Worms,The Other Factory,1177.12,479,554.42,622.7
1086,ORD-2023-11086,2023-01-06,2023-01-06,Same Day,CUST-256,United States,City_2,State_20,81260,Candy,East,PROD-002,Gummy Bears,Lot's O' Nuts,1054.59,331,657.39,397.2
1087,ORD-2023-11087,2023-03-08,2023-03-15,Standard Class,CUST-896,United States,City_23,State_6,41420,Candy,South,PROD-002,Gummy Bears,The Other Factory,711.97,242,421.57,290.4
1088,ORD-2023-11088,2023-07-13,2023-07-17,Second Class,CUST-152,United States,City_18,State_3,28844,Chocolate,West,PROD-004,Peanut Butter Cups,Sugar Shack,2291.55,404,1079.55,1212.0
1089,ORD-2023-11089,2023-08-24,2023-09-03,Standard Class,CUST-209,United States,City_10,State_10,44340,Nuts,East,PROD-001,Chocolate Almonds,The Other Factory,2896.55,484,1686.55,1210.0
1090,ORD-2023-11090,2023-07-05,2023-07-05,Same Day,CUST-500,United States,City_7,State_16,12877,Candy,East,PROD-003,Sour Worms,Lot's O' Nuts,1709.91,477,1089.81,620.1
1091,ORD-2023-11091,2023-04-18,2023-04-27,Standard Class,CUST-421,United States,City_41,State_15,31116,Nuts,South,PROD-007,Cashew Clusters,Lot's O' Nuts,3075.52,361,1631.52,1444.0
1092,ORD-2023-11092,2023-12-04,2023-12-09,Second Class,CUST-975,United States,City_3,State_4,54932,Candy,East,PROD-003,Sour Worms,Sugar Shack,954.26,300,564.26,390.0
1093,ORD-2023-11093,2023-09-25,2023-10-03,Second Class,CUST-224,United States,City_13,State_20,13873,Chocolate,East,PROD-006,Dark Chocolate Truffles,Secret Factory,3660.01,389,1715.01,1945.0
1094,ORD-2023-11094,2023-07-06,2023-07-10,Second Class,CUST-130,United States,City_21,State_5,38804,Chocolate,West,PROD-009,Caramel Squares,Lot's O' Nuts,542.23,68,351.83,190.4
1095,ORD-2023-11095,2023-09-04,2023-09-07,First Class,CUST-456,United States,City_46,State_18,95449,Candy,Central,PROD-002,Gummy Bears,Wicked Choccy's,393.77,112,259.37,134.4
1096,ORD-2023-11096,2023-09-20,2023-09-20,Same Day,CUST-297,United States,City_17,State_6,35936,Candy,South,PROD-005,Jelly Beans,Secret Factory,1556.04,494,815.04,741.0
1097,ORD-2023-11097,2023-03-26,2023-03-31,First Class,CUST-839,United States,City_32,State_14,68478,Candy,East,PROD-005,Jelly Beans,Secret Factory,1128.66,416,504.66,624.0
1098,ORD-2023-11098,2023-11-15,2023-11-17,First Class,CUST-539,United States,City_13,State_19,56257,Nuts,Central,PROD-007,Cashew Clusters,The Other Factory,626.85,65,366.85,260.0
1099,ORD-2023-11099,2023-01-18,2023-01-26,Second Class,CUST-700,United States,City_27,State_10,89152,Chocolate,South,PROD-006,Dark Chocolate Truffles,Lot's O' Nuts,5667.59,500,3167.59,2500.0
1100,ORD-2023-11100,2023-02-28,2023-03-06,Standard Class,CUST-539,United States,City_12,State_12,42154,Chocolate,South,PROD-009,Caramel Squares,Sugar Shack,774.99,102,489.39,285.6
1101,ORD-2023-11101,2023-03-16,2023-03-19,First Class,CUST-109,United States,City_21,State_1,53105,Candy,Central,PROD-002,Gummy Bears,Wicked Choccy's,967.7,409,476.9,490.8
1102,ORD-2023-11102,2023-10-15,2023-10-16,Second Class,CUST-716,United States,City_14,State_17,38503,Chocolate,Central,PROD-004,Peanut Butter Cups,Secret Factory,268.11,43,139.11,129.0
1103,ORD-2023-11103,2023-10-21,2023-10-31,Standard Class,CUST-798,United States,City_49,State_14,51652,Candy,Central,PROD-002,Gummy Bears,The Other Factory,1383.85,467,823.45,560.4
1104,ORD-2023-11104,2023-09-10,2023-09-14,Standard Class,CUST-381,United States,City_27,State_4,26265,Chocolate,West,PROD-006,Dark Chocolate Truffles,Wicked Choccy's,2080.5,265,755.5,1325.0
1105,ORD-2023-11105,2023-05-02,2023-05-04,Same Day,CUST-118,United States,City_42,State_19,10609,Candy,Central,PROD-008,Lollipops,Wicked Choccy's,233.62,305,81.12,152.5
1106,ORD-2023-11106,2023-01-19,2023-01-19,Same Day,CUST-640,United States,City_3,State_11,94512,Candy,West,PROD-008,Lollipops,Sugar Shack,538.25,468,304.25,234.0
1107,ORD-2023-11107,2023-08-01,2023-08-11,Standard Class,CUST-424,United States,City_49,State_12,62473,Nuts,South,PROD-001,Chocolate Almonds,Lot's O' Nuts,1853.92,380,903.92,950.0
1108,ORD-2023-11108,2023-11-10,2023-11-11,Same Day,CUST-813,United States,City_30,State_16,94029,Candy,Central,PROD-002,Gummy Bears,The Other Factory,85.27,34,44.47,40.8
1109,ORD-2023-11109,2023-04-25,2023-05-02,Standard Class,CUST-242,United States,City_7,State_11,67105,Candy,East,PROD-002,Gummy Bears,Sugar Shack,111.72,34,70.92,40.8
1110,ORD-2023-11110,2023-07-08,2023-07-14,Second Class,CUST-105,United States,City_45,State_2,44037,Chocolate,East,PROD-004,Peanut Butter Cups,Wicked Choccy's,3656.39,427,2375.39,1281.0
1111,ORD-2023-11111,2023-02-08,2023-02-08,First Class,CUST-727,United States,City_25,State_9,32326,Nuts,East,PROD-001,Chocolate Almonds,Lot's O' Nuts,722.82,145,360.32,362.5
1112,ORD-2023-11112,2023-03-06,2023-03-12,Standard Class,CUST-871,United States,City_38,State_14,93480,Candy,South,PROD-003,Sour Worms,The Other Factory,628.11,173,403.21,224.9
1113,ORD-2023-11113,2023-12-05,2023-12-07,Same Day,CUST-429,United States,City_50,State_16,39600,Candy,West,PROD-008,Lollipops,Lot's O' Nuts,385.39,260,255.39,130.0
1114,ORD-2023-11114,2023-06-30,2023-07-05,Standard Class,CUST-348,United States,City_43,State_7,20225,Candy,Central,PROD-002,Gummy Bears,Sugar Shack,974.67,295,620.67,354.0
1115,ORD-2023-11115,2023-01-07,2023-01-14,Second Class,CUST-938,United States,City_25,State_7,73916,Candy,East,PROD-002,Gummy Bears,Secret Factory,772.73,353,349.13,423.6
1116,ORD-2023-11116,2023-06-09,2023-06-11,First Class,CUST-257,United States,City_33,State_4,27047,Candy,West,PROD-002,Gummy Bears,Sugar Shack,973.61,372,527.21,446.4
1117,ORD-2023-11117,2023-11-14,2023-11-17,Same Day,CUST-509,United States,City_13,State_3,46416,Chocolate,South,PROD-004,Peanut Butter Cups,Sugar Shack,1472.5,272,656.5,816.0
1118,ORD-2023-11118,2023-03-17,2023-03-23,Standard Class,CUST-862,United States,City_8,State_8,12174,Nuts,Central,PROD-007,Cashew Clusters,Wicked Choccy's,2769.27,246,1785.27,984.0
1119,ORD-2023-11119,2023-09-01,2023-09-07,Standard Class,CUST-460,United States,City_17,State_4,82129,Candy,Central,PROD-008,Lollipops,Wicked Choccy's,399.56,348,225.56,174.0
1120,ORD-2023-11120,2023-03-19,2023-03-24,Second Class,CUST-620,United States,City_22,State_2,67847,Candy,South,PROD-002,Gummy Bears,Sugar Shack,575.94,213,320.34,255.6
1121,ORD-2023-11121,2023-11-29,2023-12-08,Standard Class,CUST-532,United States,City_13,State_10,34831,Candy,East,PROD-005,Jelly Beans,Sugar Shack,798.89,205,491.39,307.5
1122,ORD-2023-11122,2023-09-23,2023-09-25,Same Day,CUST-151,United States,City_42,State_8,24559,Nuts,Central,PROD-007,Cashew Clusters,Wicked Choccy's,1537.33,231,613.33,924.0
1123,ORD-2023-11123,2023-10-22,2023-10-27,Standard Class,CUST-644,United States,City_7,State_9,39683,Chocolate,East,PROD-004,Peanut Butter Cups,Lot's O' Nuts,813.87,146,375.87,438.0
1124,ORD-2023-11124,2023-02-21,2023-02-21,Same Day,CUST-808,United States,City_18,State_16,36962,Nuts,South,PROD-010,Pistachios,Secret Factory,1427.89,122,878.89,549.0
1125,ORD-2023-11125,2023-12-28,2024-01-01,First Class,CUST-103,United States,City_7,State_6,75960,Candy,Central,PROD-003,Sour Worms,Wicked Choccy's,791.14,315,381.64,409.5
1126,ORD-2023-11126,2023-03-29,2023-04-01,Second Class,CUST-270,United States,City_12,State_11,69666,Nuts,Central,PROD-010,Pistachios,Secret Factory,1940.8,171,1171.3,769.5
1127,ORD-2023-11127,2023-06-21,2023-06-25,Same Day,CUST-370,United States,City_5,State_6,99024,Candy,South,PROD-003,Sour Worms,Lot's O' Nuts,45.92,20,19.92,26.0
1128,ORD-2023-11128,2023-10-26,2023-10-28,Same Day,CUST-353,United States,City_31,State_4,15921,Nuts,Central,PROD-001,Chocolate Almonds,The Other Factory,55.81,10,30.81,25.0
1129,ORD-2023-11129,2023-09-26,2023-10-01,Second Class,CUST-250,United States,City_50,State_4,23106,Nuts,Central,PROD-001,Chocolate Almonds,The Other Factory,1168.76,267,501.26,667.5
1130,ORD-2023-11130,2023-06-29,2023-06-30,Same Day,CUST-598,United States,City_17,State_12,70129,Candy,South,PROD-005,Jelly Beans,Sugar Shack,817.59,289,384.09,433.5
1131,ORD-2023-11131,2023-09-23,2023-09-24,First Class,CUST-985,United States,City_39,State_16,24779,Nuts,Central,PROD-001,Chocolate Almonds,Sugar Shack,2533.34,406,1518.34,1015.0
1132,ORD-2023-11132,2023-07-30,2023-08-08,Second Class,CUST-245,United States,City_23,State_16,14050,Candy,East,PROD-005,Jelly Beans,The Other Factory,1230.02,448,558.02,672.0
1133,ORD-2023-11133,2023-04-16,2023-04-20,First Class,CUST-486,United States,City_41,State_4,45903,Chocolate,South,PROD-004,Peanut Butter Cups,The Other Factory,1916.58,391,743.58,1173.0
1134,ORD-2023-11134,2023-12-14,2023-12-18,First Class,CUST-500,United States,City_38,State_14,46208,Chocolate,West,PROD-009,Caramel Squares,Secret Factory,1490.76,188,964.36,526.4
1135,ORD-2023-11135,2023-11-10,2023-11-12,First Class,CUST-565,United States,City_37,State_12,47802,Candy,East,PROD-005,Jelly Beans,Wicked Choccy's,232.22,72,124.22,108.0
1136,ORD-2023-11136,2023-08-27,2023-09-04,Second Class,CUST-396,United States,City_40,State_18,97073,Candy,South,PROD-002,Gummy Bears,Lot's O' Nuts,741.21,358,311.61,429.6
1137,ORD-2023-11137,2023-02-03,2023-02-06,First Class,CUST-564,United States,City_3,State_7,47095,Candy,South,PROD-003,Sour Worms,Sugar Shack,1057.86,419,513.16,544.7
1138,ORD-2023-11138,2023-06-06,2023-06-06,Same Day,CUST-776,United States,City_1,State_2,42955,Nuts,East,PROD-010,Pistachios,Lot's O' Nuts,115.86,12,61.86,54.0
1139,ORD-2023-11139,2023-02-14,2023-02-17,Second Class,CUST-850,United States,City_13,State_14,86706,Candy,Central,PROD-003,Sour Worms,Sugar Shack,929.18,375,441.68,487.5
1140,ORD-2023-11140,2023-08-31,2023-09-07,Standard Class,CUST-931,United States,City_44,State_13,65386,Candy,West,PROD-002,Gummy Bears,Sugar Shack,1187.47,487,603.07,584.4
1141,ORD-2023-11141,2023-11-02,2023-11-05,First Class,CUST-546,United States,City_44,State_11,85781,Nuts,Central,PROD-007,Cashew Clusters,Lot's O' Nuts,1189.73,169,513.73,676.0
1142,ORD-2023-11142,2023-08-02,2023-08-07,Second Class,CUST-412,United States,City_6,State_10,84273,Candy,Central,PROD-003,Sour Worms,Wicked Choccy's,685.35,293,304.45,380.9
1143,ORD-2023-11143,2023-08-12,2023-08-16,Same Day,CUST-552,United States,City_45,State_11,76036,Candy,West,PROD-008,Lollipops,The Other Factory,50.38,59,20.88,29.5
1144,ORD-2023-11144,2023-08-27,2023-08-28,Same Day,CUST-572,United States,City_2,State_18,13463,Chocolate,Central,PROD-006,Dark Chocolate Truffles,Secret Factory,3309.94,225,2184.94,1125.0
1145,ORD-2023-11145,2023-05-05,2023-05-07,First Class,CUST-230,United States,City_40,State_18,84130,Nuts,West,PROD-007,Cashew Clusters,Lot's O' Nuts,2785.48,307,1557.48,1228.0
1146,ORD-2023-11146,2023-07-26,2023-08-02,Second Class,CUST-926,United States,City_49,State_17,70322,Candy,South,PROD-005,Jelly Beans,Lot's O' Nuts,798.98,353,269.48,529.5
1147,ORD-2023-11147,2023-11-29,2023-11-29,First Class,CUST-199,United States,City_19,State_19,73106,Nuts,East,PROD-001,Chocolate Almonds,Lot's O' Nuts,320.04,64,160.04,160.0
1148,ORD-2023-11148,2023-12-26,2023-12-29,Standard Class,CUST-675,United States,City_48,State_16,27878,Chocolate,East,PROD-006,Dark Chocolate Truffles,Lot's O' Nuts,1296.41,114,726.41,570.0
1149,ORD-2023-11149,2023-01-04,2023-01-08,First Class,CUST-804,United States,City_13,State_4,18800,Chocolate,Central,PROD-004,Peanut Butter Cups,Wicked Choccy's,2819.93,422,1553.93,1266.0
1150,ORD-2023-11150,2023-05-07,2023-05-12,Standard Class,CUST-125,United States,City_33,State_15,61211,Nuts,East,PROD-001,Chocolate Almonds,Wicked Choccy's,471.79,114,186.79,285.0
1151,ORD-2023-11151,2023-09-05,2023-09-07,Same Day,CUST-961,United States,City_35,State_9,90315,Nuts,Central,PROD-001,Chocolate Almonds,Lot's O' Nuts,709.91,104,449.91,260.0
1152,ORD-2023-11152,2023-03-16,2023-03-19,Same Day,CUST-245,United States,City_48,State_8,32383,Candy,East,PROD-008,Lollipops,The Other Factory,256.69,335,89.19,167.5
1153,ORD-2023-11153,2023-09-03,2023-09-06,Same Day,CUST-202,United States,City_38,State_16,58147,Chocolate,West,PROD-009,Caramel Squares,The Other Factory,855.68,158,413.28,442.4
1154,ORD-2023-11154,2023-08-26,2023-08-29,Standard Class,CUST-251,United States,City_2,State_10,69910,Candy,South,PROD-005,Jelly Beans,Secret Factory,909.92,223,575.42,334.5
1155,ORD-2023-11155,2023-10-25,2023-11-02,Standard Class,CUST-766,United States,City_43,State_20,68258,Candy,South,PROD-002,Gummy Bears,The Other Factory,307.12,165,109.12,198.0
1156,ORD-2023-11156,2023-08-23,2023-08-25,Same Day,CUST-262,United States,City_23,State_17,75956,Nuts,West,PROD-001,Chocolate Almonds,Sugar Shack,571.41,151,193.91,377.5
1157,ORD-2023-11157,2023-03-31,2023-04-05,Standard Class,CUST-771,United States,City_47,State_19,54471,Chocolate,South,PROD-004,Peanut Butter Cups,Sugar Shack,1787.55,345,752.55,1035.0
1158,ORD-2023-11158,2023-07-21,2023-07-25,First Class,CUST-760,United States,City_31,State_13,71833,Candy,Central,PROD-008,Lollipops,Wicked Choccy's,63.23,44,41.23,22.0
1159,ORD-2023-11159,2023-12-24,2023-12-29,Second Class,CUST-694,United States,City_23,State_19,90933,Nuts,Central,PROD-010,Pistachios,Wicked Choccy's,1876.83,175,1089.33,787.5
1160,ORD-2023-11160,2023-03-23,2023-03-27,Standard Class,CUST-208,United States,City_32,State_16,52422,Nuts,East,PROD-007,Cashew Clusters,Lot's O' Nuts,842.14,128,330.14,512.0
1161,ORD-2023-11161,2023-07-16,2023-07-18,Second Class,CUST-165,United States,City_4,State_20,42831,Chocolate,East,PROD-004,Peanut Butter Cups,Wicked Choccy's,3516.46,396,2328.46,1188.0
1162,ORD-2023-11162,2023-07-11,2023-07-13,Same Day,CUST-130,United States,City_12,State_11,24111,Candy,East,PROD-002,Gummy Bears,Lot's O' Nuts,939.63,320,555.63,384.0
1163,ORD-2023-11163,2023-04-11,2023-04-15,Second Class,CUST-795,United States,City_19,State_8,36370,Candy,West,PROD-008,Lollipops,Secret Factory,155.45,139,85.95,69.5
1164,ORD-2023-11164,2023-10-26,2023-11-01,Standard Class,CUST-784,United States,City_7,State_7,14356,Candy,West,PROD-003,Sour Worms,Secret Factory,69.89,22,41.29,28.6
1165,ORD-2023-11165,2023-10-18,2023-10-22,Same Day,CUST-448,United States,City_12,State_17,75034,Candy,Central,PROD-003,Sour Worms,Lot's O' Nuts,1050.73,289,675.03,375.7
1166,ORD-2023-11166,2023-07-02,2023-07-08,First Class,CUST-973,United States,City_9,State_3,67524,Chocolate,South,PROD-004,Peanut Butter Cups,Wicked Choccy's,2786.94,326,1808.94,978.0
1167,ORD-2023-11167,2023-03-07,2023-03-17,Standard Class,CUST-203,United States,City_8,State_16,40221,Nuts,East,PROD-007,Cashew Clusters,Secret Factory,3732.43,410,2092.43,1640.0
1168,ORD-2023-11168,2023-04-25,2023-05-03,Standard Class,CUST-948,United States,City_17,State_13,56911,Nuts,Central,PROD-001,Chocolate Almonds,The Other Factory,3129.25,430,2054.25,1075.0
1169,ORD-2023-11169,2023-10-01,2023-10-08,Standard Class,CUST-630,United States,City_40,State_17,50925,Candy,Central,PROD-002,Gummy Bears,Wicked Choccy's,679.29,304,314.49,364.8
1170,ORD-2023-11170,2023-10-26,2023-11-06,Standard Class,CUST-369,United States,City_42,State_1,14230,Nuts,East,PROD-007,Cashew Clusters,The Other Factory,2917.01,251,1913.01,1004.0
1171,ORD-2023-11171,2023-06-21,2023-06-26,Second Class,CUST-242,United States,City_14,State_18,53202,Chocolate,Central,PROD-006,Dark Chocolate Truffles,Secret Factory,6141.28,464,3821.28,2320.0
1172,ORD-2023-11172,2023-10-16,2023-10-24,Standard Class,CUST-955,United States,City_49,State_2,55330,Nuts,South,PROD-001,Chocolate Almonds,Wicked Choccy's,2855.74,473,1673.24,1182.5
1173,ORD-2023-11173,2023-03-08,2023-03-12,Same Day,CUST-206,United States,City_3,State_16,76532,Candy,East,PROD-002,Gummy Bears,Secret Factory,459.1,148,281.5,177.6
1174,ORD-2023-11174,2023-06-05,2023-06-06,Same Day,CUST-333,United States,City_2,State_2,13454,Chocolate,South,PROD-004,Peanut Butter Cups,Sugar Shack,3412.94,410,2182.94,1230.0
1175,ORD-2023-11175,2023-10-10,2023-10-15,Standard Class,CUST-884,United States,City_25,State_5,66324,Chocolate,South,PROD-004,Peanut Butter Cups,The Other Factory,1212.07,256,444.07,768.0
1176,ORD-2023-11176,2023-08-13,2023-08-22,Standard Class,CUST-476,United States,City_23,State_7,54974,Nuts,West,PROD-007,Cashew Clusters,The Other Factory,796.8,70,516.8,280.0
1177,ORD-2023-11177,2023-02-17,2023-02-19,Second Class,CUST-522,United States,City_48,State_18,84455,Nuts,West,PROD-007,Cashew Clusters,Lot's O' Nuts,1884.75,311,640.75,1244.0
1178,ORD-2023-11178,2023-02-09,2023-02-15,Standard Class,CUST-284,United States,City_19,State_2,51173,Nuts,West,PROD-001,Chocolate Almonds,Lot's O' Nuts,164.78,39,67.28,97.5
1179,ORD-2023-11179,2023-03-08,2023-03-12,First Class,CUST-773,United States,City_8,State_3,20011,Chocolate,West,PROD-006,Dark Chocolate Truffles,The Other Factory,3354.76,320,1754.76,1600.0
1180,ORD-2023-11180,2023-12-28,2023-12-31,Same Day,CUST-979,United States,City_15,State_15,49677,Candy,West,PROD-005,Jelly Beans,The Other Factory,1574.96,386,995.96,579.0
1181,ORD-2023-11181,2023-09-27,2023-10-03,Second Class,CUST-814,United States,City_35,State_17,23681,Chocolate,Central,PROD-006,Dark Chocolate Truffles,The Other Factory,4439.54,467,2104.54,2335.0
1182,ORD-2023-11182,2023-05-24,2023-05-26,Same Day,CUST-240,United States,City_34,State_8,49968,Nuts,South,PROD-001,Chocolate Almonds,Sugar Shack,225.67,50,100.67,125.0
1183,ORD-2023-11183,2023-03-14,2023-03-17,First Class,CUST-815,United States,City_29,State_15,24973,Chocolate,East,PROD-009,Caramel Squares,Wicked Choccy's,232.6,28,154.2,78.4
1184,ORD-2023-11184,2023-05-23,2023-05-26,First Class,CUST-947,United States,City_6,State_2,46581,Nuts,East,PROD-001,Chocolate Almonds,Secret Factory,1614.3,311,836.8,777.5
1185,ORD-2023-11185,2023-07-15,2023-07-19,Standard Class,CUST-329,United States,City_14,State_13,34173,Nuts,South,PROD-010,Pistachios,Secret Factory,2007.91,206,1080.91,927.0
1186,ORD-2023-11186,2023-01-17,2023-01-24,First Class,CUST-126,United States,City_39,State_11,44410,Nuts,East,PROD-007,Cashew Clusters,The Other Factory,3035.88,287,1887.88,1148.0
1187,ORD-2023-11187,2023-11-15,2023-11-16,First Class,CUST-901,United States,City_47,State_2,24314,Nuts,East,PROD-010,Pistachios,Wicked Choccy's,2921.75,232,1877.75,1044.0
1188,ORD-2023-11188,2023-08-06,2023-08-07,Same Day,CUST-887,United States,City_34,State_9,31305,Chocolate,Central,PROD-009,Caramel Squares,Secret Factory,2187.88,303,1339.48,848.4
1189,ORD-2023-11189,2023-01-08,2023-01-14,Second Class,CUST-380,United States,City_6,State_8,81146,Nuts,West,PROD-007,Cashew Clusters,Secret Factory,1652.02,153,1040.02,612.0
1190,ORD-2023-11190,2023-11-12,2023-11-17,Standard Class,CUST-775,United States,City_17,State_20,11617,Candy,South,PROD-005,Jelly Beans,Sugar Shack,459.57,150,234.57,225.0
1191,ORD-2023-11191,2023-04-02,2023-04-03,First Class,CUST-550,United States,City_1,State_15,14850,Candy,Central,PROD-002,Gummy Bears,Sugar Shack,624.0,237,339.6,284.4
1192,ORD-2023-11192,2023-01-30,2023-01-31,Same Day,CUST-383,United States,City_40,State_18,51160,Chocolate,West,PROD-006,Dark Chocolate Truffles,Secret Factory,4449.62,306,2919.62,1530.0
1193,ORD-2023-11193,2023-05-22,2023-05-25,First Class,CUST-230,United States,City_15,State_6,29254,Candy,West,PROD-002,Gummy Bears,Secret Factory,477.73,142,307.33,170.4
1194,ORD-2023-11194,2023-12-02,2023-12-08,Standard Class,CUST-618,United States,City_29,State_19,51593,Nuts,West,PROD-010,Pistachios,Lot's O' Nuts,231.82,29,101.32,130.5
1195,ORD-2023-11195,2024-01-01,2024-01-08,Standard Class,CUST-116,United States,City_44,State_12,80836,Nuts,West,PROD-001,Chocolate Almonds,The Other Factory,1051.84,142,696.84,355.0
1196,ORD-2023-11196,2023-02-25,2023-03-02,First Class,CUST-215,United States,City_33,State_3,41061,Nuts,West,PROD-001,Chocolate Almonds,The Other Factory,276.9,49,154.4,122.5
1197,ORD-2023-11197,2023-02-06,2023-02-06,Same Day,CUST-389,United States,City_10,State_1,52800,Chocolate,Central,PROD-004,Peanut Butter Cups,Sugar Shack,2169.67,338,1155.67,1014.0
1198,ORD-2023-11198,2023-11-30,2023-11-30,Same Day,CUST-401,United States,City_40,State_1,31012,Nuts,Central,PROD-010,Pistachios,Sugar Shack,1995.35,201,1090.85,904.5
1199,ORD-2023-11199,2023-10-30,2023-11-05,Second Class,CUST-316,United States,City_21,State_17,76608,Chocolate,Central,PROD-006,Dark Chocolate Truffles,Lot's O' Nuts,190.83,23,75.83,115.0
1200,ORD-2023-11200,2023-10-26,2023-10-28,Same Day,CUST-253,United States,City_25,State_3,20133,Nuts,West,PROD-010,Pistachios,Sugar Shack,290.81,26,173.81,117.0
1201,ORD-2023-11201,2023-09-28,2023-10-04,Standard Class,CUST-583,United States,City_43,State_17,78201,Chocolate,South,PROD-004,Peanut Butter Cups,The Other Factory,1977.74,418,723.74,1254.0
1202,ORD-2023-11202,2023-10-22,2023-10-24,Second Class,CUST-436,United States,City_16,State_12,40263,Candy,Central,PROD-008,Lollipops,Sugar Shack,229.33,160,149.33,80.0
1203,ORD-2023-11203,2023-08-16,2023-08-22,Second Class,CUST-519,United States,City_24,State_3,56135,Candy,East,PROD-008,Lollipops,Sugar Shack,565.26,385,372.76,192.5
1204,ORD-2023-11204,2023-12-01,2023-12-08,First Class,CUST-559,United States,City_27,State_8,84624,Chocolate,East,PROD-009,Caramel Squares,The Other Factory,1732.67,257,1013.07,719.6
1205,ORD-2023-11205,2023-12-12,2023-12-16,Same Day,CUST-720,United States,City_17,State_10,54770,Candy,West,PROD-003,Sour Worms,The Other Factory,1003.79,309,602.09,401.7
1206,ORD-2023-11206,2023-08-04,2023-08-04,Same Day,CUST-689,United States,City_32,State_7,33581,Chocolate,East,PROD-006,Dark Chocolate Truffles,Lot's O' Nuts,3986.33,268,2646.33,1340.0
1207,ORD-2023-11207,2023-08-03,2023-08-08,Standard Class,CUST-828,United States,City_31,State_4,26567,Candy,West,PROD-008,Lollipops,Lot's O' Nuts,190.68,144,118.68,72.0
1208,ORD-2023-11208,2023-02-07,2023-02-13,Second Class,CUST-642,United States,City_25,State_14,56447,Nuts,East,PROD-001,Chocolate Almonds,Secret Factory,437.43,77,244.93,192.5
1209,ORD-2023-11209,2023-03-02,2023-03-04,First Class,CUST-444,United States,City_38,State_20,90822,Candy,West,PROD-003,Sour Worms,Secret Factory,673.4,182,436.8,236.6
1210,ORD-2023-11210,2023-08-18,2023-08-20,First Class,CUST-560,United States,City_48,State_14,47917,Candy,East,PROD-002,Gummy Bears,Lot's O' Nuts,1207.12,476,635.92,571.2
1211,ORD-2023-11211,2023-03-19,2023-03-22,Standard Class,CUST-707,United States,City_24,State_15,59725,Candy,West,PROD-008,Lollipops,Wicked Choccy's,353.73,468,119.73,234.0
1212,ORD-2023-11212,2023-02-19,2023-02-22,First Class,CUST-449,United States,City_4,State_19,77853,Chocolate,West,PROD-006,Dark Chocolate Truffles,Secret Factory,1245.45,128,605.45,640.0
1213,ORD-2023-11213,2023-06-15,2023-06-16,First Class,CUST-282,United States,City_10,State_2,37614,Chocolate,South,PROD-009,Caramel Squares,The Other Factory,1140.83,206,564.03,576.8
1214,ORD-2023-11214,2023-02-20,2023-02-24,First Class,CUST-221,United States,City_19,State_9,73784,Nuts,Central,PROD-007,Cashew Clusters,The Other Factory,1441.54,187,693.54,748.0
1215,ORD-2023-11215,2023-05-13,2023-05-13,First Class,CUST-337,United States,City_43,State_9,28481,Candy,West,PROD-008,Lollipops,Wicked Choccy's,420.83,320,260.83,160.0
1216,ORD-2023-11216,2023-11-03,2023-11-09,Standard Class,CUST-652,United States,City_35,State_7,10873,Candy,West,PROD-002,Gummy Bears,Wicked Choccy's,883.37,472,316.97,566.4
1217,ORD-2023-11217,2023-05-25,2023-05-30,Second Class,CUST-536,United States,City_47,State_15,78274,Candy,Central,PROD-008,Lollipops,Lot's O' Nuts,718.77,492,472.77,246.0
1218,ORD-2023-11218,2023-12-28,2024-01-03,Standard Class,CUST-555,United States,City_28,State_16,44479,Candy,Central,PROD-003,Sour Worms,Secret Factory,1726.68,480,1102.68,624.0
1219,ORD-2023-11219,2023-07-01,2023-07-06,Standard Class,CUST-912,United States,City_15,State_3,52875,Candy,Central,PROD-002,Gummy Bears,Wicked Choccy's,817.72,421,312.52,505.2
1220,ORD-2023-11220,2023-08-21,2023-08-27,First Class,CUST-788,United States,City_50,State_3,51262,Candy,Central,PROD-003,Sour Worms,The Other Factory,1123.58,332,691.98,431.6
1221,ORD-2023-11221,2023-04-08,2023-04-12,First Class,CUST-957,United States,City_41,State_2,93164,Nuts,East,PROD-001,Chocolate Almonds,Secret Factory,2570.98,440,1470.98,1100.0
1222,ORD-2023-11222,2023-04-23,2023-04-23,Same Day,CUST-581,United States,City_10,State_16,34524,Nuts,West,PROD-001,Chocolate Almonds,Wicked Choccy's,1587.26,354,702.26,885.0
1223,ORD-2023-11223,2023-11-22,2023-11-27,Second Class,CUST-628,United States,City_47,State_7,10419,Candy,West,PROD-008,Lollipops,Sugar Shack,373.97,458,144.97,229.0
1224,ORD-2023-11224,2023-12-30,2024-01-06,Second Class,CUST-804,United States,City_17,State_20,59845,Nuts,South,PROD-007,Cashew Clusters,Lot's O' Nuts,629.52,101,225.52,404.0
1225,ORD-2023-11225,2023-09-29,2023-09-30,Same Day,CUST-998,United States,City_20,State_8,48288,Nuts,Central,PROD-010,Pistachios,Wicked Choccy's,4564.35,346,3007.35,1557.0
1226,ORD-2023-11226,2023-10-06,2023-10-06,First Class,CUST-324,United States,City_8,State_10,64997,Candy,South,PROD-008,Lollipops,Secret Factory,248.72,256,120.72,128.0
1227,ORD-2023-11227,2023-03-01,2023-03-02,Same Day,CUST-426,United States,City_43,State_4,55557,Candy,West,PROD-008,Lollipops,Sugar Shack,109.86,100,59.86,50.0
1228,ORD-2023-11228,2023-11-04,2023-11-06,Same Day,CUST-129,United States,City_19,State_9,76517,Nuts,South,PROD-007,Cashew Clusters,Wicked Choccy's,2227.13,220,1347.13,880.0
1229,ORD-2023-11229,2023-05-14,2023-05-20,First Class,CUST-500,United States,City_29,State_14,62255,Chocolate,East,PROD-004,Peanut Butter Cups,Secret Factory,2104.9,355,1039.9,1065.0
1230,ORD-2023-11230,2023-04-23,2023-04-28,Same Day,CUST-146,United States,City_20,State_15,63714,Candy,Central,PROD-005,Jelly Beans,Lot's O' Nuts,673.73,183,399.23,274.5
1231,ORD-2023-11231,2023-11-17,2023-11-23,Second Class,CUST-728,United States,City_40,State_11,26936,Chocolate,West,PROD-004,Peanut Butter Cups,The Other Factory,578.52,66,380.52,198.0
1232,ORD-2023-11232,2023-07-14,2023-07-23,Standard Class,CUST-441,United States,City_23,State_18,18318,Nuts,East,PROD-010,Pistachios,The Other Factory,673.0,56,421.0,252.0
1233,ORD-2023-11233,2023-10-02,2023-10-07,First Class,CUST-958,United States,City_35,State_13,40059,Nuts,West,PROD-001,Chocolate Almonds,The Other Factory,826.35,111,548.85,277.5
1234,ORD-2023-11234,2023-07-31,2023-08-05,First Class,CUST-354,United States,City_1,State_2,12625,Candy,Central,PROD-005,Jelly Beans,Wicked Choccy's,419.3,120,239.3,180.0
1235,ORD-2023-11235,2023-01-22,2023-01-25,Same Day,CUST-124,United States,City_15,State_8,14427,Chocolate,South,PROD-009,Caramel Squares,Lot's O' Nuts,485.01,90,233.01,252.0
1236,ORD-2023-11236,2023-03-09,2023-03-15,Same Day,CUST-376,United States,City_6,State_3,19684,Candy,South,PROD-005,Jelly Beans,Lot's O' Nuts,1676.13,428,1034.13,642.0
1237,ORD-2023-11237,2023-10-05,2023-10-16,Standard Class,CUST-197,United States,City_48,State_19,61265,Chocolate,East,PROD-009,Caramel Squares,Secret Factory,2571.04,319,1677.84,893.2
1238,ORD-2023-11238,2023-08-06,2023-08-09,First Class,CUST-409,United States,City_18,State_15,36563,Chocolate,Central,PROD-004,Peanut Butter Cups,The Other Factory,2134.02,272,1318.02,816.0
1239,ORD-2023-11239,2023-05-30,2023-06-01,Same Day,CUST-516,United States,City_36,State_9,73353,Candy,South,PROD-002,Gummy Bears,Sugar Shack,450.56,229,175.76,274.8
1240,ORD-2023-11240,2023-01-09,2023-01-15,Same Day,CUST-481,United States,City_49,State_18,24195,Candy,West,PROD-005,Jelly Beans,The Other Factory,1026.17,264,630.17,396.0
1241,ORD-2023-11241,2023-04-29,2023-04-30,Same Day,CUST-676,United States,City_7,State_10,53572,Candy,East,PROD-008,Lollipops,Wicked Choccy's,244.51,238,125.51,119.0
1242,ORD-2023-11242,2023-04-17,2023-04-19,Second Class,CUST-707,United States,City_16,State_3,28524,Candy,East,PROD-003,Sour Worms,Lot's O' Nuts,1711.76,452,1124.16,587.6
1243,ORD-2023-11243,2023-01-31,2023-02-03,Second Class,CUST-521,United States,City_20,State_11,29741,Nuts,South,PROD-007,Cashew Clusters,The Other Factory,3602.12,402,1994.12,1608.0
1244,ORD-2023-11244,2023-05-18,2023-05-23,Standard Class,CUST-675,United States,City_32,State_18,75511,Nuts,South,PROD-001,Chocolate Almonds,Sugar Shack,1646.06,363,738.56,907.5
1245,ORD-2023-11245,2023-12-29,2023-12-29,Same Day,CUST-979,United States,City_48,State_3,23768,Chocolate,Central,PROD-006,Dark Chocolate Truffles,Wicked Choccy's,2919.07,257,1634.07,1285.0
1246,ORD-2023-11246,2023-01-07,2023-01-13,Second Class,CUST-224,United States,City_11,State_7,67357,Nuts,South,PROD-007,Cashew Clusters,Lot's O' Nuts,839.01,92,471.01,368.0
1247,ORD-2023-11247,2023-03-29,2023-04-02,Same Day,CUST-598,United States,City_9,State_18,64807,Candy,South,PROD-002,Gummy Bears,Lot's O' Nuts,1071.07,330,675.07,396.0
1248,ORD-2023-11248,2023-08-11,2023-08-18,Standard Class,CUST-792,United States,City_18,State_17,52255,Nuts,Central,PROD-007,Cashew Clusters,Lot's O' Nuts,1651.15,160,1011.15,640.0
1249,ORD-2023-11249,2023-05-29,2023-06-02,Second Class,CUST-922,United States,City_40,State_12,78076,Nuts,West,PROD-010,Pistachios,Sugar Shack,3150.57,277,1904.07,1246.5
1250,ORD-2023-11250,2023-04-18,2023-04-18,Same Day,CUST-864,United States,City_47,State_5,31527,Nuts,South,PROD-010,Pistachios,Sugar Shack,4390.58,489,2190.08,2200.5
1251,ORD-2023-11251,2023-08-02,2023-08-07,First Class,CUST-168,United States,City_1,State_10,34598,Chocolate,East,PROD-009,Caramel Squares,Secret Factory,487.98,101,205.18,282.8
1252,ORD-2023-11252,2023-02-18,2023-02-24,First Class,CUST-708,United States,City_11,State_3,55934,Chocolate,South,PROD-004,Peanut Butter Cups,Lot's O' Nuts,299.81,41,176.81,123.0
1253,ORD-2023-11253,2023-04-09,2023-04-13,Standard Class,CUST-988,United States,City_28,State_19,50075,Chocolate,Central,PROD-009,Caramel Squares,Wicked Choccy's,809.04,150,389.04,420.0
1254,ORD-2023-11254,2023-10-15,2023-10-17,First Class,CUST-307,United States,City_5,State_19,29978,Chocolate,South,PROD-006,Dark Chocolate Truffles,The Other Factory,3533.54,287,2098.54,1435.0
1255,ORD-2023-11255,2023-05-15,2023-05-20,Second Class,CUST-916,United States,City_34,State_19,94519,Candy,Central,PROD-002,Gummy Bears,Wicked Choccy's,591.29,298,233.69,357.6
1256,ORD-2023-11256,2023-04-18,2023-04-18,Same Day,CUST-337,United States,City_14,State_3,90599,Nuts,Central,PROD-007,Cashew Clusters,Sugar Shack,577.54,96,193.54,384.0
1257,ORD-2023-11257,2023-01-01,2023-01-02,Same Day,CUST-153,United States,City_9,State_17,67630,Candy,West,PROD-003,Sour Worms,Wicked Choccy's,367.79,175,140.29,227.5
1258,ORD-2023-11258,2023-09-14,2023-09-16,First Class,CUST-673,United States,City_26,State_13,60532,Nuts,Central,PROD-007,Cashew Clusters,Secret Factory,2674.81,399,1078.81,1596.0
1259,ORD-2023-11259,2023-09-29,2023-09-29,First Class,CUST-962,United States,City_14,State_6,93069,Candy,Central,PROD-008,Lollipops,Sugar Shack,70.62,50,45.62,25.0
1260,ORD-2023-11260,2023-09-08,2023-09-10,Same Day,CUST-801,United States,City_8,State_18,67070,Candy,South,PROD-005,Jelly Beans,Wicked Choccy's,1469.19,365,921.69,547.5
1261,ORD-2023-11261,2023-08-27,2023-08-30,First Class,CUST-845,United States,City_28,State_7,90868,Chocolate,East,PROD-006,Dark Chocolate Truffles,Wicked Choccy's,5060.22,404,3040.22,2020.0
1262,ORD-2023-11262,2023-04-02,2023-04-06,First Class,CUST-110,United States,City_13,State_15,57315,Chocolate,South,PROD-009,Caramel Squares,Wicked Choccy's,3574.6,487,2211.0,1363.6
1263,ORD-2023-11263,2023-06-18,2023-06-21,First Class,CUST-359,United States,City_33,State_1,89531,Chocolate,East,PROD-009,Caramel Squares,Wicked Choccy's,465.53,58,303.13,162.4
1264,ORD-2023-11264,2023-07-23,2023-07-25,Same Day,CUST-821,United States,City_17,State_9,91955,Candy,Central,PROD-005,Jelly Beans,Lot's O' Nuts,143.69,32,95.69,48.0
1265,ORD-2023-11265,2023-11-08,2023-11-14,Same Day,CUST-277,United States,City_31,State_18,23616,Nuts,East,PROD-001,Chocolate Almonds,The Other Factory,1816.28,333,983.78,832.5
1266,ORD-2023-11266,2023-12-28,2024-01-01,Second Class,CUST-971,United States,City_9,State_3,64994,Nuts,East,PROD-001,Chocolate Almonds,Sugar Shack,1703.57,386,738.57,965.0
1267,ORD-2023-11267,2023-06-10,2023-06-19,Standard Class,CUST-384,United States,City_13,State_20,12185,Candy,South,PROD-002,Gummy Bears,Lot's O' Nuts,197.31,59,126.51,70.8
1268,ORD-2023-11268,2023-09-22,2023-09-23,First Class,CUST-512,United States,City_27,State_2,18513,Chocolate,West,PROD-006,Dark Chocolate Truffles,Sugar Shack,247.42,17,162.42,85.0
1269,ORD-2023-11269,2023-02-12,2023-02-16,First Class,CUST-382,United States,City_39,State_7,76252,Chocolate,West,PROD-004,Peanut Butter Cups,The Other Factory,636.54,98,342.54,294.0
1270,ORD-2023-11270,2023-05-21,2023-05-24,First Class,CUST-449,United States,City_30,State_19,21284,Nuts,East,PROD-007,Cashew Clusters,Wicked Choccy's,2406.92,297,1218.92,1188.0
1271,ORD-2023-11271,2023-02-16,2023-02-26,Standard Class,CUST-290,United States,City_21,State_19,92132,Nuts,East,PROD-010,Pistachios,Secret Factory,1202.47,103,738.97,463.5
1272,ORD-2023-11272,2023-11-23,2023-11-28,Second Class,CUST-998,United States,City_47,State_8,50341,Nuts,East,PROD-001,Chocolate Almonds,Wicked Choccy's,1100.74,201,598.24,502.5
1273,ORD-2023-11273,2023-07-14,2023-07-19,Standard Class,CUST-385,United States,City_9,State_19,51358,Chocolate,Central,PROD-004,Peanut Butter Cups,Wicked Choccy's,2148.77,371,1035.77,1113.0
1274,ORD-2023-11274,2023-04-13,2023-04-13,First Class,CUST-365,United States,City_45,State_15,44674,Nuts,West,PROD-007,Cashew Clusters,Wicked Choccy's,1187.57,100,787.57,400.0
1275,ORD-2023-11275,2023-06-28,2023-07-01,First Class,CUST-560,United States,City_41,State_6,14814,Candy,Central,PROD-002,Gummy Bears,Secret Factory,1196.89,405,710.89,486.0
1276,ORD-2023-11276,2023-12-26,2024-01-01,Second Class,CUST-930,United States,City_44,State_10,37190,Nuts,West,PROD-010,Pistachios,Secret Factory,2109.28,232,1065.28,1044.0
1277,ORD-2023-11277,2023-09-20,2023-09-30,Standard Class,CUST-323,United States,City_30,State_9,14121,Chocolate,Central,PROD-006,Dark Chocolate Truffles,The Other Factory,3677.57,405,1652.57,2025.0
1278,ORD-2023-11278,2023-03-13,2023-03-17,Same Day,CUST-481,United States,City_37,State_13,96285,Candy,West,PROD-002,Gummy Bears,The Other Factory,711.21,249,412.41,298.8
1279,ORD-2023-11279,2023-11-19,2023-11-27,Standard Class,CUST-108,United States,City_11,State_14,72324,Nuts,Central,PROD-010,Pistachios,Lot's O' Nuts,2435.27,193,1566.77,868.5
1280,ORD-2023-11280,2023-07-03,2023-07-08,Second Class,CUST-659,United States,City_12,State_1,67541,Chocolate,East,PROD-006,Dark Chocolate Truffles,Sugar Shack,1447.62,166,617.62,830.0
1281,ORD-2023-11281,2023-08-31,2023-08-31,Same Day,CUST-840,United States,City_24,State_20,54286,Nuts,South,PROD-010,Pistachios,Secret Factory,3668.28,437,1701.78,1966.5
1282,ORD-2023-11282,2023-04-30,2023-05-06,Standard Class,CUST-619,United States,City_7,State_14,65822,Candy,Central,PROD-008,Lollipops,Secret Factory,580.43,400,380.43,200.0
1283,ORD-2023-11283,2023-03-25,2023-04-01,Standard Class,CUST-407,United States,City_39,State_17,36012,Candy,South,PROD-005,Jelly Beans,The Other Factory,713.83,272,305.83,408.0
1284,ORD-2023-11284,2023-01-28,2023-01-29,First Class,CUST-884,United States,City_10,State_12,70124,Nuts,West,PROD-010,Pistachios,Wicked Choccy's,494.91,56,242.91,252.0
1285,ORD-2023-11285,2023-12-04,2023-12-11,Standard Class,CUST-276,United States,City_20,State_10,20534,Nuts,South,PROD-007,Cashew Clusters,Wicked Choccy's,612.21,85,272.21,340.0
1286,ORD-2023-11286,2023-02-16,2023-02-16,Same Day,CUST-801,United States,City_36,State_12,10648,Candy,West,PROD-003,Sour Worms,Wicked Choccy's,922.35,380,428.35,494.0
1287,ORD-2023-11287,2023-08-30,2023-09-03,Standard Class,CUST-815,United States,City_14,State_16,97613,Candy,Central,PROD-008,Lollipops,Wicked Choccy's,368.14,291,222.64,145.5
1288,ORD-2023-11288,2023-07-18,2023-07-26,Standard Class,CUST-236,United States,City_26,State_11,47118,Nuts,West,PROD-007,Cashew Clusters,Secret Factory,593.26,75,293.26,300.0
1289,ORD-2023-11289,2023-06-27,2023-07-02,Standard Class,CUST-700,United States,City_2,State_8,89760,Nuts,South,PROD-007,Cashew Clusters,The Other Factory,2605.01,260,1565.01,1040.0
1290,ORD-2023-11290,2023-06-24,2023-06-24,First Class,CUST-725,United States,City_39,State_13,20127,Candy,Central,PROD-003,Sour Worms,Wicked Choccy's,945.71,266,599.91,345.8
1291,ORD-2023-11291,2023-01-23,2023-01-29,Second Class,CUST-195,United States,City_22,State_13,95726,Chocolate,South,PROD-004,Peanut Butter Cups,Wicked Choccy's,691.33,118,337.33,354.0
1292,ORD-2023-11292,2023-06-09,2023-06-15,First Class,CUST-592,United States,City_3,State_9,65277,Candy,West,PROD-003,Sour Worms,Secret Factory,679.49,208,409.09,270.4
1293,ORD-2023-11293,2023-08-27,2023-09-03,Standard Class,CUST-802,United States,City_47,State_4,95966,Candy,South,PROD-003,Sour Worms,Wicked Choccy's,890.9,422,342.3,548.6
1294,ORD-2023-11294,2023-03-07,2023-03-10,First Class,CUST-802,United States,City_30,State_1,73719,Nuts,West,PROD-007,Cashew Clusters,Lot's O' Nuts,2748.71,304,1532.71,1216.0
1295,ORD-2023-11295,2023-08-06,2023-08-11,First Class,CUST-218,United States,City_39,State_15,75806,Nuts,East,PROD-007,Cashew Clusters,Secret Factory,1484.24,142,916.24,568.0
1296,ORD-2023-11296,2023-02-27,2023-03-01,First Class,CUST-534,United States,City_35,State_13,98436,Chocolate,Central,PROD-006,Dark Chocolate Truffles,Secret Factory,3642.61,412,1582.61,2060.0
1297,ORD-2023-11297,2023-12-29,2024-01-01,First Class,CUST-627,United States,City_40,State_15,67001,Candy,East,PROD-002,Gummy Bears,Wicked Choccy's,706.4,312,332.0,374.4
1298,ORD-2023-11298,2023-03-04,2023-03-10,Standard Class,CUST-475,United States,City_4,State_20,99966,Nuts,Central,PROD-001,Chocolate Almonds,Secret Factory,2536.08,454,1401.08,1135.0
1299,ORD-2023-11299,2023-12-12,2023-12-14,First Class,CUST-124,United States,City_35,State_9,33426,Chocolate,South,PROD-006,Dark Chocolate Truffles,Sugar Shack,2133.45,161,1328.45,805.0
1300,ORD-2023-11300,2023-08-17,2023-08-23,Standard Class,CUST-136,United States,City_39,State_4,56824,Candy,South,PROD-005,Jelly Beans,Sugar Shack,513.88,176,249.88,264.0
1301,ORD-2023-11301,2023-03-31,2023-04-03,Second Class,CUST-229,United States,City_47,State_5,92958,Nuts,South,PROD-001,Chocolate Almonds,The Other Factory,305.08,53,172.58,132.5
1302,ORD-2023-11302,2023-08-23,2023-08-26,First Class,CUST-945,United States,City_47,State_17,84588,Candy,Central,PROD-008,Lollipops,Secret Factory,439.08,362,258.08,181.0
1303,ORD-2023-11303,2023-07-10,2023-07-10,First Class,CUST-841,United States,City_41,State_4,60058,Candy,East,PROD-008,Lollipops,Lot's O' Nuts,24.94,29,10.44,14.5
1304,ORD-2023-11304,2023-08-05,2023-08-08,First Class,CUST-864,United States,City_17,State_3,66811,Chocolate,Central,PROD-009,Caramel Squares,Lot's O' Nuts,923.21,215,321.21,602.0
1305,ORD-2023-11305,2023-11-12,2023-11-15,First Class,CUST-912,United States,City_16,State_2,59051,Candy,Central,PROD-002,Gummy Bears,Wicked Choccy's,756.34,273,428.74,327.6
1306,ORD-2023-11306,2023-05-21,2023-05-23,Same Day,CUST-290,United States,City_18,State_17,98006,Nuts,West,PROD-010,Pistachios,Secret Factory,4468.73,392,2704.73,1764.0
1307,ORD-2023-11307,2023-12-14,2023-12-18,Second Class,CUST-516,United States,City_14,State_1,64306,Nuts,South,PROD-001,Chocolate Almonds,The Other Factory,739.74,155,352.24,387.5
1308,ORD-2023-11308,2023-11-03,2023-11-03,Same Day,CUST-425,United States,City_7,State_8,39468,Candy,Central,PROD-003,Sour Worms,Sugar Shack,1595.14,414,1056.94,538.2
1309,ORD-2023-11309,2023-11-10,2023-11-17,Standard Class,CUST-723,United States,City_30,State_19,65150,Nuts,West,PROD-001,Chocolate Almonds,Sugar Shack,1017.46,157,624.96,392.5
1310,ORD-2023-11310,2023-10-13,2023-10-14,Same Day,CUST-427,United States,City_23,State_15,29893,Nuts,South,PROD-010,Pistachios,Sugar Shack,145.04,16,73.04,72.0
1311,ORD-2023-11311,2023-12-11,2023-12-16,Second Class,CUST-133,United States,City_43,State_19,20303,Candy,West,PROD-008,Lollipops,Secret Factory,196.83,209,92.33,104.5
1312,ORD-2023-11312,2023-04-17,2023-04-25,Standard Class,CUST-478,United States,City_20,State_10,51331,Candy,Central,PROD-008,Lollipops,The Other Factory,583.55,392,387.55,196.0
1313,ORD-2023-11313,2023-11-16,2023-11-24,Second Class,CUST-460,United States,City_37,State_14,64446,Candy,East,PROD-008,Lollipops,Secret Factory,270.39,309,115.89,154.5
1314,ORD-2023-11314,2023-07-12,2023-07-17,Second Class,CUST-487,United States,City_39,State_4,22711,Nuts,South,PROD-001,Chocolate Almonds,Sugar Shack,2773.43,481,1570.93,1202.5
1315,ORD-2023-11315,2023-10-20,2023-10-25,Standard Class,CUST-262,United States,City_50,State_13,82098,Nuts,West,PROD-007,Cashew Clusters,Wicked Choccy's,1117.33,158,485.33,632.0
1316,ORD-2023-11316,2023-11-03,2023-11-03,Same Day,CUST-471,United States,City_41,State_4,97062,Nuts,West,PROD-007,Cashew Clusters,Sugar Shack,1203.3,152,595.3,608.0
1317,ORD-2023-11317,2023-07-26,2023-07-29,Second Class,CUST-393,United States,City_29,State_6,33281,Chocolate,South,PROD-006,Dark Chocolate Truffles,The Other Factory,3465.34,263,2150.34,1315.0
1318,ORD-2023-11318,2023-08-26,2023-08-29,First Class,CUST-200,United States,City_25,State_19,95603,Nuts,East,PROD-007,Cashew Clusters,Sugar Shack,2426.6,345,1046.6,1380.0
1319,ORD-2023-11319,2023-11-22,2023-11-24,Second Class,CUST-241,United States,City_40,State_20,75976,Nuts,South,PROD-007,Cashew Clusters,Secret Factory,233.12,24,137.12,96.0
1320,ORD-2023-11320,2023-06-16,2023-06-22,Standard Class,CUST-682,United States,City_41,State_16,99700,Candy,South,PROD-002,Gummy Bears,The Other Factory,724.47,322,338.07,386.4
1321,ORD-2023-11321,2023-10-10,2023-10-13,Same Day,CUST-970,United States,City_11,State_15,58373,Candy,East,PROD-002,Gummy Bears,Sugar Shack,908.99,271,583.79,325.2
1322,ORD-2023-11322,2023-06-15,2023-06-21,Second Class,CUST-131,United States,City_14,State_19,70447,Chocolate,South,PROD-004,Peanut Butter Cups,Wicked Choccy's,448.02,77,217.02,231.0
1323,ORD-2023-11323,2023-04-01,2023-04-06,Second Class,CUST-213,United States,City_39,State_11,30875,Candy,South,PROD-008,Lollipops,Wicked Choccy's,276.79,246,153.79,123.0
1324,ORD-2023-11324,2023-01-17,2023-01-26,Standard Class,CUST-987,United States,City_34,State_16,60504,Chocolate,East,PROD-004,Peanut Butter Cups,Secret Factory,2708.99,359,1631.99,1077.0
1325,ORD-2023-11325,2023-11-07,2023-11-13,Standard Class,CUST-831,United States,City_2,State_15,73020,Candy,Central,PROD-002,Gummy Bears,Secret Factory,1220.98,341,811.78,409.2
1326,ORD-2023-11326,2023-07-06,2023-07-10,Standard Class,CUST-623,United States,City_41,State_15,66175,Nuts,South,PROD-001,Chocolate Almonds,Sugar Shack,1377.59,214,842.59,535.0
1327,ORD-2023-11327,2023-10-24,2023-10-25,First Class,CUST-839,United States,City_11,State_12,64118,Candy,West,PROD-002,Gummy Bears,Lot's O' Nuts,1273.84,395,799.84,474.0
1328,ORD-2023-11328,2023-04-18,2023-04-18,Same Day,CUST-757,United States,City_45,State_3,70062,Chocolate,West,PROD-006,Dark Chocolate Truffles,Wicked Choccy's,1193.12,145,468.12,725.0
1329,ORD-2023-11329,2023-06-01,2023-06-02,First Class,CUST-906,United States,City_29,State_9,84479,Candy,Central,PROD-008,Lollipops,Wicked Choccy's,392.23,362,211.23,181.0
1330,ORD-2023-11330,2023-03-17,2023-03-26,Second Class,CUST-326,United States,City_24,State_19,57542,Candy,East,PROD-005,Jelly Beans,The Other Factory,803.01,277,387.51,415.5
1331,ORD-2023-11331,2023-09-01,2023-09-05,First Class,CUST-401,United States,City_10,State_5,29205,Candy,West,PROD-005,Jelly Beans,Sugar Shack,1214.88,375,652.38,562.5
1332,ORD-2023-11332,2023-11-23,2023-11-26,First Class,CUST-316,United States,City_38,State_10,29446,Nuts,South,PROD-010,Pistachios,Sugar Shack,874.32,126,307.32,567.0
1333,ORD-2023-11333,2023-09-18,2023-09-21,First Class,CUST-629,United States,City_26,State_16,91062,Nuts,Central,PROD-010,Pistachios,Lot's O' Nuts,4936.01,391,3176.51,1759.5
1334,ORD-2023-11334,2023-09-25,2023-09-28,First Class,CUST-596,United States,City_42,State_6,78843,Candy,West,PROD-003,Sour Worms,Sugar Shack,540.1,201,278.8,261.3
1335,ORD-2023-11335,2023-01-08,2023-01-11,Same Day,CUST-450,United States,City_15,State_10,37057,Candy,South,PROD-008,Lollipops,Wicked Choccy's,513.99,352,337.99,176.0
1336,ORD-2023-11336,2023-11-29,2023-12-05,Standard Class,CUST-570,United States,City_37,State_1,78697,Chocolate,Central,PROD-004,Peanut Butter Cups,Wicked Choccy's,671.47,110,341.47,330.0
1337,ORD-2023-11337,2023-07-24,2023-07-29,Standard Class,CUST-437,United States,City_33,State_3,45582,Chocolate,Central,PROD-004,Peanut Butter Cups,Wicked Choccy's,1631.78,330,641.78,990.0
1338,ORD-2023-11338,2023-08-17,2023-08-27,Standard Class,CUST-350,United States,City_17,State_6,95302,Chocolate,East,PROD-009,Caramel Squares,The Other Factory,1918.92,300,1078.92,840.0
1339,ORD-2023-11339,2023-01-21,2023-01-26,Second Class,CUST-384,United States,City_6,State_7,18345,Chocolate,South,PROD-004,Peanut Butter Cups,Wicked Choccy's,1828.4,321,865.4,963.0
1340,ORD-2023-11340,2023-04-17,2023-04-25,Standard Class,CUST-879,United States,City_38,State_16,70852,Candy,Central,PROD-003,Sour Worms,The Other Factory,305.64,126,141.84,163.8
1341,ORD-2023-11341,2023-11-21,2023-11-28,First Class,CUST-219,United States,City_29,State_3,72394,Candy,East,PROD-002,Gummy Bears,The Other Factory,101.22,47,44.82,56.4
1342,ORD-2023-11342,2023-06-03,2023-06-04,Same Day,CUST-540,United States,City_8,State_15,94230,Chocolate,West,PROD-004,Peanut Butter Cups,Lot's O' Nuts,1367.51,301,464.51,903.0
1343,ORD-2023-11343,2023-05-09,2023-05-15,Standard Class,CUST-377,United States,City_32,State_6,53075,Chocolate,South,PROD-004,Peanut Butter Cups,The Other Factory,2507.57,396,1319.57,1188.0
1344,ORD-2023-11344,2023-05-16,2023-05-19,First Class,CUST-449,United States,City_18,State_18,75937,Chocolate,Central,PROD-009,Caramel Squares,Secret Factory,2921.58,454,1650.38,1271.2
1345,ORD-2023-11345,2023-09-07,2023-09-15,Second Class,CUST-621,United States,City_31,State_16,31381,Candy,East,PROD-005,Jelly Beans,Secret Factory,38.59,13,19.09,19.5
1346,ORD-2023-11346,2023-02-18,2023-02-22,First Class,CUST-450,United States,City_41,State_18,33941,Candy,South,PROD-003,Sour Worms,Lot's O' Nuts,1753.75,483,1125.85,627.9
1347,ORD-2023-11347,2023-06-07,2023-06-08,Second Class,CUST-884,United States,City_34,State_16,23489,Chocolate,West,PROD-004,Peanut Butter Cups,Lot's O' Nuts,1562.54,266,764.54,798.0
1348,ORD-2023-11348,2023-06-15,2023-06-23,Second Class,CUST-505,United States,City_11,State_6,89970,Candy,West,PROD-005,Jelly Beans,The Other Factory,241.36,90,106.36,135.0
1349,ORD-2023-11349,2023-05-18,2023-05-18,Same Day,CUST-583,United States,City_20,State_12,29003,Candy,South,PROD-003,Sour Worms,Sugar Shack,478.67,127,313.57,165.1
1350,ORD-2023-11350,2023-08-19,2023-08-19,First Class,CUST-502,United States,City_49,State_14,10743,Candy,Central,PROD-005,Jelly Beans,Sugar Shack,535.56,167,285.06,250.5
1351,ORD-2023-11351,2023-11-27,2023-12-01,First Class,CUST-567,United States,City_50,State_9,12553,Nuts,South,PROD-007,Cashew Clusters,Lot's O' Nuts,2886.3,422,1198.3,1688.0
1352,ORD-2023-11352,2023-07-11,2023-07-11,First Class,CUST-909,United States,City_25,State_11,83147,Chocolate,Central,PROD-004,Peanut Butter Cups,Wicked Choccy's,130.86,22,64.86,66.0
1353,ORD-2023-11353,2023-05-21,2023-05-21,Same Day,CUST-264,United States,City_21,State_16,87717,Chocolate,West,PROD-009,Caramel Squares,Wicked Choccy's,288.81,64,109.61,179.2
1354,ORD-2023-11354,2023-05-08,2023-05-13,Same Day,CUST-700,United States,City_25,State_2,23295,Candy,South,PROD-008,Lollipops,Lot's O' Nuts,228.0,153,151.5,76.5
1355,ORD-2023-11355,2023-08-13,2023-08-13,First Class,CUST-583,United States,City_9,State_3,52538,Nuts,Central,PROD-001,Chocolate Almonds,Sugar Shack,2321.26,482,1116.26,1205.0
1356,ORD-2023-11356,2023-10-21,2023-10-21,First Class,CUST-548,United States,City_16,State_11,85069,Nuts,West,PROD-007,Cashew Clusters,Wicked Choccy's,1049.55,112,601.55,448.0
1357,ORD-2023-11357,2023-03-13,2023-03-17,Standard Class,CUST-991,United States,City_45,State_11,57347,Chocolate,Central,PROD-009,Caramel Squares,Sugar Shack,3010.61,405,1876.61,1134.0
1358,ORD-2023-11358,2023-08-28,2023-08-29,First Class,CUST-441,United States,City_13,State_9,43470,Candy,West,PROD-008,Lollipops,Wicked Choccy's,138.05,126,75.05,63.0
1359,ORD-2023-11359,2023-11-25,2023-11-30,Standard Class,CUST-925,United States,City_32,State_2,79258,Nuts,West,PROD-010,Pistachios,Lot's O' Nuts,2119.59,220,1129.59,990.0
1360,ORD-2023-11360,2023-10-17,2023-10-25,Standard Class,CUST-616,United States,City_21,State_18,74488,Nuts,Central,PROD-001,Chocolate Almonds,The Other Factory,1743.7,233,1161.2,582.5
1361,ORD-2023-11361,2023-02-08,2023-02-15,Standard Class,CUST-671,United States,City_50,State_4,79699,Candy,Central,PROD-005,Jelly Beans,The Other Factory,734.74,299,286.24,448.5
1362,ORD-2023-11362,2023-11-09,2023-11-15,Same Day,CUST-869,United States,City_5,State_14,46289,Candy,East,PROD-003,Sour Worms,The Other Factory,1329.1,342,884.5,444.6
1363,ORD-2023-11363,2023-02-07,2023-02-11,First Class,CUST-447,United States,City_30,State_17,66675,Candy,West,PROD-008,Lollipops,Secret Factory,127.3,103,75.8,51.5
1364,ORD-2023-11364,2023-11-16,2023-11-21,Standard Class,CUST-108,United States,City_15,State_11,65987,Nuts,Central,PROD-001,Chocolate Almonds,Secret Factory,2262.14,434,1177.14,1085.0
1365,ORD-2023-11365,2023-09-30,2023-10-03,First Class,CUST-305,United States,City_50,State_19,56484,Candy,West,PROD-003,Sour Worms,Sugar Shack,786.79,244,469.59,317.2
1366,ORD-2023-11366,2023-04-16,2023-04-18,Second Class,CUST-126,United States,City_35,State_20,15171,Nuts,West,PROD-010,Pistachios,Wicked Choccy's,1331.94,167,580.44,751.5
1367,ORD-2023-11367,2023-06-17,2023-06-24,Standard Class,CUST-335,United States,City_43,State_7,36437,Candy,Central,PROD-003,Sour Worms,The Other Factory,1167.03,455,575.53,591.5
1368,ORD-2023-11368,2023-04-30,2023-05-03,First Class,CUST-890,United States,City_23,State_1,27997,Candy,South,PROD-005,Jelly Beans,Wicked Choccy's,2112.35,489,1378.85,733.5
1369,ORD-2023-11369,2023-08-16,2023-08-25,Standard Class,CUST-857,United States,City_14,State_13,16450,Candy,South,PROD-008,Lollipops,Lot's O' Nuts,593.81,454,366.81,227.0
1370,ORD-2023-11370,2023-04-16,2023-04-18,Second Class,CUST-934,United States,City_8,State_3,32950,Candy,South,PROD-008,Lollipops,Secret Factory,418.29,404,216.29,202.0
1371,ORD-2023-11371,2023-04-18,2023-04-26,Second Class,CUST-858,United States,City_39,State_12,51534,Chocolate,East,PROD-009,Caramel Squares,The Other Factory,578.72,71,379.92,198.8
1372,ORD-2023-11372,2023-09-17,2023-09-23,Standard Class,CUST-620,United States,City_8,State_15,12116,Nuts,West,PROD-007,Cashew Clusters,Wicked Choccy's,1720.37,194,944.37,776.0
1373,ORD-2023-11373,2023-02-21,2023-02-21,Same Day,CUST-417,United States,City_5,State_14,95459,Nuts,South,PROD-001,Chocolate Almonds,Secret Factory,974.38,191,496.88,477.5
1374,ORD-2023-11374,2023-08-30,2023-08-30,Same Day,CUST-381,United States,City_47,State_11,15946,Candy,East,PROD-005,Jelly Beans,Wicked Choccy's,79.03,18,52.03,27.0
1375,ORD-2023-11375,2023-03-07,2023-03-13,Standard Class,CUST-811,United States,City_31,State_2,18019,Candy,West,PROD-003,Sour Worms,Wicked Choccy's,619.78,275,262.28,357.5
1376,ORD-2023-11376,2023-11-13,2023-11-15,First Class,CUST-529,United States,City_12,State_6,77973,Nuts,Central,PROD-010,Pistachios,Wicked Choccy's,2732.14,222,1733.14,999.0
1377,ORD-2023-11377,2023-03-25,2023-03-30,Standard Class,CUST-413,United States,City_26,State_12,44757,Candy,Central,PROD-003,Sour Worms,Wicked Choccy's,73.01,25,40.51,32.5
1378,ORD-2023-11378,2023-06-19,2023-06-28,Standard Class,CUST-135,United States,City_48,State_5,63432,Nuts,East,PROD-010,Pistachios,Sugar Shack,305.99,24,197.99,108.0
1379,ORD-2023-11379,2023-03-22,2023-03-25,Second Class,CUST-328,United States,City_6,State_14,18693,Nuts,South,PROD-001,Chocolate Almonds,The Other Factory,232.17,61,79.67,152.5
1380,ORD-2023-11380,2023-10-02,2023-10-03,Same Day,CUST-717,United States,City_41,State_1,50819,Candy,South,PROD-002,Gummy Bears,Secret Factory,479.85,235,197.85,282.0
1381,ORD-2023-11381,2023-06-15,2023-06-20,Second Class,CUST-728,United States,City_43,State_4,72624,Candy,Central,PROD-008,Lollipops,Secret Factory,399.63,346,226.63,173.0
1382,ORD-2023-11382,2023-04-23,2023-04-30,Second Class,CUST-246,United States,City_15,State_3,22424,Candy,West,PROD-008,Lollipops,The Other Factory,231.33,273,94.83,136.5
1383,ORD-2023-11383,2023-04-26,2023-05-04,Second Class,CUST-775,United States,City_20,State_11,70574,Nuts,East,PROD-007,Cashew Clusters,Sugar Shack,980.87,138,428.87,552.0
1384,ORD-2023-11384,2023-06-17,2023-06-22,Second Class,CUST-248,United States,City_38,State_2,60466,Nuts,Central,PROD-010,Pistachios,The Other Factory,2097.21,226,1080.21,1017.0
1385,ORD-2023-11385,2023-03-15,2023-03-20,Standard Class,CUST-913,United States,City_16,State_6,62004,Nuts,West,PROD-001,Chocolate Almonds,Wicked Choccy's,1295.23,334,460.23,835.0
1386,ORD-2023-11386,2023-06-26,2023-06-30,Same Day,CUST-936,United States,City_37,State_13,69258,Chocolate,South,PROD-006,Dark Chocolate Truffles,Lot's O' Nuts,1294.83,106,764.83,530.0
1387,ORD-2023-11387,2023-03-02,2023-03-04,Same Day,CUST-886,United States,City_33,State_11,54204,Chocolate,Central,PROD-004,Peanut Butter Cups,Secret Factory,2250.94,391,1077.94,1173.0
1388,ORD-2023-11388,2023-10-09,2023-10-10,Same Day,CUST-784,United States,City_22,State_17,44454,Candy,Central,PROD-003,Sour Worms,Sugar Shack,788.13,243,472.23,315.9
1389,ORD-2023-11389,2023-10-06,2023-10-12,Standard Class,CUST-568,United States,City_8,State_4,82150,Candy,South,PROD-002,Gummy Bears,Sugar Shack,145.8,74,57.0,88.8
1390,ORD-2023-11390,2023-08-20,2023-08-21,First Class,CUST-184,United States,City_33,State_6,62108,Candy,Central,PROD-005,Jelly Beans,Wicked Choccy's,814.32,233,464.82,349.5
1391,ORD-2023-11391,2023-01-09,2023-01-12,Second Class,CUST-462,United States,City_34,State_20,29892,Chocolate,West,PROD-009,Caramel Squares,Wicked Choccy's,808.12,111,497.32,310.8
1392,ORD-2023-11392,2023-10-04,2023-10-10,First Class,CUST-643,United States,City_11,State_12,30807,Nuts,East,PROD-010,Pistachios,The Other Factory,1451.92,127,880.42,571.5
1393,ORD-2023-11393,2023-10-04,2023-10-09,Second Class,CUST-534,United States,City_13,State_9,16411,Candy,West,PROD-002,Gummy Bears,Wicked Choccy's,1731.46,492,1141.06,590.4
1394,ORD-2023-11394,2023-09-01,2023-09-02,Same Day,CUST-838,United States,City_20,State_1,19813,Nuts,South,PROD-007,Cashew Clusters,Sugar Shack,1974.95,249,978.95,996.0
1395,ORD-2023-11395,2023-11-10,2023-11-15,Second Class,CUST-160,United States,City_49,State_14,28389,Candy,Central,PROD-005,Jelly Beans,The Other Factory,1384.23,314,913.23,471.0
1396,ORD-2023-11396,2023-07-20,2023-07-26,Second Class,CUST-529,United States,City_26,State_19,35345,Candy,West,PROD-003,Sour Worms,Secret Factory,931.5,412,395.9,535.6
1397,ORD-2023-11397,2023-05-22,2023-05-26,Second Class,CUST-226,United States,City_47,State_19,98121,Chocolate,East,PROD-004,Peanut Butter Cups,Sugar Shack,689.87,81,446.87,243.0
1398,ORD-2023-11398,2023-12-11,2023-12-16,Second Class,CUST-111,United States,City_41,State_4,78238,Candy,South,PROD-003,Sour Worms,Wicked Choccy's,518.4,151,322.1,196.3
1399,ORD-2023-11399,2023-04-29,2023-05-06,Same Day,CUST-941,United States,City_8,State_18,89958,Candy,East,PROD-005,Jelly Beans,The Other Factory,1126.17,348,604.17,522.0
1400,ORD-2023-11400,2023-05-20,2023-05-21,First Class,CUST-490,United States,City_17,State_4,92168,Candy,East,PROD-008,Lollipops,Wicked Choccy's,739.52,496,491.52,248.0
1401,ORD-2023-11401,2023-05-30,2023-05-31,Same Day,CUST-190,United States,City_47,State_20,88518,Candy,West,PROD-008,Lollipops,Secret Factory,142.77,125,80.27,62.5
1402,ORD-2023-11402,2023-08-04,2023-08-07,Same Day,CUST-985,United States,City_50,State_9,46158,Chocolate,South,PROD-006,Dark Chocolate Truffles,Wicked Choccy's,479.13,39,284.13,195.0
1403,ORD-2023-11403,2023-12-08,2023-12-12,Same Day,CUST-465,United States,City_6,State_1,23255,Candy,Central,PROD-005,Jelly Beans,The Other Factory,1233.11,438,576.11,657.0
1404,ORD-2023-11404,2023-10-30,2023-11-05,Second Class,CUST-206,United States,City_50,State_16,83488,Candy,South,PROD-008,Lollipops,Wicked Choccy's,289.82,232,173.82,116.0
1405,ORD-2023-11405,2023-01-22,2023-01-24,Same Day,CUST-958,United States,City_42,State_4,85448,Nuts,South,PROD-010,Pistachios,The Other Factory,2377.89,318,946.89,1431.0
1406,ORD-2023-11406,2023-10-25,2023-10-26,First Class,CUST-718,United States,City_27,State_13,15225,Candy,West,PROD-002,Gummy Bears,Lot's O' Nuts,1089.17,354,664.37,424.8
1407,ORD-2023-11407,2023-07-24,2023-07-27,Standard Class,CUST-862,United States,City_50,State_14,97696,Chocolate,South,PROD-006,Dark Chocolate Truffles,Secret Factory,5767.68,426,3637.68,2130.0
1408,ORD-2023-11408,2023-11-19,2023-11-25,Standard Class,CUST-399,United States,City_27,State_1,69850,Nuts,West,PROD-001,Chocolate Almonds,Wicked Choccy's,2461.9,494,1226.9,1235.0
1409,ORD-2023-11409,2023-05-08,2023-05-08,First Class,CUST-148,United States,City_21,State_15,93205,Candy,Central,PROD-005,Jelly Beans,Sugar Shack,491.28,151,264.78,226.5
1410,ORD-2023-11410,2023-07-25,2023-07-25,First Class,CUST-935,United States,City_12,State_16,21648,Candy,West,PROD-005,Jelly Beans,Wicked Choccy's,1198.51,395,606.01,592.5
1411,ORD-2023-11411,2023-06-06,2023-06-09,First Class,CUST-192,United States,City_41,State_13,51015,Chocolate,West,PROD-006,Dark Chocolate Truffles,Sugar Shack,875.73,61,570.73,305.0
1412,ORD-2023-11412,2023-04-14,2023-04-17,Same Day,CUST-597,United States,City_23,State_11,67379,Nuts,West,PROD-010,Pistachios,Secret Factory,1816.54,145,1164.04,652.5
1413,ORD-2023-11413,2023-01-09,2023-01-10,First Class,CUST-417,United States,City_33,State_18,48824,Chocolate,West,PROD-006,Dark Chocolate Truffles,Wicked Choccy's,597.87,67,262.87,335.0
1414,ORD-2023-11414,2023-11-13,2023-11-19,Same Day,CUST-195,United States,City_6,State_20,96925,Chocolate,West,PROD-009,Caramel Squares,The Other Factory,1653.93,366,629.13,1024.8
1415,ORD-2023-11415,2023-09-30,2023-10-01,First Class,CUST-494,United States,City_7,State_10,90402,Nuts,West,PROD-007,Cashew Clusters,Sugar Shack,1600.68,191,836.68,764.0
1416,ORD-2023-11416,2023-08-15,2023-08-21,Second Class,CUST-661,United States,City_10,State_9,13454,Nuts,Central,PROD-010,Pistachios,Lot's O' Nuts,3034.89,432,1090.89,1944.0
1417,ORD-2023-11417,2023-04-26,2023-04-29,Second Class,CUST-321,United States,City_10,State_1,48901,Candy,West,PROD-008,Lollipops,Wicked Choccy's,290.44,235,172.94,117.5
1418,ORD-2023-11418,2023-08-01,2023-08-05,Same Day,CUST-681,United States,City_13,State_14,34386,Chocolate,South,PROD-004,Peanut Butter Cups,Lot's O' Nuts,2052.27,294,1170.27,882.0
1419,ORD-2023-11419,2023-05-14,2023-05-17,Same Day,CUST-472,United States,City_17,State_14,58526,Chocolate,South,PROD-009,Caramel Squares,The Other Factory,2799.77,371,1760.97,1038.8
1420,ORD-2023-11420,2023-02-09,2023-02-12,First Class,CUST-429,United States,City_45,State_8,80552,Chocolate,Central,PROD-006,Dark Chocolate Truffles,Wicked Choccy's,6349.5,500,3849.5,2500.0
1421,ORD-2023-11421,2023-10-02,2023-10-04,Same Day,CUST-946,United States,City_39,State_8,55657,Nuts,East,PROD-010,Pistachios,Wicked Choccy's,1267.77,170,502.77,765.0
1422,ORD-2023-11422,2023-10-22,2023-10-27,First Class,CUST-733,United States,City_29,State_16,87471,Chocolate,South,PROD-009,Caramel Squares,Wicked Choccy's,1937.47,438,711.07,1226.4
1423,ORD-2023-11423,2023-10-14,2023-10-20,Standard Class,CUST-158,United States,City_23,State_16,29382,Nuts,West,PROD-007,Cashew Clusters,Lot's O' Nuts,2235.6,239,1279.6,956.0
1424,ORD-2023-11424,2023-10-19,2023-10-22,First Class,CUST-845,United States,City_2,State_20,74331,Candy,East,PROD-002,Gummy Bears,Sugar Shack,487.23,139,320.43,166.8
1425,ORD-2023-11425,2023-12-05,2023-12-09,Second Class,CUST-813,United States,City_44,State_10,53323,Nuts,South,PROD-007,Cashew Clusters,Wicked Choccy's,1894.01,241,930.01,964.0
1426,ORD-2023-11426,2023-10-04,2023-10-06,Second Class,CUST-983,United States,City_1,State_20,16943,Chocolate,South,PROD-004,Peanut Butter Cups,The Other Factory,2556.45,358,1482.45,1074.0
1427,ORD-2023-11427,2023-11-11,2023-11-24,Standard Class,CUST-847,United States,City_11,State_7,42610,Chocolate,East,PROD-006,Dark Chocolate Truffles,The Other Factory,481.88,42,271.88,210.0
1428,ORD-2023-11428,2023-11-29,2023-12-02,Standard Class,CUST-222,United States,City_22,State_3,22341,Nuts,West,PROD-010,Pistachios,Wicked Choccy's,4894.17,485,2711.67,2182.5
1429,ORD-2023-11429,2023-07-15,2023-07-16,Same Day,CUST-967,United States,City_22,State_6,22564,Nuts,South,PROD-007,Cashew Clusters,The Other Factory,3237.8,366,1773.8,1464.0
1430,ORD-2023-11430,2023-05-10,2023-05-11,Same Day,CUST-366,United States,City_26,State_7,39706,Candy,West,PROD-005,Jelly Beans,Sugar Shack,650.35,265,252.85,397.5
1431,ORD-2023-11431,2023-02-18,2023-02-21,Same Day,CUST-720,United States,City_4,State_18,17752,Chocolate,Central,PROD-006,Dark Chocolate Truffles,Lot's O' Nuts,2622.45,278,1232.45,1390.0
1432,ORD-2023-11432,2023-09-28,2023-10-05,Standard Class,CUST-493,United States,City_20,State_1,84459,Chocolate,West,PROD-006,Dark Chocolate Truffles,Lot's O' Nuts,120.56,16,40.56,80.0
1433,ORD-2023-11433,2023-04-07,2023-04-13,Second Class,CUST-286,United States,City_35,State_7,55252,Nuts,East,PROD-010,Pistachios,Sugar Shack,3665.2,335,2157.7,1507.5
1434,ORD-2023-11434,2023-08-14,2023-08-17,Second Class,CUST-890,United States,City_12,State_17,29510,Candy,Central,PROD-002,Gummy Bears,Wicked Choccy's,1232.74,371,787.54,445.2
1435,ORD-2023-11435,2023-06-09,2023-06-13,Standard Class,CUST-457,United States,City_44,State_6,87346,Candy,East,PROD-008,Lollipops,Lot's O' Nuts,472.66,488,228.66,244.0
1436,ORD-2023-11436,2023-04-09,2023-04-10,Same Day,CUST-727,United States,City_22,State_15,96309,Chocolate,East,PROD-009,Caramel Squares,Wicked Choccy's,1542.96,318,652.56,890.4
1437,ORD-2023-11437,2023-12-09,2023-12-13,Standard Class,CUST-352,United States,City_24,State_5,41385,Chocolate,South,PROD-009,Caramel Squares,Secret Factory,1311.16,293,490.76,820.4
1438,ORD-2023-11438,2023-07-03,2023-07-12,Standard Class,CUST-591,United States,City_43,State_19,22947,Candy,South,PROD-008,Lollipops,Wicked Choccy's,57.5,40,37.5,20.0
1439,ORD-2023-11439,2023-10-07,2023-10-10,Same Day,CUST-428,United States,City_9,State_15,35957,Chocolate,Central,PROD-009,Caramel Squares,Lot's O' Nuts,1709.89,339,760.69,949.2
1440,ORD-2023-11440,2023-07-13,2023-07-13,Same Day,CUST-603,United States,City_7,State_11,83564,Candy,South,PROD-005,Jelly Beans,Secret Factory,174.38,52,96.38,78.0
1441,ORD-2023-11441,2023-09-12,2023-09-15,First Class,CUST-889,United States,City_44,State_2,79147,Candy,South,PROD-008,Lollipops,The Other Factory,547.16,412,341.16,206.0
1442,ORD-2023-11442,2023-10-28,2023-10-31,First Class,CUST-655,United States,City_12,State_11,16285,Nuts,East,PROD-001,Chocolate Almonds,Wicked Choccy's,2793.41,392,1813.41,980.0
1443,ORD-2023-11443,2023-07-17,2023-07-18,First Class,CUST-650,United States,City_4,State_14,76633,Chocolate,East,PROD-009,Caramel Squares,Lot's O' Nuts,601.81,106,305.01,296.8
1444,ORD-2023-11444,2023-04-20,2023-04-25,Standard Class,CUST-290,United States,City_15,State_11,19563,Chocolate,Central,PROD-009,Caramel Squares,Wicked Choccy's,367.22,60,199.22,168.0
1445,ORD-2023-11445,2023-01-24,2023-02-01,Standard Class,CUST-805,United States,City_8,State_10,10621,Chocolate,West,PROD-004,Peanut Butter Cups,Secret Factory,2996.45,482,1550.45,1446.0
1446,ORD-2023-11446,2023-04-27,2023-04-27,Same Day,CUST-511,United States,City_3,State_5,28568,Chocolate,West,PROD-004,Peanut Butter Cups,Sugar Shack,1725.83,200,1125.83,600.0
1447,ORD-2023-11447,2023-12-15,2023-12-15,Same Day,CUST-741,United States,City_20,State_7,95634,Nuts,Central,PROD-010,Pistachios,Wicked Choccy's,3486.19,302,2127.19,1359.0
1448,ORD-2023-11448,2023-07-31,2023-08-05,Same Day,CUST-294,United States,City_50,State_16,43216,Candy,East,PROD-005,Jelly Beans,Secret Factory,583.77,203,279.27,304.5
1449,ORD-2023-11449,2023-12-23,2024-01-02,Standard Class,CUST-778,United States,City_45,State_8,19243,Nuts,South,PROD-010,Pistachios,Lot's O' Nuts,3932.21,402,2123.21,1809.0
1450,ORD-2023-11450,2023-02-04,2023-02-05,Same Day,CUST-271,United States,City_48,State_9,99247,Candy,West,PROD-002,Gummy Bears,Lot's O' Nuts,284.95,103,161.35,123.6
1451,ORD-2023-11451,2023-10-19,2023-10-20,First Class,CUST-222,United States,City_26,State_7,21338,Nuts,Central,PROD-007,Cashew Clusters,Sugar Shack,951.09,143,379.09,572.0
1452,ORD-2023-11452,2023-09-23,2023-09-30,Second Class,CUST-211,United States,City_8,State_8,14984,Chocolate,West,PROD-009,Caramel Squares,Secret Factory,172.75,28,94.35,78.4
1453,ORD-2023-11453,2023-05-04,2023-05-10,Standard Class,CUST-548,United States,City_48,State_5,67936,Nuts,East,PROD-007,Cashew Clusters,Wicked Choccy's,2258.22,233,1326.22,932.0
1454,ORD-2023-11454,2023-06-12,2023-06-19,Second Class,CUST-256,United States,City_22,State_9,33006,Nuts,West,PROD-010,Pistachios,Lot's O' Nuts,338.86,32,194.86,144.0
1455,ORD-2023-11455,2023-07-20,2023-07-28,Standard Class,CUST-398,United States,City_33,State_3,39522,Chocolate,West,PROD-006,Dark Chocolate Truffles,Secret Factory,1764.24,204,744.24,1020.0
1456,ORD-2023-11456,2023-01-13,2023-01-13,Same Day,CUST-963,United States,City_16,State_20,79278,Candy,Central,PROD-003,Sour Worms,Wicked Choccy's,1280.92,456,688.12,592.8
1457,ORD-2023-11457,2023-10-08,2023-10-16,Second Class,CUST-801,United States,City_5,State_14,77901,Candy,West,PROD-005,Jelly Beans,The Other Factory,408.95,172,150.95,258.0
1458,ORD-2023-11458,2023-07-09,2023-07-11,First Class,CUST-206,United States,City_44,State_8,10773,Chocolate,West,PROD-009,Caramel Squares,Lot's O' Nuts,139.28,29,58.08,81.2
1459,ORD-2023-11459,2023-10-18,2023-10-19,Same Day,CUST-880,United States,City_41,State_2,83877,Nuts,East,PROD-007,Cashew Clusters,Lot's O' Nuts,791.08,71,507.08,284.0
1460,ORD-2023-11460,2023-10-20,2023-10-20,Same Day,CUST-802,United States,City_40,State_13,68939,Chocolate,East,PROD-009,Caramel Squares,Lot's O' Nuts,1979.29,340,1027.29,952.0
1461,ORD-2023-11461,2023-11-22,2023-11-24,First Class,CUST-256,United States,City_30,State_18,57203,Chocolate,Central,PROD-004,Peanut Butter Cups,Secret Factory,1610.77,242,884.77,726.0
1462,ORD-2023-11462,2023-07-18,2023-07-21,Second Class,CUST-476,United States,City_48,State_1,66588,Chocolate,Central,PROD-004,Peanut Butter Cups,Wicked Choccy's,1194.09,141,771.09,423.0
1463,ORD-2023-11463,2023-07-30,2023-07-31,Same Day,CUST-972,United States,City_15,State_13,26387,Candy,East,PROD-005,Jelly Beans,Wicked Choccy's,1577.63,373,1018.13,559.5
1464,ORD-2023-11464,2023-08-02,2023-08-04,Same Day,CUST-554,United States,City_25,State_15,57652,Chocolate,South,PROD-006,Dark Chocolate Truffles,Wicked Choccy's,3185.21,245,1960.21,1225.0
1465,ORD-2023-11465,2023-09-29,2023-10-02,Second Class,CUST-829,United States,City_13,State_19,35506,Chocolate,South,PROD-006,Dark Chocolate Truffles,Sugar Shack,1074.68,115,499.68,575.0
1466,ORD-2023-11466,2023-07-11,2023-07-13,Same Day,CUST-502,United States,City_10,State_16,24240,Nuts,South,PROD-010,Pistachios,Sugar Shack,2990.51,339,1465.01,1525.5
1467,ORD-2023-11467,2023-01-27,2023-01-30,Same Day,CUST-664,United States,City_11,State_13,77829,Chocolate,Central,PROD-009,Caramel Squares,Secret Factory,572.56,112,258.96,313.6
1468,ORD-2023-11468,2023-12-22,2023-12-30,Standard Class,CUST-783,United States,City_12,State_9,99211,Nuts,South,PROD-007,Cashew Clusters,Wicked Choccy's,956.32,115,496.32,460.0
1469,ORD-2023-11469,2023-03-19,2023-03-23,Second Class,CUST-351,United States,City_48,State_5,73790,Nuts,South,PROD-010,Pistachios,Wicked Choccy's,1954.99,220,964.99,990.0
1470,ORD-2023-11470,2023-02-03,2023-02-14,Standard Class,CUST-982,United States,City_4,State_11,21789,Chocolate,East,PROD-006,Dark Chocolate Truffles,The Other Factory,406.03,53,141.03,265.0
1471,ORD-2023-11471,2023-04-20,2023-04-25,Second Class,CUST-471,United States,City_40,State_11,86473,Chocolate,West,PROD-006,Dark Chocolate Truffles,Sugar Shack,2305.45,167,1470.45,835.0
1472,ORD-2023-11472,2023-05-29,2023-06-01,Second Class,CUST-675,United States,City_11,State_5,31398,Candy,Central,PROD-008,Lollipops,Secret Factory,136.31,165,53.81,82.5
1473,ORD-2023-11473,2023-10-15,2023-10-22,Second Class,CUST-816,United States,City_18,State_8,24858,Nuts,South,PROD-007,Cashew Clusters,Lot's O' Nuts,2853.45,292,1685.45,1168.0
1474,ORD-2023-11474,2023-03-11,2023-03-20,Standard Class,CUST-488,United States,City_31,State_6,12615,Candy,East,PROD-003,Sour Worms,Secret Factory,1238.71,460,640.71,598.0
1475,ORD-2023-11475,2023-08-18,2023-08-21,Second Class,CUST-603,United States,City_43,State_19,55066,Nuts,South,PROD-010,Pistachios,Sugar Shack,3214.84,467,1113.34,2101.5
1476,ORD-2023-11476,2023-04-01,2023-04-09,Standard Class,CUST-793,United States,City_26,State_5,24545,Chocolate,Central,PROD-006,Dark Chocolate Truffles,Lot's O' Nuts,962.24,79,567.24,395.0
1477,ORD-2023-11477,2023-07-01,2023-07-05,Standard Class,CUST-606,United States,City_2,State_20,87374,Chocolate,Central,PROD-004,Peanut Butter Cups,Sugar Shack,2838.49,318,1884.49,954.0
1478,ORD-2023-11478,2023-04-09,2023-04-11,First Class,CUST-632,United States,City_2,State_16,51755,Nuts,Central,PROD-007,Cashew Clusters,Wicked Choccy's,2089.36,272,1001.36,1088.0
1479,ORD-2023-11479,2023-05-15,2023-05-16,First Class,CUST-445,United States,City_3,State_9,96074,Candy,West,PROD-003,Sour Worms,Lot's O' Nuts,930.31,239,619.61,310.7
1480,ORD-2023-11480,2023-03-08,2023-03-15,Standard Class,CUST-739,United States,City_1,State_19,12518,Candy,Central,PROD-008,Lollipops,Lot's O' Nuts,676.56,456,448.56,228.0
1481,ORD-2023-11481,2023-07-14,2023-07-17,Same Day,CUST-788,United States,City_18,State_13,53992,Candy,West,PROD-005,Jelly Beans,Secret Factory,484.84,208,172.84,312.0
1482,ORD-2023-11482,2023-12-29,2023-12-30,Same Day,CUST-454,United States,City_47,State_9,82401,Chocolate,South,PROD-006,Dark Chocolate Truffles,The Other Factory,1571.12,185,646.12,925.0
1483,ORD-2023-11483,2023-02-12,2023-02-16,First Class,CUST-787,United States,City_6,State_11,76688,Chocolate,Central,PROD-004,Peanut Butter Cups,Secret Factory,3112.16,477,1681.16,1431.0
1484,ORD-2023-11484,2023-05-05,2023-05-11,Standard Class,CUST-166,United States,City_10,State_19,41056,Candy,West,PROD-002,Gummy Bears,Lot's O' Nuts,101.7,48,44.1,57.6
1485,ORD-2023-11485,2023-06-24,2023-06-29,Standard Class,CUST-172,United States,City_10,State_19,92067,Candy,East,PROD-002,Gummy Bears,Lot's O' Nuts,1563.4,455,1017.4,546.0
1486,ORD-2023-11486,2023-01-29,2023-02-06,Standard Class,CUST-863,United States,City_6,State_6,22019,Candy,East,PROD-008,Lollipops,Sugar Shack,315.99,370,130.99,185.0
1487,ORD-2023-11487,2023-04-18,2023-04-24,Second Class,CUST-496,United States,City_21,State_17,35249,Candy,South,PROD-002,Gummy Bears,Lot's O' Nuts,108.17,35,66.17,42.0
1488,ORD-2023-11488,2023-08-29,2023-09-02,Second Class,CUST-706,United States,City_4,State_15,34238,Candy,South,PROD-008,Lollipops,Wicked Choccy's,203.89,157,125.39,78.5
1489,ORD-2023-11489,2023-04-12,2023-04-13,Second Class,CUST-655,United States,City_37,State_7,26254,Chocolate,East,PROD-009,Caramel Squares,Lot's O' Nuts,691.83,144,288.63,403.2
1490,ORD-2023-11490,2023-04-27,2023-04-29,First Class,CUST-956,United States,City_38,State_10,88846,Candy,West,PROD-002,Gummy Bears,Wicked Choccy's,233.47,93,121.87,111.6
1491,ORD-2023-11491,2023-08-07,2023-08-12,Second Class,CUST-853,United States,City_16,State_17,10915,Nuts,Central,PROD-007,Cashew Clusters,The Other Factory,1510.66,138,958.66,552.0
1492,ORD-2023-11492,2023-02-01,2023-02-10,Standard Class,CUST-850,United States,City_4,State_20,66373,Candy,West,PROD-005,Jelly Beans,Sugar Shack,141.18,42,78.18,63.0
1493,ORD-2023-11493,2023-06-13,2023-06-21,Standard Class,CUST-470,United States,City_45,State_20,98892,Candy,East,PROD-002,Gummy Bears,Secret Factory,991.62,311,618.42,373.2
1494,ORD-2023-11494,2023-08-19,2023-08-23,First Class,CUST-591,United States,City_24,State_16,49353,Candy,Central,PROD-002,Gummy Bears,The Other Factory,605.24,193,373.64,231.6
1495,ORD-2023-11495,2023-10-28,2023-11-03,Second Class,CUST-461,United States,City_27,State_15,70508,Candy,West,PROD-008,Lollipops,Sugar Shack,75.86,97,27.36,48.5
1496,ORD-2023-11496,2023-08-20,2023-08-22,Same Day,CUST-868,United States,City_25,State_14,13208,Chocolate,South,PROD-006,Dark Chocolate Truffles,Secret Factory,753.77,88,313.77,440.0
1497,ORD-2023-11497,2023-07-24,2023-07-30,Second Class,CUST-910,United States,City_43,State_6,29796,Candy,South,PROD-003,Sour Worms,Sugar Shack,389.51,197,133.41,256.1
1498,ORD-2023-11498,2023-01-09,2023-01-15,Standard Class,CUST-377,United States,City_22,State_7,12841,Nuts,West,PROD-010,Pistachios,Wicked Choccy's,2086.97,210,1141.97,945.0
1499,ORD-2023-11499,2023-10-09,2023-10-14,First Class,CUST-598,United States,City_39,State_16,66735,Candy,West,PROD-008,Lollipops,Secret Factory,139.96,152,63.96,76.0
1500,ORD-2023-11500,2023-06-30,2023-07-08,Standard Class,CUST-431,United States,City_46,State_16,89667,Nuts,South,PROD-007,Cashew Clusters,Wicked Choccy's,409.69,64,153.69,256.0
1501,ORD-2023-11501,2023-04-21,2023-04-21,Same Day,CUST-415,United States,City_41,State_6,54378,Candy,West,PROD-005,Jelly Beans,Wicked Choccy's,747.86,223,413.36,334.5
1502,ORD-2023-11502,2023-11-03,2023-11-08,Standard Class,CUST-449,United States,City_47,State_12,26794,Candy,South,PROD-005,Jelly Beans,The Other Factory,261.57,76,147.57,114.0
1503,ORD-2023-11503,2023-01-10,2023-01-15,Standard Class,CUST-352,United States,City_14,State_11,40597,Chocolate,South,PROD-006,Dark Chocolate Truffles,The Other Factory,2445.47,238,1255.47,1190.0
1504,ORD-2023-11504,2023-10-23,2023-10-25,First Class,CUST-299,United States,City_9,State_11,92926,Chocolate,Central,PROD-006,Dark Chocolate Truffles,Secret Factory,4152.91,416,2072.91,2080.0
1505,ORD-2023-11505,2023-09-08,2023-09-10,Second Class,CUST-119,United States,City_21,State_17,22528,Nuts,West,PROD-010,Pistachios,Wicked Choccy's,2956.41,298,1615.41,1341.0
1506,ORD-2023-11506,2023-09-28,2023-10-04,Standard Class,CUST-845,United States,City_18,State_3,68914,Nuts,Central,PROD-007,Cashew Clusters,Wicked Choccy's,2290.57,261,1246.57,1044.0
1507,ORD-2023-11507,2023-07-06,2023-07-11,Second Class,CUST-585,United States,City_16,State_8,92977,Nuts,Central,PROD-007,Cashew Clusters,Wicked Choccy's,4735.95,444,2959.95,1776.0
1508,ORD-2023-11508,2023-10-15,2023-10-15,Same Day,CUST-427,United States,City_32,State_11,89268,Nuts,Central,PROD-001,Chocolate Almonds,Sugar Shack,561.86,84,351.86,210.0
1509,ORD-2023-11509,2023-06-01,2023-06-06,Standard Class,CUST-299,United States,City_34,State_17,47022,Chocolate,West,PROD-009,Caramel Squares,Wicked Choccy's,1714.93,385,636.93,1078.0
1510,ORD-2023-11510,2023-06-02,2023-06-08,Standard Class,CUST-403,United States,City_2,State_1,95411,Chocolate,South,PROD-004,Peanut Butter Cups,Secret Factory,774.93,143,345.93,429.0
1511,ORD-2023-11511,2023-03-17,2023-03-18,Same Day,CUST-668,United States,City_11,State_20,68214,Nuts,Central,PROD-007,Cashew Clusters,Lot's O' Nuts,2321.77,238,1369.77,952.0
1512,ORD-2023-11512,2023-05-22,2023-05-24,Same Day,CUST-564,United States,City_19,State_6,86871,Chocolate,Central,PROD-006,Dark Chocolate Truffles,Lot's O' Nuts,1420.49,111,865.49,555.0
1513,ORD-2023-11513,2023-01-27,2023-02-03,Standard Class,CUST-588,United States,City_24,State_5,51322,Candy,East,PROD-003,Sour Worms,Sugar Shack,1174.38,454,584.18,590.2
1514,ORD-2023-11514,2023-11-27,2023-12-01,Same Day,CUST-434,United States,City_40,State_2,94360,Nuts,East,PROD-007,Cashew Clusters,The Other Factory,1465.31,175,765.31,700.0
1515,ORD-2023-11515,2024-01-01,2024-01-08,Standard Class,CUST-169,United States,City_9,State_5,23402,Candy,East,PROD-005,Jelly Beans,Sugar Shack,259.3,77,143.8,115.5
1516,ORD-2023-11516,2023-07-04,2023-07-08,Standard Class,CUST-522,United States,City_22,State_3,74547,Chocolate,West,PROD-009,Caramel Squares,Wicked Choccy's,1079.09,192,541.49,537.6
1517,ORD-2023-11517,2023-11-25,2023-12-02,Same Day,CUST-258,United States,City_36,State_3,37165,Nuts,East,PROD-007,Cashew Clusters,The Other Factory,3467.64,414,1811.64,1656.0
1518,ORD-2023-11518,2023-04-27,2023-04-30,First Class,CUST-799,United States,City_36,State_1,16879,Candy,East,PROD-008,Lollipops,Wicked Choccy's,104.59,132,38.59,66.0
1519,ORD-2023-11519,2023-04-23,2023-05-01,Standard Class,CUST-256,United States,City_9,State_17,51872,Chocolate,East,PROD-004,Peanut Butter Cups,Secret Factory,2207.7,398,1013.7,1194.0
1520,ORD-2023-11520,2023-09-19,2023-09-25,Standard Class,CUST-124,United States,City_43,State_14,82093,Chocolate,South,PROD-006,Dark Chocolate Truffles,Secret Factory,3878.59,401,1873.59,2005.0
1521,ORD-2023-11521,2023-04-17,2023-04-24,Standard Class,CUST-107,United States,City_23,State_3,86229,Candy,West,PROD-002,Gummy Bears,Lot's O' Nuts,361.81,127,209.41,152.4
1522,ORD-2023-11522,2023-04-19,2023-04-24,Same Day,CUST-742,United States,City_48,State_20,46885,Chocolate,West,PROD-006,Dark Chocolate Truffles,The Other Factory,1002.39,87,567.39,435.0
1523,ORD-2023-11523,2023-03-23,2023-03-25,Same Day,CUST-722,United States,City_17,State_11,35660,Candy,Central,PROD-005,Jelly Beans,The Other Factory,1181.46,437,525.96,655.5
1524,ORD-2023-11524,2023-11-30,2023-12-05,Standard Class,CUST-556,United States,City_39,State_17,63174,Chocolate,South,PROD-006,Dark Chocolate Truffles,Sugar Shack,1698.43,156,918.43,780.0
1525,ORD-2023-11525,2023-07-18,2023-07-24,Standard Class,CUST-995,United States,City_14,State_7,84738,Chocolate,East,PROD-004,Peanut Butter Cups,Wicked Choccy's,2096.7,421,833.7,1263.0
1526,ORD-2023-11526,2023-08-26,2023-08-29,First Class,CUST-335,United States,City_37,State_9,38417,Candy,Central,PROD-005,Jelly Beans,Wicked Choccy's,137.18,37,81.68,55.5
1527,ORD-2023-11527,2023-04-21,2023-04-30,Standard Class,CUST-441,United States,City_14,State_16,60930,Chocolate,Central,PROD-009,Caramel Squares,Lot's O' Nuts,2152.58,434,937.38,1215.2
1528,ORD-2023-11528,2023-09-09,2023-09-13,Second Class,CUST-392,United States,City_43,State_8,20180,Chocolate,South,PROD-006,Dark Chocolate Truffles,Secret Factory,2985.09,255,1710.09,1275.0
1529,ORD-2023-11529,2023-11-14,2023-11-18,Standard Class,CUST-380,United States,City_1,State_10,68334,Nuts,East,PROD-010,Pistachios,Lot's O' Nuts,438.76,35,281.26,157.5
1530,ORD-2023-11530,2023-01-28,2023-02-05,Standard Class,CUST-295,United States,City_28,State_12,19974,Nuts,West,PROD-007,Cashew Clusters,The Other Factory,1443.79,198,651.79,792.0
1531,ORD-2023-11531,2023-01-18,2023-01-23,First Class,CUST-245,United States,City_17,State_15,36825,Candy,East,PROD-005,Jelly Beans,Secret Factory,1184.48,470,479.48,705.0
1532,ORD-2023-11532,2023-01-08,2023-01-13,Second Class,CUST-340,United States,City_30,State_19,83065,Candy,South,PROD-002,Gummy Bears,Lot's O' Nuts,130.98,67,50.58,80.4
1533,ORD-2023-11533,2023-02-02,2023-02-05,Same Day,CUST-320,United States,City_5,State_13,98869,Candy,East,PROD-005,Jelly Beans,Sugar Shack,1461.72,384,885.72,576.0
1534,ORD-2023-11534,2023-08-10,2023-08-10,Same Day,CUST-279,United States,City_1,State_19,15771,Nuts,East,PROD-007,Cashew Clusters,Lot's O' Nuts,3825.48,435,2085.48,1740.0
1535,ORD-2023-11535,2023-04-14,2023-04-14,Same Day,CUST-787,United States,City_18,State_7,40778,Candy,Central,PROD-002,Gummy Bears,Sugar Shack,958.07,420,454.07,504.0
1536,ORD-2023-11536,2023-10-14,2023-10-14,Same Day,CUST-910,United States,City_15,State_2,47554,Candy,East,PROD-008,Lollipops,Lot's O' Nuts,634.77,497,386.27,248.5
1537,ORD-2023-11537,2023-08-30,2023-09-02,Same Day,CUST-774,United States,City_24,State_18,80879,Chocolate,Central,PROD-006,Dark Chocolate Truffles,Lot's O' Nuts,2514.01,288,1074.01,1440.0
1538,ORD-2023-11538,2023-03-31,2023-03-31,Same Day,CUST-578,United States,City_23,State_10,29350,Candy,Central,PROD-003,Sour Worms,Sugar Shack,839.18,307,440.08,399.1
1539,ORD-2023-11539,2023-08-10,2023-08-11,First Class,CUST-240,United States,City_22,State_12,94602,Candy,South,PROD-008,Lollipops,The Other Factory,64.89,54,37.89,27.0
1540,ORD-2023-11540,2023-06-25,2023-06-30,Standard Class,CUST-740,United States,City_10,State_20,54780,Candy,West,PROD-008,Lollipops,Secret Factory,387.02,269,252.52,134.5
1541,ORD-2023-11541,2023-12-21,2023-12-23,Second Class,CUST-529,United States,City_8,State_17,81302,Chocolate,West,PROD-009,Caramel Squares,Wicked Choccy's,963.18,212,369.58,593.6
1542,ORD-2023-11542,2023-05-11,2023-05-23,Standard Class,CUST-268,United States,City_48,State_8,99654,Nuts,East,PROD-001,Chocolate Almonds,The Other Factory,2837.32,488,1617.32,1220.0
1543,ORD-2023-11543,2023-07-11,2023-07-18,First Class,CUST-635,United States,City_43,State_13,38714,Chocolate,East,PROD-006,Dark Chocolate Truffles,Secret Factory,4212.82,290,2762.82,1450.0
1544,ORD-2023-11544,2023-04-26,2023-05-02,Standard Class,CUST-259,United States,City_45,State_7,10078,Nuts,South,PROD-010,Pistachios,Sugar Shack,3739.47,337,2222.97,1516.5
1545,ORD-2023-11545,2023-02-06,2023-02-12,Second Class,CUST-347,United States,City_49,State_13,49696,Chocolate,South,PROD-009,Caramel Squares,Lot's O' Nuts,2989.52,365,1967.52,1022.0
1546,ORD-2023-11546,2023-01-13,2023-01-22,Second Class,CUST-223,United States,City_14,State_6,99192,Chocolate,East,PROD-004,Peanut Butter Cups,The Other Factory,83.52,18,29.52,54.0
1547,ORD-2023-11547,2023-03-02,2023-03-04,Same Day,CUST-777,United States,City_26,State_1,88323,Candy,Central,PROD-002,Gummy Bears,Lot's O' Nuts,791.17,226,519.97,271.2
1548,ORD-2023-11548,2023-04-17,2023-04-19,First Class,CUST-703,United States,City_31,State_20,87769,Candy,South,PROD-005,Jelly Beans,Sugar Shack,530.34,165,282.84,247.5
1549,ORD-2023-11549,2023-06-13,2023-06-18,Same Day,CUST-817,United States,City_31,State_13,80650,Nuts,East,PROD-001,Chocolate Almonds,Secret Factory,730.75,189,258.25,472.5
1550,ORD-2023-11550,2023-01-14,2023-01-16,Same Day,CUST-599,United States,City_49,State_3,72242,Candy,Central,PROD-002,Gummy Bears,Secret Factory,381.4,204,136.6,244.8
1551,ORD-2023-11551,2023-05-06,2023-05-16,Standard Class,CUST-746,United States,City_7,State_15,59787,Candy,East,PROD-005,Jelly Beans,The Other Factory,1565.19,380,995.19,570.0
1552,ORD-2023-11552,2023-06-15,2023-06-22,Standard Class,CUST-820,United States,City_29,State_7,90441,Chocolate,South,PROD-006,Dark Chocolate Truffles,Wicked Choccy's,1956.31,168,1116.31,840.0
1553,ORD-2023-11553,2023-10-31,2023-11-02,Second Class,CUST-128,United States,City_33,State_15,19057,Nuts,East,PROD-007,Cashew Clusters,Lot's O' Nuts,4533.21,451,2729.21,1804.0
1554,ORD-2023-11554,2023-12-23,2023-12-26,First Class,CUST-648,United States,City_42,State_2,43187,Chocolate,South,PROD-009,Caramel Squares,Wicked Choccy's,1743.27,299,906.07,837.2
1555,ORD-2023-11555,2023-08-20,2023-08-27,Second Class,CUST-140,United States,City_19,State_20,53439,Nuts,South,PROD-010,Pistachios,Lot's O' Nuts,2001.84,160,1281.84,720.0
1556,ORD-2023-11556,2023-04-12,2023-04-18,Standard Class,CUST-105,United States,City_25,State_6,59377,Nuts,West,PROD-007,Cashew Clusters,Lot's O' Nuts,2282.88,256,1258.88,1024.0
1557,ORD-2023-11557,2023-06-24,2023-06-29,Second Class,CUST-965,United States,City_32,State_8,68283,Nuts,West,PROD-001,Chocolate Almonds,Sugar Shack,2859.05,453,1726.55,1132.5
1558,ORD-2023-11558,2023-03-09,2023-03-12,Second Class,CUST-719,United States,City_37,State_1,67422,Candy,West,PROD-002,Gummy Bears,Lot's O' Nuts,1385.55,389,918.75,466.8
1559,ORD-2023-11559,2023-12-29,2024-01-05,Standard Class,CUST-477,United States,City_41,State_18,23936,Candy,South,PROD-008,Lollipops,Sugar Shack,395.67,278,256.67,139.0
1560,ORD-2023-11560,2023-08-12,2023-08-17,First Class,CUST-168,United States,City_5,State_3,44442,Nuts,East,PROD-007,Cashew Clusters,Secret Factory,3012.62,295,1832.62,1180.0
1561,ORD-2023-11561,2023-03-12,2023-03-14,Second Class,CUST-188,United States,City_37,State_6,97115,Chocolate,South,PROD-006,Dark Chocolate Truffles,Secret Factory,545.34,71,190.34,355.0
1562,ORD-2023-11562,2023-09-02,2023-09-03,First Class,CUST-772,United States,City_12,State_19,64166,Chocolate,Central,PROD-004,Peanut Butter Cups,Secret Factory,390.23,44,258.23,132.0
1563,ORD-2023-11563,2023-04-14,2023-04-20,Second Class,CUST-864,United States,City_45,State_13,11467,Candy,East,PROD-002,Gummy Bears,The Other Factory,198.95,85,96.95,102.0
1564,ORD-2023-11564,2023-09-26,2023-10-01,Standard Class,CUST-643,United States,City_1,State_10,27964,Chocolate,East,PROD-006,Dark Chocolate Truffles,Lot's O' Nuts,3322.95,350,1572.95,1750.0
1565,ORD-2023-11565,2023-04-07,2023-04-13,Second Class,CUST-590,United States,City_14,State_4,32599,Chocolate,South,PROD-006,Dark Chocolate Truffles,Wicked Choccy's,3860.18,349,2115.18,1745.0
1566,ORD-2023-11566,2023-12-08,2023-12-16,Second Class,CUST-248,United States,City_49,State_3,72611,Nuts,East,PROD-007,Cashew Clusters,The Other Factory,836.03,75,536.03,300.0
1567,ORD-2023-11567,2023-11-17,2023-11-21,Second Class,CUST-740,United States,City_24,State_8,44402,Chocolate,West,PROD-009,Caramel Squares,Lot's O' Nuts,2345.01,395,1239.01,1106.0
1568,ORD-2023-11568,2023-06-14,2023-06-24,Standard Class,CUST-297,United States,City_43,State_12,61219,Nuts,South,PROD-007,Cashew Clusters,Lot's O' Nuts,3422.42,409,1786.42,1636.0
1569,ORD-2023-11569,2023-09-03,2023-09-08,Second Class,CUST-621,United States,City_27,State_6,41632,Candy,West,PROD-008,Lollipops,The Other Factory,473.7,324,311.7,162.0
1570,ORD-2023-11570,2023-02-08,2023-02-10,Same Day,CUST-527,United States,City_5,State_18,21120,Nuts,Central,PROD-010,Pistachios,The Other Factory,2494.52,231,1455.02,1039.5
1571,ORD-2023-11571,2023-07-21,2023-07-25,First Class,CUST-926,United States,City_22,State_10,80161,Candy,Central,PROD-003,Sour Worms,Lot's O' Nuts,436.94,153,238.04,198.9
1572,ORD-2023-11572,2023-09-19,2023-09-19,Same Day,CUST-992,United States,City_45,State_19,83424,Nuts,Central,PROD-010,Pistachios,Sugar Shack,2423.24,259,1257.74,1165.5
1573,ORD-2023-11573,2023-06-22,2023-06-26,Same Day,CUST-450,United States,City_35,State_17,90788,Nuts,West,PROD-010,Pistachios,The Other Factory,639.36,56,387.36,252.0
1574,ORD-2023-11574,2023-05-28,2023-05-28,First Class,CUST-420,United States,City_21,State_8,84188,Candy,Central,PROD-002,Gummy Bears,Sugar Shack,855.44,314,478.64,376.8
1575,ORD-2023-11575,2023-06-21,2023-06-24,Second Class,CUST-385,United States,City_17,State_20,65554,Chocolate,Central,PROD-004,Peanut Butter Cups,Sugar Shack,2074.17,275,1249.17,825.0
1576,ORD-2023-11576,2023-04-08,2023-04-13,First Class,CUST-829,United States,City_35,State_18,52092,Chocolate,West,PROD-004,Peanut Butter Cups,The Other Factory,2738.87,361,1655.87,1083.0
1577,ORD-2023-11577,2023-05-30,2023-06-05,Standard Class,CUST-712,United States,City_41,State_11,33996,Chocolate,West,PROD-004,Peanut Butter Cups,Secret Factory,1885.51,336,877.51,1008.0
1578,ORD-2023-11578,2023-09-05,2023-09-07,Same Day,CUST-681,United States,City_30,State_18,54747,Candy,West,PROD-008,Lollipops,Sugar Shack,359.3,377,170.8,188.5
1579,ORD-2023-11579,2023-03-05,2023-03-08,First Class,CUST-502,United States,City_1,State_3,34763,Candy,East,PROD-003,Sour Worms,Sugar Shack,714.19,202,451.59,262.6
1580,ORD-2023-11580,2023-09-19,2023-09-19,First Class,CUST-372,United States,City_4,State_14,92327,Candy,South,PROD-005,Jelly Beans,Secret Factory,958.83,300,508.83,450.0
1581,ORD-2023-11581,2023-08-12,2023-08-18,Same Day,CUST-243,United States,City_12,State_4,57360,Candy,East,PROD-008,Lollipops,The Other Factory,204.85,208,100.85,104.0
1582,ORD-2023-11582,2023-02-25,2023-02-27,First Class,CUST-230,United States,City_7,State_14,36855,Nuts,East,PROD-001,Chocolate Almonds,Lot's O' Nuts,1669.55,290,944.55,725.0
1583,ORD-2023-11583,2023-02-27,2023-03-08,Standard Class,CUST-836,United States,City_18,State_10,66335,Nuts,East,PROD-001,Chocolate Almonds,The Other Factory,1349.19,182,894.19,455.0
1584,ORD-2023-11584,2023-10-10,2023-10-11,First Class,CUST-255,United States,City_2,State_18,86561,Chocolate,West,PROD-004,Peanut Butter Cups,Wicked Choccy's,1582.14,191,1009.14,573.0
1585,ORD-2023-11585,2023-04-15,2023-04-15,Same Day,CUST-264,United States,City_6,State_19,90495,Chocolate,West,PROD-006,Dark Chocolate Truffles,Wicked Choccy's,3479.08,287,2044.08,1435.0
1586,ORD-2023-11586,2023-05-07,2023-05-17,Standard Class,CUST-347,United States,City_30,State_20,31711,Candy,East,PROD-005,Jelly Beans,Secret Factory,1398.67,442,735.67,663.0
1587,ORD-2023-11587,2023-01-02,2023-01-08,Standard Class,CUST-545,United States,City_38,State_20,60685,Candy,Central,PROD-003,Sour Worms,Wicked Choccy's,430.16,132,258.56,171.6
1588,ORD-2023-11588,2023-02-11,2023-02-15,Standard Class,CUST-553,United States,City_10,State_13,90616,Candy,West,PROD-008,Lollipops,Wicked Choccy's,281.27,219,171.77,109.5
1589,ORD-2023-11589,2023-12-11,2023-12-16,Second Class,CUST-996,United States,City_34,State_11,52215,Nuts,Central,PROD-007,Cashew Clusters,Lot's O' Nuts,2249.79,261,1205.79,1044.0
1590,ORD-2023-11590,2023-11-07,2023-11-07,Same Day,CUST-820,United States,City_5,State_20,99558,Nuts,South,PROD-001,Chocolate Almonds,Secret Factory,592.09,115,304.59,287.5
1591,ORD-2023-11591,2023-04-22,2023-04-26,Second Class,CUST-380,United States,City_16,State_10,40263,Nuts,South,PROD-007,Cashew Clusters,Wicked Choccy's,1380.33,170,700.33,680.0
1592,ORD-2023-11592,2023-12-18,2023-12-21,Standard Class,CUST-760,United States,City_45,State_3,69276,Nuts,South,PROD-007,Cashew Clusters,The Other Factory,4577.37,488,2625.37,1952.0
1593,ORD-2023-11593,2023-07-15,2023-07-17,First Class,CUST-841,United States,City_29,State_14,21725,Nuts,Central,PROD-001,Chocolate Almonds,Secret Factory,111.82,20,61.82,50.0
1594,ORD-2023-11594,2023-05-18,2023-05-21,Second Class,CUST-366,United States,City_31,State_6,32091,Nuts,Central,PROD-007,Cashew Clusters,Sugar Shack,2259.51,197,1471.51,788.0
1595,ORD-2023-11595,2023-07-15,2023-07-22,Standard Class,CUST-334,United States,City_6,State_6,22108,Chocolate,West,PROD-004,Peanut Butter Cups,The Other Factory,924.32,196,336.32,588.0
1596,ORD-2023-11596,2023-02-10,2023-02-15,First Class,CUST-563,United States,City_10,State_10,28564,Nuts,East,PROD-010,Pistachios,The Other Factory,3625.42,278,2374.42,1251.0
1597,ORD-2023-11597,2023-07-29,2023-08-03,Second Class,CUST-168,United States,City_15,State_3,91388,Nuts,West,PROD-007,Cashew Clusters,Sugar Shack,1182.96,169,506.96,676.0
1598,ORD-2023-11598,2023-10-08,2023-10-15,First Class,CUST-271,United States,City_16,State_1,35609,Nuts,West,PROD-001,Chocolate Almonds,The Other Factory,1820.64,250,1195.64,625.0
1599,ORD-2023-11599,2023-05-18,2023-05-23,Standard Class,CUST-646,United States,City_8,State_15,82540,Nuts,East,PROD-010,Pistachios,Lot's O' Nuts,5151.5,428,3225.5,1926.0
1600,ORD-2023-11600,2023-05-06,2023-05-08,Second Class,CUST-975,United States,City_11,State_9,77272,Chocolate,West,PROD-006,Dark Chocolate Truffles,Wicked Choccy's,3117.03,412,1057.03,2060.0
1601,ORD-2023-11601,2023-03-11,2023-03-16,Same Day,CUST-259,United States,City_9,State_8,89818,Nuts,East,PROD-001,Chocolate Almonds,The Other Factory,373.47,95,135.97,237.5
1602,ORD-2023-11602,2023-05-06,2023-05-10,Same Day,CUST-212,United States,City_46,State_8,31245,Chocolate,Central,PROD-006,Dark Chocolate Truffles,The Other Factory,2132.89,242,922.89,1210.0
1603,ORD-2023-11603,2023-03-11,2023-03-11,Same Day,CUST-641,United States,City_32,State_13,82130,Nuts,East,PROD-010,Pistachios,Lot's O' Nuts,86.89,10,41.89,45.0
1604,ORD-2023-11604,2023-11-07,2023-11-07,First Class,CUST-867,United States,City_26,State_9,78612,Chocolate,South,PROD-009,Caramel Squares,Secret Factory,2201.21,305,1347.21,854.0
1605,ORD-2023-11605,2023-01-19,2023-01-24,Second Class,CUST-476,United States,City_20,State_4,89219,Nuts,South,PROD-007,Cashew Clusters,Wicked Choccy's,740.66,115,280.66,460.0
1606,ORD-2023-11606,2023-07-11,2023-07-11,First Class,CUST-303,United States,City_49,State_1,38255,Nuts,South,PROD-007,Cashew Clusters,Secret Factory,173.52,22,85.52,88.0
1607,ORD-2023-11607,2023-11-29,2023-12-05,Second Class,CUST-350,United States,City_10,State_1,39762,Nuts,South,PROD-007,Cashew Clusters,Wicked Choccy's,3249.72,416,1585.72,1664.0
1608,ORD-2023-11608,2023-08-27,2023-08-30,Same Day,CUST-309,United States,City_30,State_5,64499,Candy,South,PROD-008,Lollipops,Sugar Shack,410.99,374,223.99,187.0
1609,ORD-2023-11609,2023-06-01,2023-06-06,Standard Class,CUST-576,United States,City_25,State_14,20239,Nuts,West,PROD-001,Chocolate Almonds,Wicked Choccy's,793.79,201,291.29,502.5
1610,ORD-2023-11610,2023-01-21,2023-01-21,Same Day,CUST-967,United States,City_31,State_3,56200,Nuts,Central,PROD-010,Pistachios,Sugar Shack,6526.59,488,4330.59,2196.0
1611,ORD-2023-11611,2023-01-06,2023-01-10,Second Class,CUST-828,United States,City_36,State_9,17849,Chocolate,Central,PROD-006,Dark Chocolate Truffles,Wicked Choccy's,524.27,61,219.27,305.0
1612,ORD-2023-11612,2023-01-13,2023-01-16,First Class,CUST-917,United States,City_40,State_15,55472,Nuts,West,PROD-001,Chocolate Almonds,The Other Factory,1257.81,239,660.31,597.5
1613,ORD-2023-11613,2023-01-27,2023-01-28,First Class,CUST-226,United States,City_29,State_16,66807,Nuts,Central,PROD-010,Pistachios,Sugar Shack,4300.69,420,2410.69,1890.0
1614,ORD-2023-11614,2023-07-13,2023-07-15,Second Class,CUST-550,United States,City_47,State_9,28868,Chocolate,East,PROD-009,Caramel Squares,Lot's O' Nuts,1248.45,179,747.25,501.2
1615,ORD-2023-11615,2023-05-22,2023-05-23,Same Day,CUST-145,United States,City_20,State_1,27424,Candy,East,PROD-003,Sour Worms,Wicked Choccy's,502.07,211,227.77,274.3
1616,ORD-2023-11616,2023-03-19,2023-03-25,Same Day,CUST-361,United States,City_14,State_1,18680,Chocolate,West,PROD-004,Peanut Butter Cups,Secret Factory,1587.28,228,903.28,684.0
1617,ORD-2023-11617,2023-02-03,2023-02-06,Same Day,CUST-269,United States,City_44,State_16,24973,Candy,Central,PROD-003,Sour Worms,Lot's O' Nuts,349.31,122,190.71,158.6
1618,ORD-2023-11618,2023-08-29,2023-08-30,First Class,CUST-690,United States,City_36,State_18,53332,Candy,Central,PROD-002,Gummy Bears,Secret Factory,1757.35,499,1158.55,598.8
1619,ORD-2023-11619,2023-11-01,2023-11-06,First Class,CUST-331,United States,City_2,State_14,73359,Chocolate,West,PROD-006,Dark Chocolate Truffles,The Other Factory,5803.57,408,3763.57,2040.0
1620,ORD-2023-11620,2023-07-27,2023-07-28,Same Day,CUST-407,United States,City_17,State_4,29394,Candy,Central,PROD-005,Jelly Beans,Sugar Shack,158.12,36,104.12,54.0
1621,ORD-2023-11621,2023-08-26,2023-08-29,Second Class,CUST-200,United States,City_45,State_18,76301,Chocolate,West,PROD-009,Caramel Squares,Wicked Choccy's,2291.06,473,966.66,1324.4
1622,ORD-2023-11622,2023-10-18,2023-10-18,Same Day,CUST-348,United States,City_11,State_20,73068,Chocolate,South,PROD-006,Dark Chocolate Truffles,Secret Factory,1744.02,179,849.02,895.0
1623,ORD-2023-11623,2023-07-27,2023-07-30,Same Day,CUST-524,United States,City_31,State_1,53749,Candy,East,PROD-002,Gummy Bears,Sugar Shack,1100.76,427,588.36,512.4
1624,ORD-2023-11624,2023-09-07,2023-09-12,Second Class,CUST-505,United States,City_38,State_7,63125,Chocolate,Central,PROD-006,Dark Chocolate Truffles,Lot's O' Nuts,6892.4,460,4592.4,2300.0
1625,ORD-2023-11625,2023-11-09,2023-11-15,Second Class,CUST-263,United States,City_39,State_11,87784,Nuts,Central,PROD-007,Cashew Clusters,Wicked Choccy's,2942.52,421,1258.52,1684.0
1626,ORD-2023-11626,2023-02-12,2023-02-18,Standard Class,CUST-253,United States,City_35,State_14,74572,Nuts,East,PROD-007,Cashew Clusters,Lot's O' Nuts,4347.05,417,2679.05,1668.0
1627,ORD-2023-11627,2023-08-30,2023-09-05,Standard Class,CUST-398,United States,City_24,State_12,97301,Candy,East,PROD-002,Gummy Bears,Wicked Choccy's,185.88,100,65.88,120.0
1628,ORD-2023-11628,2023-06-08,2023-06-12,Second Class,CUST-696,United States,City_6,State_2,90525,Nuts,East,PROD-010,Pistachios,Lot's O' Nuts,1329.04,179,523.54,805.5
1629,ORD-2023-11629,2023-09-09,2023-09-09,Same Day,CUST-398,United States,City_40,State_17,19395,Nuts,West,PROD-001,Chocolate Almonds,Wicked Choccy's,308.91,65,146.41,162.5
1630,ORD-2023-11630,2023-08-25,2023-09-01,Standard Class,CUST-261,United States,City_42,State_17,22598,Nuts,West,PROD-010,Pistachios,Sugar Shack,4001.17,320,2561.17,1440.0
1631,ORD-2023-11631,2023-01-17,2023-01-22,First Class,CUST-780,United States,City_11,State_16,69311,Candy,West,PROD-008,Lollipops,The Other Factory,293.1,211,187.6,105.5
1632,ORD-2023-11632,2023-12-01,2023-12-04,First Class,CUST-528,United States,City_16,State_10,97327,Chocolate,Central,PROD-006,Dark Chocolate Truffles,The Other Factory,5049.23,371,3194.23,1855.0
1633,ORD-2023-11633,2023-03-18,2023-03-18,Same Day,CUST-181,United States,City_4,State_19,25429,Chocolate,West,PROD-006,Dark Chocolate Truffles,Wicked Choccy's,3205.73,370,1355.73,1850.0
1634,ORD-2023-11634,2023-03-18,2023-03-26,Second Class,CUST-888,United States,City_22,State_11,85926,Candy,South,PROD-003,Sour Worms,Lot's O' Nuts,795.42,380,301.42,494.0
1635,ORD-2023-11635,2023-03-04,2023-03-04,Same Day,CUST-787,United States,City_36,State_19,49655,Chocolate,South,PROD-004,Peanut Butter Cups,Secret Factory,3596.11,486,2138.11,1458.0
1636,ORD-2023-11636,2023-03-22,2023-03-27,First Class,CUST-167,United States,City_4,State_2,43053,Chocolate,East,PROD-004,Peanut Butter Cups,Secret Factory,1125.96,210,495.96,630.0
1637,ORD-2023-11637,2023-12-04,2023-12-06,Same Day,CUST-983,United States,City_21,State_15,27419,Nuts,South,PROD-007,Cashew Clusters,Wicked Choccy's,2279.6,213,1427.6,852.0
1638,ORD-2023-11638,2023-01-04,2023-01-08,Second Class,CUST-356,United States,City_27,State_3,73818,Chocolate,Central,PROD-006,Dark Chocolate Truffles,Secret Factory,6085.19,455,3810.19,2275.0
1639,ORD-2023-11639,2023-05-03,2023-05-09,Second Class,CUST-384,United States,City_13,State_6,64771,Chocolate,East,PROD-006,Dark Chocolate Truffles,Wicked Choccy's,3272.0,272,1912.0,1360.0
1640,ORD-2023-11640,2023-11-11,2023-11-13,First Class,CUST-207,United States,City_31,State_17,36438,Nuts,Central,PROD-001,Chocolate Almonds,Lot's O' Nuts,1002.88,200,502.88,500.0
1641,ORD-2023-11641,2023-09-29,2023-10-01,First Class,CUST-704,United States,City_40,State_20,35776,Chocolate,Central,PROD-004,Peanut Butter Cups,Wicked Choccy's,1785.66,210,1155.66,630.0
1642,ORD-2023-11642,2023-10-03,2023-10-09,First Class,CUST-391,United States,City_22,State_1,63390,Nuts,South,PROD-007,Cashew Clusters,Lot's O' Nuts,3460.49,396,1876.49,1584.0
1643,ORD-2023-11643,2023-08-26,2023-08-30,Same Day,CUST-685,United States,City_15,State_11,87449,Nuts,South,PROD-010,Pistachios,Lot's O' Nuts,6079.91,478,3928.91,2151.0
1644,ORD-2023-11644,2023-11-30,2023-12-02,First Class,CUST-334,United States,City_43,State_19,43310,Chocolate,Central,PROD-004,Peanut Butter Cups,Secret Factory,2084.69,446,746.69,1338.0
1645,ORD-2023-11645,2023-01-21,2023-01-25,Second Class,CUST-560,United States,City_16,State_13,10294,Nuts,East,PROD-007,Cashew Clusters,Sugar Shack,1440.58,123,948.58,492.0
1646,ORD-2023-11646,2023-10-02,2023-10-03,First Class,CUST-526,United States,City_2,State_17,93888,Nuts,East,PROD-007,Cashew Clusters,Lot's O' Nuts,4855.11,426,3151.11,1704.0
1647,ORD-2023-11647,2023-10-25,2023-10-30,Same Day,CUST-665,United States,City_19,State_4,40780,Candy,East,PROD-005,Jelly Beans,The Other Factory,410.75,119,232.25,178.5
1648,ORD-2023-11648,2023-10-07,2023-10-13,Second Class,CUST-801,United States,City_28,State_3,53093,Nuts,Central,PROD-007,Cashew Clusters,The Other Factory,2484.53,345,1104.53,1380.0
1649,ORD-2023-11649,2023-03-08,2023-03-18,Standard Class,CUST-364,United States,City_11,State_10,98055,Chocolate,East,PROD-004,Peanut Butter Cups,Secret Factory,3825.96,486,2367.96,1458.0
1650,ORD-2023-11650,2023-04-15,2023-04-20,Same Day,CUST-199,United States,City_49,State_10,50565,Candy,West,PROD-005,Jelly Beans,Secret Factory,1003.0,383,428.5,574.5
1651,ORD-2023-11651,2023-03-21,2023-04-01,Standard Class,CUST-103,United States,City_16,State_3,45396,Chocolate,East,PROD-009,Caramel Squares,The Other Factory,2152.49,457,872.89,1279.6
1652,ORD-2023-11652,2023-03-04,2023-03-09,First Class,CUST-898,United States,City_35,State_15,76948,Candy,South,PROD-003,Sour Worms,Lot's O' Nuts,916.02,266,570.22,345.8
1653,ORD-2023-11653,2023-07-02,2023-07-08,Standard Class,CUST-280,United States,City_25,State_7,81474,Candy,Central,PROD-002,Gummy Bears,Secret Factory,811.82,413,316.22,495.6
1654,ORD-2023-11654,2023-03-25,2023-03-29,Standard Class,CUST-634,United States,City_45,State_18,35450,Candy,East,PROD-005,Jelly Beans,Lot's O' Nuts,253.66,84,127.66,126.0
1655,ORD-2023-11655,2023-07-19,2023-07-23,First Class,CUST-206,United States,City_33,State_13,37834,Candy,East,PROD-008,Lollipops,Sugar Shack,546.79,415,339.29,207.5
1656,ORD-2023-11656,2023-04-27,2023-05-04,Standard Class,CUST-899,United States,City_32,State_18,70011,Candy,South,PROD-003,Sour Worms,Wicked Choccy's,1412.03,437,843.93,568.1
1657,ORD-2023-11657,2023-01-22,2023-01-25,Second Class,CUST-103,United States,City_37,State_12,12244,Nuts,Central,PROD-007,Cashew Clusters,Sugar Shack,244.09,28,132.09,112.0
1658,ORD-2023-11658,2023-06-11,2023-06-18,Standard Class,CUST-237,United States,City_7,State_20,78224,Chocolate,South,PROD-006,Dark Chocolate Truffles,Sugar Shack,4950.23,451,2695.23,2255.0
1659,ORD-2023-11659,2023-09-11,2023-09-11,Same Day,CUST-843,United States,City_49,State_11,25696,Chocolate,West,PROD-009,Caramel Squares,Lot's O' Nuts,2456.44,293,1636.04,820.4
1660,ORD-2023-11660,2023-06-09,2023-06-16,Second Class,CUST-400,United States,City_3,State_4,17197,Nuts,Central,PROD-010,Pistachios,Lot's O' Nuts,3493.09,284,2215.09,1278.0
1661,ORD-2023-11661,2023-03-20,2023-03-22,Same Day,CUST-521,United States,City_5,State_17,57682,Candy,Central,PROD-005,Jelly Beans,Wicked Choccy's,461.27,153,231.77,229.5
1662,ORD-2023-11662,2023-07-28,2023-07-30,First Class,CUST-391,United States,City_21,State_6,22199,Candy,Central,PROD-002,Gummy Bears,Secret Factory,38.79,21,13.59,25.2
1663,ORD-2023-11663,2023-02-28,2023-03-04,First Class,CUST-886,United States,City_22,State_11,26217,Candy,East,PROD-003,Sour Worms,The Other Factory,223.33,58,147.93,75.4
1664,ORD-2023-11664,2023-04-29,2023-05-07,Standard Class,CUST-961,United States,City_49,State_18,80950,Candy,West,PROD-003,Sour Worms,The Other Factory,87.12,35,41.62,45.5
1665,ORD-2023-11665,2023-02-21,2023-02-26,First Class,CUST-141,United States,City_20,State_14,22185,Candy,Central,PROD-002,Gummy Bears,The Other Factory,1182.43,468,620.83,561.6
1666,ORD-2023-11666,2023-02-05,2023-02-10,Second Class,CUST-702,United States,City_1,State_4,72518,Chocolate,East,PROD-006,Dark Chocolate Truffles,Sugar Shack,847.81,58,557.81,290.0
1667,ORD-2023-11667,2023-10-05,2023-10-05,Same Day,CUST-705,United States,City_36,State_8,20749,Nuts,Central,PROD-001,Chocolate Almonds,Secret Factory,303.43,64,143.43,160.0
1668,ORD-2023-11668,2023-11-19,2023-11-23,Standard Class,CUST-323,United States,City_47,State_5,32199,Chocolate,West,PROD-006,Dark Chocolate Truffles,Wicked Choccy's,3241.2,425,1116.2,2125.0
1669,ORD-2023-11669,2023-12-15,2023-12-23,Standard Class,CUST-690,United States,City_47,State_7,74572,Chocolate,South,PROD-009,Caramel Squares,Wicked Choccy's,2181.46,277,1405.86,775.6
1670,ORD-2023-11670,2023-04-19,2023-04-21,Same Day,CUST-297,United States,City_34,State_10,55123,Chocolate,East,PROD-009,Caramel Squares,Wicked Choccy's,2261.29,323,1356.89,904.4
1671,ORD-2023-11671,2023-05-18,2023-05-18,First Class,CUST-227,United States,City_46,State_14,43423,Candy,South,PROD-003,Sour Worms,Secret Factory,431.82,137,253.72,178.1
1672,ORD-2023-11672,2023-07-27,2023-08-05,Standard Class,CUST-359,United States,City_45,State_5,85578,Nuts,East,PROD-010,Pistachios,Secret Factory,2508.59,312,1104.59,1404.0
1673,ORD-2023-11673,2023-03-09,2023-03-17,Second Class,CUST-355,United States,City_48,State_2,19463,Candy,East,PROD-003,Sour Worms,The Other Factory,758.62,374,272.42,486.2
1674,ORD-2023-11674,2023-02-27,2023-02-27,First Class,CUST-315,United States,City_46,State_4,11803,Nuts,West,PROD-007,Cashew Clusters,Wicked Choccy's,1829.14,304,613.14,1216.0
1675,ORD-2023-11675,2023-08-17,2023-08-24,Second Class,CUST-763,United States,City_8,State_12,52613,Nuts,Central,PROD-007,Cashew Clusters,Lot's O' Nuts,571.2,83,239.2,332.0
1676,ORD-2023-11676,2023-12-06,2023-12-07,Same Day,CUST-249,United States,City_14,State_13,56291,Nuts,Central,PROD-007,Cashew Clusters,Secret Factory,1259.56,113,807.56,452.0
1677,ORD-2023-11677,2023-05-21,2023-05-25,Same Day,CUST-103,United States,City_28,State_15,30788,Chocolate,South,PROD-004,Peanut Butter Cups,Wicked Choccy's,1099.81,233,400.81,699.0
1678,ORD-2023-11678,2023-04-15,2023-04-22,First Class,CUST-394,United States,City_10,State_10,46612,Nuts,South,PROD-001,Chocolate Almonds,Lot's O' Nuts,920.26,221,367.76,552.5
1679,ORD-2023-11679,2023-09-29,2023-10-04,Same Day,CUST-456,United States,City_20,State_8,68896,Candy,East,PROD-003,Sour Worms,Secret Factory,133.03,43,77.13,55.9
1680,ORD-2023-11680,2023-05-19,2023-05-20,Same Day,CUST-548,United States,City_9,State_1,40726,Chocolate,South,PROD-004,Peanut Butter Cups,Sugar Shack,612.87,92,336.87,276.0
1681,ORD-2023-11681,2023-02-26,2023-03-04,Second Class,CUST-634,United States,City_17,State_4,45626,Candy,West,PROD-008,Lollipops,Secret Factory,189.77,147,116.27,73.5
1682,ORD-2023-11682,2023-02-02,2023-02-08,Standard Class,CUST-209,United States,City_16,State_10,43043,Chocolate,South,PROD-009,Caramel Squares,Sugar Shack,2466.01,300,1626.01,840.0
1683,ORD-2023-11683,2023-09-28,2023-10-01,Same Day,CUST-120,United States,City_21,State_18,65014,Chocolate,West,PROD-004,Peanut Butter Cups,The Other Factory,56.88,11,23.88,33.0
1684,ORD-2023-11684,2023-04-10,2023-04-13,Same Day,CUST-413,United States,City_47,State_14,42921,Nuts,East,PROD-010,Pistachios,Sugar Shack,785.63,105,313.13,472.5
1685,ORD-2023-11685,2023-12-09,2023-12-12,Same Day,CUST-678,United States,City_37,State_12,22594,Candy,West,PROD-005,Jelly Beans,The Other Factory,1945.46,441,1283.96,661.5
1686,ORD-2023-11686,2023-06-16,2023-06-23,Second Class,CUST-465,United States,City_31,State_8,79794,Nuts,West,PROD-007,Cashew Clusters,Secret Factory,367.84,33,235.84,132.0
1687,ORD-2023-11687,2023-10-15,2023-10-17,Same Day,CUST-205,United States,City_37,State_5,40317,Chocolate,West,PROD-006,Dark Chocolate Truffles,Secret Factory,228.11,18,138.11,90.0
1688,ORD-2023-11688,2023-07-31,2023-08-01,Same Day,CUST-174,United States,City_7,State_18,67839,Nuts,West,PROD-007,Cashew Clusters,Lot's O' Nuts,3389.13,283,2257.13,1132.0
1689,ORD-2023-11689,2023-07-09,2023-07-12,Second Class,CUST-111,United States,City_38,State_14,25765,Candy,West,PROD-003,Sour Worms,Wicked Choccy's,119.26,59,42.56,76.7
1690,ORD-2023-11690,2023-02-17,2023-02-21,Second Class,CUST-726,United States,City_8,State_3,42809,Candy,South,PROD-005,Jelly Beans,The Other Factory,796.36,184,520.36,276.0
1691,ORD-2023-11691,2023-09-01,2023-09-11,Standard Class,CUST-271,United States,City_43,State_1,74166,Nuts,West,PROD-010,Pistachios,The Other Factory,3120.55,362,1491.55,1629.0
1692,ORD-2023-11692,2023-02-15,2023-02-21,Standard Class,CUST-689,United States,City_18,State_1,65981,Chocolate,Central,PROD-004,Peanut Butter Cups,Secret Factory,1901.83,267,1100.83,801.0
1693,ORD-2023-11693,2023-01-14,2023-01-19,Second Class,CUST-742,United States,City_37,State_1,97464,Chocolate,South,PROD-006,Dark Chocolate Truffles,Sugar Shack,3193.76,388,1253.76,1940.0
1694,ORD-2023-11694,2023-04-30,2023-05-01,Second Class,CUST-283,United States,City_13,State_7,35905,Candy,West,PROD-005,Jelly Beans,Wicked Choccy's,910.11,387,329.61,580.5
1695,ORD-2023-11695,2023-12-05,2023-12-11,Standard Class,CUST-237,United States,City_3,State_4,36760,Candy,South,PROD-003,Sour Worms,Sugar Shack,573.59,240,261.59,312.0
1696,ORD-2023-11696,2023-12-19,2023-12-25,Second Class,CUST-262,United States,City_31,State_13,10999,Chocolate,South,PROD-006,Dark Chocolate Truffles,Sugar Shack,577.59,42,367.59,210.0
1697,ORD-2023-11697,2023-12-17,2023-12-21,Second Class,CUST-211,United States,City_6,State_6,37759,Candy,East,PROD-003,Sour Worms,Sugar Shack,1627.8,441,1054.5,573.3
1698,ORD-2023-11698,2023-08-11,2023-08-18,Standard Class,CUST-270,United States,City_18,State_17,82744,Candy,South,PROD-002,Gummy Bears,Wicked Choccy's,388.55,127,236.15,152.4
1699,ORD-2023-11699,2023-03-22,2023-03-25,Same Day,CUST-645,United States,City_43,State_19,38257,Chocolate,Central,PROD-009,Caramel Squares,The Other Factory,3640.53,434,2425.33,1215.2
1700,ORD-2023-11700,2023-05-23,2023-05-26,Same Day,CUST-319,United States,City_47,State_1,35725,Candy,West,PROD-008,Lollipops,Secret Factory,161.62,171,76.12,85.5
1701,ORD-2023-11701,2023-02-16,2023-02-17,Same Day,CUST-915,United States,City_45,State_5,17050,Nuts,South,PROD-007,Cashew Clusters,Sugar Shack,4336.21,457,2508.21,1828.0
1702,ORD-2023-11702,2023-07-22,2023-07-28,Same Day,CUST-829,United States,City_48,State_5,16924,Chocolate,East,PROD-004,Peanut Butter Cups,The Other Factory,3526.14,475,2101.14,1425.0
1703,ORD-2023-11703,2023-05-04,2023-05-07,Second Class,CUST-978,United States,City_39,State_18,19721,Chocolate,West,PROD-009,Caramel Squares,Wicked Choccy's,2091.85,474,764.65,1327.2
1704,ORD-2023-11704,2023-09-26,2023-10-04,First Class,CUST-367,United States,City_22,State_18,27849,Chocolate,East,PROD-004,Peanut Butter Cups,The Other Factory,1402.46,285,547.46,855.0
1705,ORD-2023-11705,2023-04-16,2023-04-20,Same Day,CUST-325,United States,City_45,State_3,77889,Candy,South,PROD-003,Sour Worms,Lot's O' Nuts,284.76,81,179.46,105.3
1706,ORD-2023-11706,2023-08-05,2023-08-11,Standard Class,CUST-182,United States,City_48,State_11,70410,Candy,South,PROD-003,Sour Worms,The Other Factory,1207.5,379,714.8,492.7
1707,ORD-2023-11707,2023-01-17,2023-01-22,Standard Class,CUST-127,United States,City_50,State_1,13977,Candy,Central,PROD-003,Sour Worms,Sugar Shack,790.97,401,269.67,521.3
1708,ORD-2023-11708,2023-02-12,2023-02-20,Standard Class,CUST-924,United States,City_7,State_15,80651,Candy,West,PROD-002,Gummy Bears,Sugar Shack,775.68,362,341.28,434.4
1709,ORD-2023-11709,2023-06-30,2023-07-02,Second Class,CUST-217,United States,City_33,State_10,48291,Chocolate,East,PROD-006,Dark Chocolate Truffles,Lot's O' Nuts,1758.28,170,908.28,850.0
1710,ORD-2023-11710,2023-11-04,2023-11-07,Second Class,CUST-588,United States,City_19,State_16,78448,Candy,East,PROD-005,Jelly Beans,Wicked Choccy's,1248.5,352,720.5,528.0
1711,ORD-2023-11711,2023-09-14,2023-09-16,First Class,CUST-421,United States,City_25,State_16,15293,Candy,West,PROD-002,Gummy Bears,Wicked Choccy's,1055.82,328,662.22,393.6
1712,ORD-2023-11712,2023-01-23,2023-01-27,Standard Class,CUST-777,United States,City_17,State_8,59531,Chocolate,South,PROD-009,Caramel Squares,Secret Factory,1392.04,316,507.24,884.8
1713,ORD-2023-11713,2023-09-22,2023-09-23,First Class,CUST-514,United States,City_25,State_19,26114,Chocolate,East,PROD-006,Dark Chocolate Truffles,Sugar Shack,1721.29,150,971.29,750.0
1714,ORD-2023-11714,2023-09-19,2023-09-23,First Class,CUST-478,United States,City_43,State_2,57999,Chocolate,West,PROD-004,Peanut Butter Cups,Secret Factory,1128.71,126,750.71,378.0
1715,ORD-2023-11715,2023-10-10,2023-10-17,Standard Class,CUST-581,United States,City_4,State_14,37252,Candy,South,PROD-005,Jelly Beans,Wicked Choccy's,876.97,375,314.47,562.5
1716,ORD-2023-11716,2023-01-09,2023-01-09,First Class,CUST-751,United States,City_34,State_6,26484,Chocolate,South,PROD-004,Peanut Butter Cups,Secret Factory,2960.47,405,1745.47,1215.0
1717,ORD-2023-11717,2023-03-04,2023-03-12,Standard Class,CUST-954,United States,City_34,State_4,82848,Candy,Central,PROD-002,Gummy Bears,Lot's O' Nuts,1134.77,453,591.17,543.6
1718,ORD-2023-11718,2023-11-26,2023-11-30,First Class,CUST-585,United States,City_32,State_8,77589,Chocolate,Central,PROD-009,Caramel Squares,Lot's O' Nuts,649.94,100,369.94,280.0
1719,ORD-2023-11719,2023-07-24,2023-08-01,Standard Class,CUST-789,United States,City_5,State_5,62439,Chocolate,West,PROD-004,Peanut Butter Cups,Secret Factory,821.73,147,380.73,441.0
1720,ORD-2023-11720,2023-07-28,2023-07-30,First Class,CUST-348,United States,City_27,State_5,58268,Nuts,West,PROD-010,Pistachios,Sugar Shack,1266.92,162,537.92,729.0
1721,ORD-2023-11721,2023-06-08,2023-06-16,Standard Class,CUST-573,United States,City_3,State_13,48223,Chocolate,West,PROD-009,Caramel Squares,Secret Factory,2145.17,408,1002.77,1142.4
1722,ORD-2023-11722,2023-05-29,2023-05-31,First Class,CUST-291,United States,City_26,State_8,98572,Nuts,Central,PROD-007,Cashew Clusters,Wicked Choccy's,5092.08,453,3280.08,1812.0
1723,ORD-2023-11723,2023-04-09,2023-04-12,First Class,CUST-123,United States,City_43,State_3,71581,Chocolate,West,PROD-006,Dark Chocolate Truffles,Sugar Shack,6494.09,453,4229.09,2265.0
1724,ORD-2023-11724,2023-05-29,2023-06-01,First Class,CUST-934,United States,City_34,State_17,12948,Nuts,South,PROD-007,Cashew Clusters,Sugar Shack,2571.56,272,1483.56,1088.0
1725,ORD-2023-11725,2023-10-12,2023-10-17,Second Class,CUST-282,United States,City_18,State_11,27596,Chocolate,Central,PROD-004,Peanut Butter Cups,Lot's O' Nuts,2478.85,367,1377.85,1101.0
1726,ORD-2023-11726,2023-01-20,2023-01-28,First Class,CUST-158,United States,City_19,State_8,36822,Candy,East,PROD-008,Lollipops,The Other Factory,199.89,158,120.89,79.0
1727,ORD-2023-11727,2023-09-27,2023-09-30,Second Class,CUST-825,United States,City_8,State_13,39082,Chocolate,Central,PROD-004,Peanut Butter Cups,Wicked Choccy's,1007.03,141,584.03,423.0
1728,ORD-2023-11728,2023-12-31,2024-01-05,Standard Class,CUST-577,United States,City_47,State_4,81352,Candy,East,PROD-003,Sour Worms,Lot's O' Nuts,899.25,317,487.15,412.1
1729,ORD-2023-11729,2023-10-31,2023-11-07,Second Class,CUST-302,United States,City_32,State_7,27656,Nuts,West,PROD-001,Chocolate Almonds,The Other Factory,342.48,56,202.48,140.0
1730,ORD-2023-11730,2023-07-28,2023-08-05,Standard Class,CUST-178,United States,City_6,State_20,76176,Nuts,West,PROD-007,Cashew Clusters,Sugar Shack,2775.22,447,987.22,1788.0
1731,ORD-2023-11731,2023-08-25,2023-08-31,Standard Class,CUST-897,United States,City_36,State_17,11098,Candy,South,PROD-008,Lollipops,Sugar Shack,370.75,266,237.75,133.0
1732,ORD-2023-11732,2023-01-16,2023-01-20,Standard Class,CUST-897,United States,City_27,State_4,82055,Nuts,West,PROD-001,Chocolate Almonds,Wicked Choccy's,1286.59,310,511.59,775.0
1733,ORD-2023-11733,2023-12-19,2023-12-27,Second Class,CUST-752,United States,City_45,State_16,44588,Candy,East,PROD-003,Sour Worms,The Other Factory,528.01,203,264.11,263.9
1734,ORD-2023-11734,2023-01-02,2023-01-07,Same Day,CUST-318,United States,City_26,State_12,89920,Candy,East,PROD-005,Jelly Beans,The Other Factory,1681.44,461,989.94,691.5
1735,ORD-2023-11735,2023-06-09,2023-06-16,Standard Class,CUST-226,United States,City_34,State_19,47596,Chocolate,East,PROD-006,Dark Chocolate Truffles,Wicked Choccy's,2562.16,319,967.16,1595.0
1736,ORD-2023-11736,2023-04-29,2023-05-03,Second Class,CUST-451,United States,City_2,State_19,28257,Candy,Central,PROD-002,Gummy Bears,The Other Factory,586.56,213,330.96,255.6
1737,ORD-2023-11737,2023-04-21,2023-04-22,Second Class,CUST-251,United States,City_5,State_8,69151,Nuts,West,PROD-007,Cashew Clusters,Wicked Choccy's,3075.77,320,1795.77,1280.0
1738,ORD-2023-11738,2023-02-09,2023-02-09,Same Day,CUST-137,United States,City_45,State_10,27046,Candy,Central,PROD-005,Jelly Beans,Sugar Shack,160.97,57,75.47,85.5
1739,ORD-2023-11739,2023-07-07,2023-07-14,Standard Class,CUST-911,United States,City_22,State_8,74536,Chocolate,South,PROD-009,Caramel Squares,The Other Factory,1424.04,332,494.44,929.6
1740,ORD-2023-11740,2023-09-23,2023-09-29,Standard Class,CUST-864,United States,City_9,State_14,12355,Nuts,South,PROD-007,Cashew Clusters,Secret Factory,2400.21,365,940.21,1460.0
1741,ORD-2023-11741,2023-07-04,2023-07-08,Second Class,CUST-722,United States,City_6,State_1,60631,Nuts,East,PROD-001,Chocolate Almonds,Wicked Choccy's,1095.55,209,573.05,522.5
1742,ORD-2023-11742,2023-04-19,2023-04-24,First Class,CUST-886,United States,City_14,State_9,54634,Candy,East,PROD-003,Sour Worms,Secret Factory,232.28,61,152.98,79.3
1743,ORD-2023-11743,2023-08-12,2023-08-19,Second Class,CUST-741,United States,City_32,State_14,83580,Chocolate,South,PROD-006,Dark Chocolate Truffles,Lot's O' Nuts,2511.37,302,1001.37,1510.0
1744,ORD-2023-11744,2023-05-29,2023-06-04,First Class,CUST-218,United States,City_16,State_10,82683,Candy,West,PROD-003,Sour Worms,The Other Factory,1504.44,393,993.54,510.9
1745,ORD-2023-11745,2023-06-25,2023-06-28,Second Class,CUST-983,United States,City_43,State_18,79285,Nuts,South,PROD-001,Chocolate Almonds,The Other Factory,751.74,162,346.74,405.0
1746,ORD-2023-11746,2023-04-30,2023-05-07,Second Class,CUST-841,United States,City_8,State_2,23431,Candy,East,PROD-003,Sour Worms,Secret Factory,911.16,340,469.16,442.0
1747,ORD-2023-11747,2023-09-17,2023-09-27,Standard Class,CUST-694,United States,City_46,State_3,47925,Chocolate,East,PROD-006,Dark Chocolate Truffles,Secret Factory,2959.89,198,1969.89,990.0
1748,ORD-2023-11748,2024-01-01,2024-01-11,Standard Class,CUST-696,United States,City_11,State_13,88361,Candy,West,PROD-005,Jelly Beans,The Other Factory,1080.1,241,718.6,361.5
1749,ORD-2023-11749,2023-12-03,2023-12-04,Same Day,CUST-757,United States,City_39,State_20,98592,Nuts,South,PROD-010,Pistachios,The Other Factory,1989.06,161,1264.56,724.5
1750,ORD-2023-11750,2023-10-02,2023-10-09,Second Class,CUST-493,United States,City_41,State_19,42532,Candy,Central,PROD-008,Lollipops,Lot's O' Nuts,421.13,411,215.63,205.5
1751,ORD-2023-11751,2023-01-11,2023-01-12,First Class,CUST-417,United States,City_37,State_20,35487,Candy,East,PROD-003,Sour Worms,Sugar Shack,1184.97,405,658.47,526.5
1752,ORD-2023-11752,2023-04-25,2023-04-30,Second Class,CUST-894,United States,City_28,State_13,83913,Candy,East,PROD-003,Sour Worms,Wicked Choccy's,555.52,160,347.52,208.0
1753,ORD-2023-11753,2023-10-13,2023-10-21,Standard Class,CUST-755,United States,City_8,State_15,64749,Chocolate,South,PROD-009,Caramel Squares,Lot's O' Nuts,1222.45,252,516.85,705.6
1754,ORD-2023-11754,2023-06-08,2023-06-12,Second Class,CUST-841,United States,City_15,State_17,89525,Nuts,West,PROD-001,Chocolate Almonds,Secret Factory,2164.05,297,1421.55,742.5
1755,ORD-2023-11755,2023-09-24,2023-09-27,Second Class,CUST-674,United States,City_49,State_1,47316,Chocolate,Central,PROD-004,Peanut Butter Cups,Sugar Shack,596.61,80,356.61,240.0
1756,ORD-2023-11756,2023-03-14,2023-03-21,Standard Class,CUST-724,United States,City_28,State_11,13924,Nuts,South,PROD-001,Chocolate Almonds,Sugar Shack,2994.05,471,1816.55,1177.5
1757,ORD-2023-11757,2023-10-06,2023-10-09,First Class,CUST-776,United States,City_18,State_3,82170,Chocolate,South,PROD-009,Caramel Squares,Wicked Choccy's,1714.41,356,717.61,996.8
1758,ORD-2023-11758,2023-07-28,2023-07-31,First Class,CUST-949,United States,City_14,State_1,83635,Nuts,South,PROD-007,Cashew Clusters,The Other Factory,2137.03,332,809.03,1328.0
1759,ORD-2023-11759,2023-04-08,2023-04-17,Second Class,CUST-685,United States,City_22,State_4,43021,Candy,East,PROD-008,Lollipops,Secret Factory,484.92,423,273.42,211.5
1760,ORD-2023-11760,2023-05-04,2023-05-09,Second Class,CUST-418,United States,City_33,State_9,92056,Chocolate,South,PROD-004,Peanut Butter Cups,Sugar Shack,2505.82,310,1575.82,930.0
1761,ORD-2023-11761,2023-04-25,2023-04-28,Same Day,CUST-972,United States,City_33,State_14,88694,Nuts,West,PROD-001,Chocolate Almonds,Lot's O' Nuts,37.74,10,12.74,25.0
1762,ORD-2023-11762,2023-03-01,2023-03-11,Standard Class,CUST-496,United States,City_33,State_7,19837,Nuts,East,PROD-007,Cashew Clusters,Secret Factory,5178.77,436,3434.77,1744.0
1763,ORD-2023-11763,2023-01-25,2023-01-31,Standard Class,CUST-640,United States,City_4,State_20,94972,Candy,Central,PROD-002,Gummy Bears,Wicked Choccy's,948.08,494,355.28,592.8
1764,ORD-2023-11764,2023-06-14,2023-06-20,Standard Class,CUST-892,United States,City_12,State_17,35676,Candy,Central,PROD-005,Jelly Beans,Lot's O' Nuts,120.97,37,65.47,55.5
1765,ORD-2023-11765,2023-01-26,2023-01-28,Second Class,CUST-752,United States,City_18,State_9,12204,Nuts,South,PROD-010,Pistachios,Secret Factory,3537.56,383,1814.06,1723.5
1766,ORD-2023-11766,2023-07-20,2023-07-20,First Class,CUST-559,United States,City_9,State_13,63955,Candy,South,PROD-008,Lollipops,Secret Factory,73.81,93,27.31,46.5
1767,ORD-2023-11767,2023-01-10,2023-01-17,First Class,CUST-863,United States,City_32,State_16,60393,Candy,West,PROD-003,Sour Worms,The Other Factory,1031.18,294,648.98,382.2
1768,ORD-2023-11768,2023-01-12,2023-01-14,First Class,CUST-790,United States,City_35,State_9,18802,Nuts,East,PROD-001,Chocolate Almonds,Wicked Choccy's,1546.84,213,1014.34,532.5
1769,ORD-2023-11769,2023-04-29,2023-04-29,Same Day,CUST-421,United States,City_23,State_6,36557,Chocolate,West,PROD-004,Peanut Butter Cups,Wicked Choccy's,479.47,55,314.47,165.0
1770,ORD-2023-11770,2023-10-06,2023-10-11,Same Day,CUST-110,United States,City_14,State_6,98871,Chocolate,East,PROD-006,Dark Chocolate Truffles,Secret Factory,3917.32,484,1497.32,2420.0
1771,ORD-2023-11771,2023-07-14,2023-07-20,Standard Class,CUST-532,United States,City_16,State_17,97770,Candy,West,PROD-002,Gummy Bears,Lot's O' Nuts,147.0,67,66.6,80.4
1772,ORD-2023-11772,2023-10-07,2023-10-11,Same Day,CUST-485,United States,City_8,State_7,38606,Chocolate,South,PROD-006,Dark Chocolate Truffles,Wicked Choccy's,4491.44,303,2976.44,1515.0
1773,ORD-2023-11773,2023-05-16,2023-05-19,First Class,CUST-272,United States,City_38,State_11,16263,Candy,Central,PROD-008,Lollipops,Lot's O' Nuts,246.3,313,89.8,156.5
1774,ORD-2023-11774,2023-02-18,2023-02-24,Standard Class,CUST-154,United States,City_16,State_15,36855,Candy,Central,PROD-003,Sour Worms,Secret Factory,572.01,230,273.01,299.0
1775,ORD-2023-11775,2023-10-01,2023-10-04,Same Day,CUST-574,United States,City_48,State_16,97461,Candy,South,PROD-005,Jelly Beans,Lot's O' Nuts,281.92,65,184.42,97.5
1776,ORD-2023-11776,2023-01-08,2023-01-11,Standard Class,CUST-194,United States,City_32,State_19,80286,Chocolate,West,PROD-009,Caramel Squares,Wicked Choccy's,2126.9,436,906.1,1220.8
1777,ORD-2023-11777,2023-09-23,2023-09-24,First Class,CUST-275,United States,City_37,State_18,54582,Candy,West,PROD-003,Sour Worms,Lot's O' Nuts,1870.46,486,1238.66,631.8
1778,ORD-2023-11778,2023-08-07,2023-08-11,Second Class,CUST-995,United States,City_35,State_8,25071,Candy,South,PROD-008,Lollipops,The Other Factory,620.5,453,394.0,226.5
1779,ORD-2023-11779,2023-01-15,2023-01-16,Same Day,CUST-868,United States,City_29,State_1,74595,Chocolate,Central,PROD-009,Caramel Squares,Wicked Choccy's,944.54,183,432.14,512.4
1780,ORD-2023-11780,2023-12-15,2023-12-15,Same Day,CUST-564,United States,City_31,State_2,62777,Nuts,South,PROD-010,Pistachios,The Other Factory,6515.93,484,4337.93,2178.0
1781,ORD-2023-11781,2023-01-08,2023-01-12,Second Class,CUST-485,United States,City_35,State_5,21056,Candy,South,PROD-008,Lollipops,Wicked Choccy's,259.39,196,161.39,98.0
1782,ORD-2023-11782,2023-06-17,2023-06-17,First Class,CUST-502,United States,City_44,State_12,11944,Candy,West,PROD-003,Sour Worms,Wicked Choccy's,802.47,355,340.97,461.5
1783,ORD-2023-11783,2023-12-18,2023-12-22,Standard Class,CUST-253,United States,City_47,State_3,78529,Chocolate,South,PROD-006,Dark Chocolate Truffles,The Other Factory,1527.87,145,802.87,725.0
1784,ORD-2023-11784,2023-10-18,2023-10-21,First Class,CUST-873,United States,City_39,State_2,83076,Candy,West,PROD-003,Sour Worms,Lot's O' Nuts,817.79,213,540.89,276.9
1785,ORD-2023-11785,2023-08-09,2023-08-15,Second Class,CUST-395,United States,City_35,State_1,30753,Nuts,Central,PROD-010,Pistachios,The Other Factory,3573.1,329,2092.6,1480.5
1786,ORD-2023-11786,2023-11-06,2023-11-12,Standard Class,CUST-778,United States,City_35,State_14,88410,Candy,Central,PROD-003,Sour Worms,Lot's O' Nuts,1227.7,364,754.5,473.2
1787,ORD-2023-11787,2023-06-02,2023-06-07,Second Class,CUST-966,United States,City_48,State_20,77135,Candy,Central,PROD-005,Jelly Beans,The Other Factory,1665.41,461,973.91,691.5
1788,ORD-2023-11788,2023-06-27,2023-06-27,First Class,CUST-619,United States,City_30,State_2,95830,Chocolate,East,PROD-009,Caramel Squares,Lot's O' Nuts,1645.9,241,971.1,674.8
1789,ORD-2023-11789,2023-05-01,2023-05-07,Second Class,CUST-558,United States,City_25,State_16,35688,Candy,Central,PROD-008,Lollipops,Lot's O' Nuts,541.93,468,307.93,234.0
1790,ORD-2023-11790,2023-05-21,2023-05-23,Same Day,CUST-728,United States,City_5,State_15,74867,Chocolate,East,PROD-009,Caramel Squares,Wicked Choccy's,1525.32,204,954.12,571.2
1791,ORD-2023-11791,2023-10-05,2023-10-05,Same Day,CUST-688,United States,City_28,State_17,75172,Nuts,South,PROD-010,Pistachios,The Other Factory,1078.0,86,691.0,387.0
1792,ORD-2023-11792,2023-09-10,2023-09-14,Second Class,CUST-758,United States,City_35,State_11,99333,Candy,Central,PROD-003,Sour Worms,Wicked Choccy's,795.61,393,284.71,510.9
1793,ORD-2023-11793,2023-12-16,2023-12-23,Second Class,CUST-477,United States,City_4,State_9,13918,Chocolate,South,PROD-009,Caramel Squares,Lot's O' Nuts,2484.27,330,1560.27,924.0
1794,ORD-2023-11794,2023-12-18,2023-12-19,First Class,CUST-131,United States,City_44,State_4,32009,Chocolate,South,PROD-006,Dark Chocolate Truffles,Secret Factory,2859.86,243,1644.86,1215.0
1795,ORD-2023-11795,2023-07-11,2023-07-16,First Class,CUST-636,United States,City_26,State_15,87803,Candy,West,PROD-005,Jelly Beans,The Other Factory,413.84,147,193.34,220.5
1796,ORD-2023-11796,2023-11-10,2023-11-10,First Class,CUST-352,United States,City_41,State_5,99591,Nuts,West,PROD-007,Cashew Clusters,Wicked Choccy's,1138.26,160,498.26,640.0
1797,ORD-2023-11797,2023-04-24,2023-04-26,Same Day,CUST-659,United States,City_37,State_4,54588,Chocolate,Central,PROD-009,Caramel Squares,The Other Factory,3692.2,453,2423.8,1268.4
1798,ORD-2023-11798,2023-12-17,2023-12-22,Standard Class,CUST-291,United States,City_35,State_11,73347,Nuts,Central,PROD-007,Cashew Clusters,Wicked Choccy's,4115.56,358,2683.56,1432.0
1799,ORD-2023-11799,2023-10-22,2023-10-27,Second Class,CUST-703,United States,City_15,State_8,55000,Candy,South,PROD-003,Sour Worms,Sugar Shack,265.5,97,139.4,126.1
1800,ORD-2023-11800,2023-04-25,2023-05-03,Standard Class,CUST-616,United States,City_7,State_18,61277,Chocolate,Central,PROD-009,Caramel Squares,The Other Factory,3763.8,450,2503.8,1260.0
1801,ORD-2023-11801,2023-09-23,2023-09-27,Same Day,CUST-970,United States,City_36,State_11,12048,Chocolate,East,PROD-006,Dark Chocolate Truffles,Sugar Shack,2112.76,144,1392.76,720.0
1802,ORD-2023-11802,2023-05-14,2023-05-16,First Class,CUST-413,United States,City_41,State_20,25725,Nuts,South,PROD-010,Pistachios,Sugar Shack,843.36,124,285.36,558.0
1803,ORD-2023-11803,2023-09-04,2023-09-14,Standard Class,CUST-148,United States,City_13,State_17,53727,Chocolate,East,PROD-009,Caramel Squares,The Other Factory,1969.9,316,1085.1,884.8
1804,ORD-2023-11804,2023-02-14,2023-02-18,Standard Class,CUST-503,United States,City_20,State_3,52630,Nuts,Central,PROD-010,Pistachios,Wicked Choccy's,4042.54,439,2067.04,1975.5
1805,ORD-2023-11805,2023-06-17,2023-06-20,First Class,CUST-846,United States,City_12,State_12,91183,Candy,East,PROD-005,Jelly Beans,Secret Factory,281.51,113,112.01,169.5
1806,ORD-2023-11806,2023-05-02,2023-05-05,Standard Class,CUST-971,United States,City_21,State_2,12104,Chocolate,South,PROD-004,Peanut Butter Cups,Secret Factory,2682.78,418,1428.78,1254.0
1807,ORD-2023-11807,2023-05-26,2023-06-01,Standard Class,CUST-189,United States,City_3,State_12,33242,Nuts,West,PROD-010,Pistachios,Sugar Shack,5925.15,496,3693.15,2232.0
1808,ORD-2023-11808,2023-10-15,2023-10-20,Same Day,CUST-954,United States,City_9,State_16,10881,Candy,East,PROD-008,Lollipops,Secret Factory,48.15,40,28.15,20.0
1809,ORD-2023-11809,2023-09-21,2023-09-23,Second Class,CUST-885,United States,City_23,State_13,31337,Candy,West,PROD-005,Jelly Beans,Sugar Shack,977.91,279,559.41,418.5
1810,ORD-2023-11810,2023-01-30,2023-02-01,Same Day,CUST-891,United States,City_38,State_17,64462,Candy,South,PROD-003,Sour Worms,Sugar Shack,1288.76,499,640.06,648.7
1811,ORD-2023-11811,2023-06-02,2023-06-04,First Class,CUST-604,United States,City_46,State_11,76874,Candy,South,PROD-008,Lollipops,The Other Factory,394.94,451,169.44,225.5
1812,ORD-2023-11812,2023-07-06,2023-07-06,Same Day,CUST-906,United States,City_46,State_20,47753,Chocolate,Central,PROD-006,Dark Chocolate Truffles,Sugar Shack,5838.4,417,3753.4,2085.0
1813,ORD-2023-11813,2023-11-11,2023-11-18,First Class,CUST-184,United States,City_45,State_14,53554,Candy,West,PROD-003,Sour Worms,The Other Factory,1038.34,476,419.54,618.8
1814,ORD-2023-11814,2023-01-22,2023-01-29,Standard Class,CUST-481,United States,City_41,State_8,86851,Nuts,East,PROD-001,Chocolate Almonds,Wicked Choccy's,601.29,89,378.79,222.5
1815,ORD-2023-11815,2023-11-26,2023-11-30,Second Class,CUST-946,United States,City_8,State_11,51599,Chocolate,West,PROD-004,Peanut Butter Cups,Lot's O' Nuts,3771.23,459,2394.23,1377.0
1816,ORD-2023-11816,2023-06-24,2023-06-25,First Class,CUST-308,United States,City_41,State_14,82816,Candy,East,PROD-002,Gummy Bears,Wicked Choccy's,476.37,256,169.17,307.2
1817,ORD-2023-11817,2023-05-26,2023-05-27,First Class,CUST-731,United States,City_25,State_13,86865,Candy,Central,PROD-003,Sour Worms,Lot's O' Nuts,1318.81,445,740.31,578.5
1818,ORD-2023-11818,2023-12-20,2023-12-22,Same Day,CUST-559,United States,City_41,State_15,48360,Nuts,West,PROD-010,Pistachios,Secret Factory,4033.8,489,1833.3,2200.5
1819,ORD-2023-11819,2023-07-07,2023-07-11,Second Class,CUST-856,United States,City_46,State_6,58343,Nuts,East,PROD-007,Cashew Clusters,Wicked Choccy's,4027.7,443,2255.7,1772.0
1820,ORD-2023-11820,2023-03-30,2023-04-02,Second Class,CUST-935,United States,City_7,State_5,34959,Candy,East,PROD-005,Jelly Beans,Wicked Choccy's,1291.8,372,733.8,558.0
1821,ORD-2023-11821,2023-11-27,2023-11-29,Second Class,CUST-739,United States,City_6,State_2,59434,Candy,West,PROD-002,Gummy Bears,Wicked Choccy's,38.07,13,22.47,15.6
1822,ORD-2023-11822,2023-05-15,2023-05-16,Same Day,CUST-834,United States,City_36,State_15,55220,Nuts,West,PROD-001,Chocolate Almonds,Lot's O' Nuts,1131.15,260,481.15,650.0
1823,ORD-2023-11823,2023-07-26,2023-07-30,Same Day,CUST-781,United States,City_30,State_6,33680,Nuts,West,PROD-001,Chocolate Almonds,The Other Factory,1759.48,275,1071.98,687.5
1824,ORD-2023-11824,2023-05-14,2023-05-14,First Class,CUST-675,United States,City_41,State_9,73417,Chocolate,South,PROD-006,Dark Chocolate Truffles,Secret Factory,5801.49,392,3841.49,1960.0
1825,ORD-2023-11825,2023-06-16,2023-06-24,Standard Class,CUST-623,United States,City_50,State_15,60123,Candy,West,PROD-003,Sour Worms,Secret Factory,258.82,82,152.22,106.6
1826,ORD-2023-11826,2023-01-28,2023-01-29,Same Day,CUST-835,United States,City_29,State_4,94596,Chocolate,East,PROD-009,Caramel Squares,Wicked Choccy's,2284.33,291,1469.53,814.8
1827,ORD-2023-11827,2023-12-18,2023-12-18,Same Day,CUST-906,United States,City_46,State_7,83988,Candy,East,PROD-008,Lollipops,Wicked Choccy's,107.85,120,47.85,60.0
1828,ORD-2023-11828,2023-04-04,2023-04-07,First Class,CUST-680,United States,City_40,State_7,63993,Nuts,East,PROD-010,Pistachios,Wicked Choccy's,764.16,98,323.16,441.0
1829,ORD-2023-11829,2023-12-03,2023-12-08,First Class,CUST-755,United States,City_20,State_8,82500,Candy,South,PROD-003,Sour Worms,Lot's O' Nuts,1381.72,447,800.62,581.1
1830,ORD-2023-11830,2023-06-16,2023-06-19,Second Class,CUST-350,United States,City_37,State_18,36632,Chocolate,West,PROD-009,Caramel Squares,Wicked Choccy's,1970.26,344,1007.06,963.2
1831,ORD-2023-11831,2023-08-02,2023-08-06,First Class,CUST-760,United States,City_30,State_16,38687,Chocolate,Central,PROD-006,Dark Chocolate Truffles,The Other Factory,804.12,72,444.12,360.0
1832,ORD-2023-11832,2023-01-11,2023-01-15,Second Class,CUST-986,United States,City_17,State_19,75289,Candy,Central,PROD-003,Sour Worms,Secret Factory,784.78,302,392.18,392.6
1833,ORD-2023-11833,2023-11-06,2023-11-08,Same Day,CUST-696,United States,City_29,State_1,34483,Nuts,West,PROD-010,Pistachios,Lot's O' Nuts,5388.6,432,3444.6,1944.0
1834,ORD-2023-11834,2023-03-24,2023-04-01,Standard Class,CUST-782,United States,City_39,State_15,79074,Nuts,South,PROD-010,Pistachios,Wicked Choccy's,341.43,38,170.43,171.0
1835,ORD-2023-11835,2023-12-29,2023-12-29,Same Day,CUST-241,United States,City_38,State_18,78019,Candy,West,PROD-008,Lollipops,Lot's O' Nuts,637.94,468,403.94,234.0
1836,ORD-2023-11836,2023-12-12,2023-12-17,Standard Class,CUST-237,United States,City_24,State_13,17115,Chocolate,West,PROD-004,Peanut Butter Cups,Wicked Choccy's,3505.38,395,2320.38,1185.0
1837,ORD-2023-11837,2023-01-23,2023-01-26,Standard Class,CUST-600,United States,City_39,State_15,77977,Chocolate,West,PROD-009,Caramel Squares,Wicked Choccy's,1072.45,145,666.45,406.0
1838,ORD-2023-11838,2023-12-17,2023-12-19,First Class,CUST-839,United States,City_46,State_12,97470,Chocolate,South,PROD-009,Caramel Squares,The Other Factory,832.1,117,504.5,327.6
1839,ORD-2023-11839,2023-11-23,2023-11-27,Second Class,CUST-162,United States,City_49,State_2,36475,Chocolate,West,PROD-009,Caramel Squares,Sugar Shack,1657.32,283,864.92,792.4
1840,ORD-2023-11840,2023-07-18,2023-07-20,Second Class,CUST-686,United States,City_37,State_11,24349,Nuts,Central,PROD-001,Chocolate Almonds,Sugar Shack,1379.56,340,529.56,850.0
1841,ORD-2023-11841,2023-04-18,2023-04-23,Second Class,CUST-988,United States,City_6,State_1,29557,Candy,Central,PROD-008,Lollipops,Lot's O' Nuts,590.96,456,362.96,228.0
1842,ORD-2023-11842,2023-02-17,2023-02-21,Standard Class,CUST-383,United States,City_42,State_17,35277,Nuts,Central,PROD-010,Pistachios,Wicked Choccy's,1335.21,165,592.71,742.5
1843,ORD-2023-11843,2023-10-23,2023-10-31,Standard Class,CUST-184,United States,City_14,State_19,75518,Nuts,West,PROD-001,Chocolate Almonds,The Other Factory,1658.49,222,1103.49,555.0
1844,ORD-2023-11844,2023-07-23,2023-08-01,Second Class,CUST-849,United States,City_10,State_4,37164,Candy,East,PROD-002,Gummy Bears,The Other Factory,99.96,34,59.16,40.8
1845,ORD-2023-11845,2023-08-27,2023-08-31,Same Day,CUST-154,United States,City_8,State_20,98268,Candy,South,PROD-003,Sour Worms,Lot's O' Nuts,1278.76,395,765.26,513.5
1846,ORD-2023-11846,2023-07-26,2023-07-26,Same Day,CUST-285,United States,City_3,State_4,90938,Candy,East,PROD-002,Gummy Bears,Lot's O' Nuts,128.09,63,52.49,75.6
1847,ORD-2023-11847,2023-12-05,2023-12-10,First Class,CUST-878,United States,City_29,State_8,35945,Nuts,West,PROD-001,Chocolate Almonds,Secret Factory,2816.09,390,1841.09,975.0
1848,ORD-2023-11848,2023-10-20,2023-10-21,First Class,CUST-445,United States,City_14,State_18,11757,Nuts,East,PROD-010,Pistachios,Wicked Choccy's,1043.53,108,557.53,486.0
1849,ORD-2023-11849,2023-03-18,2023-03-25,Standard Class,CUST-280,United States,City_7,State_3,47283,Candy,Central,PROD-003,Sour Worms,Secret Factory,1395.78,401,874.48,521.3
1850,ORD-2023-11850,2023-06-22,2023-06-26,Second Class,CUST-780,United States,City_21,State_5,29677,Nuts,South,PROD-001,Chocolate Almonds,The Other Factory,1702.25,450,577.25,1125.0
1851,ORD-2023-11851,2023-01-09,2023-01-12,Second Class,CUST-298,United States,City_45,State_12,55871,Nuts,South,PROD-010,Pistachios,Sugar Shack,5415.02,440,3435.02,1980.0
1852,ORD-2023-11852,2023-12-08,2023-12-12,Second Class,CUST-231,United States,City_50,State_19,75084,Nuts,East,PROD-007,Cashew Clusters,Lot's O' Nuts,2882.74,301,1678.74,1204.0
1853,ORD-2023-11853,2023-03-02,2023-03-02,Same Day,CUST-534,United States,City_23,State_18,52813,Nuts,West,PROD-001,Chocolate Almonds,Lot's O' Nuts,392.2,82,187.2,205.0
1854,ORD-2023-11854,2023-03-08,2023-03-11,First Class,CUST-365,United States,City_5,State_5,13361,Chocolate,South,PROD-009,Caramel Squares,Sugar Shack,915.05,118,584.65,330.4
1855,ORD-2023-11855,2023-03-05,2023-03-10,Same Day,CUST-590,United States,City_15,State_18,74861,Candy,East,PROD-003,Sour Worms,Secret Factory,613.82,195,360.32,253.5
1856,ORD-2023-11856,2023-08-15,2023-08-20,Standard Class,CUST-187,United States,City_28,State_14,87438,Candy,West,PROD-005,Jelly Beans,Lot's O' Nuts,1464.18,378,897.18,567.0
1857,ORD-2023-11857,2023-03-06,2023-03-13,Second Class,CUST-765,United States,City_7,State_11,51869,Nuts,West,PROD-001,Chocolate Almonds,Secret Factory,2162.36,450,1037.36,1125.0
1858,ORD-2023-11858,2023-12-26,2023-12-30,Second Class,CUST-133,United States,City_16,State_2,26343,Candy,East,PROD-005,Jelly Beans,Wicked Choccy's,1566.42,373,1006.92,559.5
1859,ORD-2023-11859,2023-09-12,2023-09-15,Same Day,CUST-755,United States,City_29,State_12,65468,Nuts,Central,PROD-001,Chocolate Almonds,The Other Factory,2139.13,298,1394.13,745.0
1860,ORD-2023-11860,2023-08-15,2023-08-22,First Class,CUST-456,United States,City_24,State_10,65727,Candy,East,PROD-005,Jelly Beans,The Other Factory,1177.3,312,709.3,468.0
1861,ORD-2023-11861,2023-02-24,2023-02-25,Same Day,CUST-357,United States,City_30,State_14,10358,Candy,Central,PROD-003,Sour Worms,Wicked Choccy's,286.54,80,182.54,104.0
1862,ORD-2023-11862,2023-09-21,2023-09-26,Standard Class,CUST-127,United States,City_48,State_14,82593,Candy,East,PROD-002,Gummy Bears,Lot's O' Nuts,134.62,72,48.22,86.4
1863,ORD-2023-11863,2023-05-22,2023-05-27,Same Day,CUST-600,United States,City_11,State_14,77669,Chocolate,South,PROD-004,Peanut Butter Cups,Lot's O' Nuts,3497.78,400,2297.78,1200.0
1864,ORD-2023-11864,2023-12-10,2023-12-19,Standard Class,CUST-251,United States,City_38,State_1,24179,Nuts,East,PROD-001,Chocolate Almonds,The Other Factory,1069.53,197,577.03,492.5
1865,ORD-2023-11865,2023-04-11,2023-04-21,Standard Class,CUST-563,United States,City_7,State_8,17062,Chocolate,South,PROD-006,Dark Chocolate Truffles,Lot's O' Nuts,2110.96,270,760.96,1350.0
1866,ORD-2023-11866,2023-01-25,2023-01-29,Standard Class,CUST-469,United States,City_34,State_9,74491,Candy,Central,PROD-008,Lollipops,Wicked Choccy's,597.54,426,384.54,213.0
1867,ORD-2023-11867,2023-02-28,2023-03-07,Second Class,CUST-117,United States,City_37,State_14,33819,Candy,South,PROD-005,Jelly Beans,Wicked Choccy's,996.13,370,441.13,555.0
1868,ORD-2023-11868,2023-08-07,2023-08-11,Same Day,CUST-359,United States,City_32,State_1,36812,Chocolate,Central,PROD-006,Dark Chocolate Truffles,The Other Factory,3966.82,370,2116.82,1850.0
1869,ORD-2023-11869,2023-04-12,2023-04-17,First Class,CUST-895,United States,City_13,State_20,62766,Candy,East,PROD-002,Gummy Bears,The Other Factory,1146.04,353,722.44,423.6
1870,ORD-2023-11870,2023-07-21,2023-07-22,Same Day,CUST-180,United States,City_23,State_19,18398,Candy,Central,PROD-003,Sour Worms,Secret Factory,828.37,233,525.47,302.9
1871,ORD-2023-11871,2023-01-10,2023-01-10,Same Day,CUST-372,United States,City_26,State_14,65779,Chocolate,West,PROD-009,Caramel Squares,Wicked Choccy's,115.49,26,42.69,72.8
1872,ORD-2023-11872,2023-02-04,2023-02-08,Standard Class,CUST-557,United States,City_38,State_16,97364,Candy,Central,PROD-002,Gummy Bears,Sugar Shack,838.03,417,337.63,500.4
1873,ORD-2023-11873,2023-01-11,2023-01-18,Standard Class,CUST-699,United States,City_16,State_18,82356,Candy,Central,PROD-008,Lollipops,Lot's O' Nuts,487.84,393,291.34,196.5
1874,ORD-2023-11874,2023-06-11,2023-06-19,Standard Class,CUST-824,United States,City_5,State_11,32560,Candy,Central,PROD-002,Gummy Bears,The Other Factory,411.26,137,246.86,164.4
1875,ORD-2023-11875,2023-11-28,2023-12-03,First Class,CUST-608,United States,City_26,State_20,79361,Nuts,East,PROD-001,Chocolate Almonds,Sugar Shack,2606.63,435,1519.13,1087.5
1876,ORD-2023-11876,2023-08-26,2023-08-31,Second Class,CUST-223,United States,City_27,State_13,89034,Candy,East,PROD-008,Lollipops,Wicked Choccy's,336.73,312,180.73,156.0
1877,ORD-2023-11877,2023-07-15,2023-07-17,Same Day,CUST-321,United States,City_32,State_10,16436,Chocolate,East,PROD-009,Caramel Squares,Sugar Shack,2304.49,499,907.29,1397.2
1878,ORD-2023-11878,2023-04-30,2023-05-04,Second Class,CUST-430,United States,City_28,State_6,37647,Candy,Central,PROD-008,Lollipops,Secret Factory,383.08,435,165.58,217.5
1879,ORD-2023-11879,2023-11-09,2023-11-15,Standard Class,CUST-168,United States,City_46,State_9,31645,Chocolate,Central,PROD-009,Caramel Squares,The Other Factory,1806.29,238,1139.89,666.4
1880,ORD-2023-11880,2023-08-28,2023-08-31,Second Class,CUST-939,United States,City_35,State_6,23853,Nuts,East,PROD-007,Cashew Clusters,Wicked Choccy's,327.36,36,183.36,144.0
1881,ORD-2023-11881,2023-12-05,2023-12-13,Second Class,CUST-745,United States,City_43,State_9,22462,Candy,East,PROD-002,Gummy Bears,Secret Factory,1045.34,350,625.34,420.0
1882,ORD-2023-11882,2023-12-17,2023-12-21,First Class,CUST-685,United States,City_33,State_20,76120,Chocolate,West,PROD-009,Caramel Squares,Lot's O' Nuts,2713.58,369,1680.38,1033.2
1883,ORD-2023-11883,2023-02-12,2023-02-18,Standard Class,CUST-848,United States,City_35,State_17,92045,Nuts,West,PROD-010,Pistachios,Secret Factory,3139.54,237,2073.04,1066.5
1884,ORD-2023-11884,2023-10-07,2023-10-14,Standard Class,CUST-366,United States,City_20,State_18,28119,Nuts,East,PROD-010,Pistachios,Sugar Shack,4579.98,485,2397.48,2182.5
1885,ORD-2023-11885,2023-09-25,2023-09-30,First Class,CUST-338,United States,City_37,State_15,76433,Candy,South,PROD-003,Sour Worms,Lot's O' Nuts,921.54,272,567.94,353.6
1886,ORD-2023-11886,2023-02-01,2023-02-08,Second Class,CUST-653,United States,City_3,State_14,72168,Chocolate,East,PROD-006,Dark Chocolate Truffles,Secret Factory,3269.4,425,1144.4,2125.0
1887,ORD-2023-11887,2023-04-07,2023-04-13,Second Class,CUST-406,United States,City_39,State_13,21993,Chocolate,East,PROD-006,Dark Chocolate Truffles,Secret Factory,2392.05,204,1372.05,1020.0
1888,ORD-2023-11888,2023-03-26,2023-03-30,First Class,CUST-673,United States,City_33,State_5,70733,Candy,South,PROD-002,Gummy Bears,Wicked Choccy's,953.14,317,572.74,380.4
1889,ORD-2023-11889,2023-05-17,2023-05-23,Standard Class,CUST-334,United States,City_46,State_4,43901,Nuts,South,PROD-007,Cashew Clusters,The Other Factory,305.06,32,177.06,128.0
1890,ORD-2023-11890,2023-07-01,2023-07-07,Standard Class,CUST-665,United States,City_42,State_8,33203,Candy,South,PROD-002,Gummy Bears,The Other Factory,428.47,228,154.87,273.6
1891,ORD-2023-11891,2023-07-13,2023-07-16,First Class,CUST-571,United States,City_38,State_13,33819,Candy,West,PROD-008,Lollipops,Sugar Shack,158.58,191,63.08,95.5
1892,ORD-2023-11892,2023-11-09,2023-11-14,First Class,CUST-354,United States,City_47,State_9,90190,Candy,South,PROD-005,Jelly Beans,Lot's O' Nuts,628.91,202,325.91,303.0
1893,ORD-2023-11893,2023-09-19,2023-09-21,Same Day,CUST-554,United States,City_1,State_5,83509,Nuts,Central,PROD-007,Cashew Clusters,Lot's O' Nuts,1167.81,169,491.81,676.0
1894,ORD-2023-11894,2023-03-23,2023-03-30,Second Class,CUST-878,United States,City_16,State_14,46073,Chocolate,South,PROD-006,Dark Chocolate Truffles,Lot's O' Nuts,4951.22,487,2516.22,2435.0
1895,ORD-2023-11895,2023-09-15,2023-09-24,Standard Class,CUST-897,United States,City_15,State_9,80073,Chocolate,West,PROD-009,Caramel Squares,The Other Factory,2494.49,303,1646.09,848.4
1896,ORD-2023-11896,2023-08-12,2023-08-21,Standard Class,CUST-504,United States,City_31,State_5,79102,Nuts,West,PROD-007,Cashew Clusters,The Other Factory,952.81,80,632.81,320.0
1897,ORD-2023-11897,2023-01-12,2023-01-17,Same Day,CUST-191,United States,City_20,State_3,38108,Candy,East,PROD-008,Lollipops,The Other Factory,452.3,329,287.8,164.5
1898,ORD-2023-11898,2023-12-05,2023-12-12,First Class,CUST-755,United States,City_11,State_7,63396,Candy,West,PROD-002,Gummy Bears,The Other Factory,1416.43,396,941.23,475.2
1899,ORD-2023-11899,2023-07-28,2023-07-28,Same Day,CUST-291,United States,City_16,State_2,43359,Candy,West,PROD-002,Gummy Bears,Wicked Choccy's,840.96,467,280.56,560.4
1900,ORD-2023-11900,2023-06-20,2023-06-25,Same Day,CUST-122,United States,City_11,State_12,46492,Chocolate,East,PROD-006,Dark Chocolate Truffles,The Other Factory,5613.71,409,3568.71,2045.0
1901,ORD-2023-11901,2023-03-05,2023-03-09,First Class,CUST-425,United States,City_42,State_2,35329,Candy,West,PROD-005,Jelly Beans,Secret Factory,802.45,325,314.95,487.5
1902,ORD-2023-11902,2023-07-25,2023-07-27,Same Day,CUST-873,United States,City_48,State_16,18563,Candy,East,PROD-005,Jelly Beans,Sugar Shack,1057.33,442,394.33,663.0
1903,ORD-2023-11903,2023-10-07,2023-10-14,Standard Class,CUST-846,United States,City_1,State_13,70519,Chocolate,Central,PROD-009,Caramel Squares,Wicked Choccy's,2358.28,287,1554.68,803.6
1904,ORD-2023-11904,2023-02-10,2023-02-12,First Class,CUST-629,United States,City_7,State_8,52788,Chocolate,East,PROD-009,Caramel Squares,Wicked Choccy's,1259.69,236,598.89,660.8
1905,ORD-2023-11905,2023-05-16,2023-05-18,Same Day,CUST-779,United States,City_35,State_20,42633,Nuts,South,PROD-010,Pistachios,Wicked Choccy's,2774.33,289,1473.83,1300.5
1906,ORD-2023-11906,2023-09-17,2023-09-18,First Class,CUST-805,United States,City_6,State_11,54601,Nuts,South,PROD-010,Pistachios,Secret Factory,2168.64,205,1246.14,922.5
1907,ORD-2023-11907,2023-02-26,2023-03-01,Standard Class,CUST-839,United States,City_39,State_6,17679,Nuts,Central,PROD-010,Pistachios,Sugar Shack,795.15,73,466.65,328.5
1908,ORD-2023-11908,2023-12-22,2023-12-22,Same Day,CUST-172,United States,City_31,State_3,65375,Candy,West,PROD-008,Lollipops,Sugar Shack,32.43,32,16.43,16.0
1909,ORD-2023-11909,2023-08-04,2023-08-08,Second Class,CUST-826,United States,City_42,State_5,23108,Nuts,South,PROD-001,Chocolate Almonds,Wicked Choccy's,795.95,170,370.95,425.0
1910,ORD-2023-11910,2023-07-10,2023-07-14,First Class,CUST-597,United States,City_1,State_2,13247,Chocolate,Central,PROD-009,Caramel Squares,The Other Factory,1401.27,316,516.47,884.8
1911,ORD-2023-11911,2023-06-02,2023-06-09,Second Class,CUST-356,United States,City_12,State_2,48445,Nuts,Central,PROD-010,Pistachios,The Other Factory,3739.02,281,2474.52,1264.5
1912,ORD-2023-11912,2023-08-09,2023-08-12,Same Day,CUST-434,United States,City_28,State_9,31211,Nuts,Central,PROD-007,Cashew Clusters,Secret Factory,2234.17,264,1178.17,1056.0
1913,ORD-2023-11913,2023-07-06,2023-07-06,Same Day,CUST-448,United States,City_35,State_1,84869,Nuts,Central,PROD-001,Chocolate Almonds,Sugar Shack,1712.36,260,1062.36,650.0
1914,ORD-2023-11914,2023-04-09,2023-04-12,Second Class,CUST-723,United States,City_2,State_14,27151,Candy,Central,PROD-008,Lollipops,Sugar Shack,463.22,410,258.22,205.0
1915,ORD-2023-11915,2023-07-15,2023-07-15,Same Day,CUST-748,United States,City_12,State_14,54106,Chocolate,Central,PROD-004,Peanut Butter Cups,Sugar Shack,2091.43,411,858.43,1233.0
1916,ORD-2023-11916,2023-11-20,2023-11-20,Same Day,CUST-455,United States,City_15,State_2,11200,Candy,East,PROD-005,Jelly Beans,Lot's O' Nuts,653.09,181,381.59,271.5
1917,ORD-2023-11917,2023-03-31,2023-04-04,Standard Class,CUST-880,United States,City_29,State_14,72700,Nuts,West,PROD-007,Cashew Clusters,Wicked Choccy's,675.53,87,327.53,348.0
1918,ORD-2023-11918,2023-06-11,2023-06-14,Second Class,CUST-128,United States,City_7,State_3,33183,Candy,South,PROD-008,Lollipops,Sugar Shack,258.56,323,97.06,161.5
1919,ORD-2023-11919,2023-09-15,2023-09-15,First Class,CUST-646,United States,City_34,State_13,17860,Candy,East,PROD-005,Jelly Beans,Lot's O' Nuts,1879.75,427,1239.25,640.5
1920,ORD-2023-11920,2023-08-31,2023-09-10,Standard Class,CUST-505,United States,City_31,State_16,83246,Nuts,East,PROD-001,Chocolate Almonds,The Other Factory,1768.35,311,990.85,777.5
1921,ORD-2023-11921,2023-10-23,2023-10-25,Second Class,CUST-466,United States,City_29,State_1,45808,Candy,East,PROD-003,Sour Worms,Wicked Choccy's,1152.64,314,744.44,408.2
1922,ORD-2023-11922,2023-03-26,2023-03-30,First Class,CUST-177,United States,City_10,State_4,31577,Candy,South,PROD-008,Lollipops,Wicked Choccy's,456.62,336,288.62,168.0
1923,ORD-2023-11923,2023-09-03,2023-09-06,Second Class,CUST-454,United States,City_45,State_19,60576,Nuts,Central,PROD-001,Chocolate Almonds,Wicked Choccy's,851.91,185,389.41,462.5
1924,ORD-2023-11924,2023-11-22,2023-11-27,First Class,CUST-371,United States,City_33,State_6,50601,Chocolate,South,PROD-009,Caramel Squares,Lot's O' Nuts,551.78,96,282.98,268.8
1925,ORD-2023-11925,2023-05-10,2023-05-14,First Class,CUST-374,United States,City_4,State_2,98581,Candy,West,PROD-003,Sour Worms,Lot's O' Nuts,683.28,195,429.78,253.5
1926,ORD-2023-11926,2023-05-27,2023-05-27,First Class,CUST-857,United States,City_10,State_7,20053,Nuts,Central,PROD-007,Cashew Clusters,Sugar Shack,3019.55,343,1647.55,1372.0
1927,ORD-2023-11927,2024-01-01,2024-01-01,Second Class,CUST-650,United States,City_40,State_16,99413,Candy,West,PROD-002,Gummy Bears,Wicked Choccy's,553.01,239,266.21,286.8
1928,ORD-2023-11928,2023-07-23,2023-07-27,Same Day,CUST-780,United States,City_19,State_6,74131,Nuts,South,PROD-010,Pistachios,Lot's O' Nuts,3265.1,401,1460.6,1804.5
1929,ORD-2023-11929,2023-12-17,2023-12-19,Same Day,CUST-586,United States,City_23,State_1,95859,Candy,West,PROD-003,Sour Worms,Lot's O' Nuts,340.64,96,215.84,124.8
1930,ORD-2023-11930,2023-05-07,2023-05-08,Same Day,CUST-436,United States,City_46,State_7,14351,Chocolate,East,PROD-009,Caramel Squares,Lot's O' Nuts,1894.44,433,682.04,1212.4
1931,ORD-2023-11931,2023-10-07,2023-10-11,First Class,CUST-373,United States,City_40,State_8,53387,Nuts,West,PROD-007,Cashew Clusters,The Other Factory,2931.25,267,1863.25,1068.0
1932,ORD-2023-11932,2023-12-25,2024-01-02,Standard Class,CUST-206,United States,City_33,State_3,61948,Chocolate,East,PROD-004,Peanut Butter Cups,Sugar Shack,3037.48,413,1798.48,1239.0
1933,ORD-2023-11933,2023-08-06,2023-08-12,Standard Class,CUST-385,United States,City_17,State_9,97821,Candy,Central,PROD-008,Lollipops,Secret Factory,277.45,186,184.45,93.0
1934,ORD-2023-11934,2023-01-28,2023-01-28,Same Day,CUST-939,United States,City_35,State_12,18645,Chocolate,Central,PROD-006,Dark Chocolate Truffles,Sugar Shack,4962.83,432,2802.83,2160.0
1935,ORD-2023-11935,2023-12-27,2024-01-03,Same Day,CUST-115,United States,City_42,State_11,41578,Candy,West,PROD-008,Lollipops,The Other Factory,478.55,411,273.05,205.5
1936,ORD-2023-11936,2023-09-15,2023-09-15,Same Day,CUST-995,United States,City_35,State_13,91539,Nuts,West,PROD-010,Pistachios,Lot's O' Nuts,3049.73,272,1825.73,1224.0
1937,ORD-2023-11937,2023-12-20,2023-12-24,Second Class,CUST-422,United States,City_31,State_19,27412,Nuts,South,PROD-010,Pistachios,The Other Factory,2262.94,316,840.94,1422.0
1938,ORD-2023-11938,2023-12-15,2023-12-18,Same Day,CUST-338,United States,City_3,State_3,88409,Candy,Central,PROD-008,Lollipops,Lot's O' Nuts,75.23,80,35.23,40.0
1939,ORD-2023-11939,2023-05-18,2023-05-23,Second Class,CUST-951,United States,City_36,State_8,87646,Chocolate,Central,PROD-009,Caramel Squares,Secret Factory,615.93,77,400.33,215.6
1940,ORD-2023-11940,2023-10-18,2023-10-21,Second Class,CUST-215,United States,City_42,State_18,75531,Candy,West,PROD-008,Lollipops,Wicked Choccy's,343.37,415,135.87,207.5
1941,ORD-2023-11941,2023-03-30,2023-04-05,Second Class,CUST-150,United States,City_46,State_19,83013,Nuts,West,PROD-001,Chocolate Almonds,Secret Factory,1918.27,274,1233.27,685.0
1942,ORD-2023-11942,2023-01-23,2023-01-27,Standard Class,CUST-289,United States,City_15,State_6,10276,Chocolate,West,PROD-004,Peanut Butter Cups,Wicked Choccy's,2146.26,427,865.26,1281.0
1943,ORD-2023-11943,2023-08-11,2023-08-15,Same Day,CUST-130,United States,City_33,State_20,98011,Nuts,South,PROD-001,Chocolate Almonds,Lot's O' Nuts,852.68,204,342.68,510.0
1944,ORD-2023-11944,2023-01-06,2023-01-10,Standard Class,CUST-402,United States,City_13,State_12,60294,Chocolate,South,PROD-009,Caramel Squares,Secret Factory,1319.84,290,507.84,812.0
1945,ORD-2023-11945,2023-10-11,2023-10-17,Second Class,CUST-765,United States,City_16,State_3,87284,Candy,East,PROD-002,Gummy Bears,Sugar Shack,548.48,158,358.88,189.6
1946,ORD-2023-11946,2023-08-04,2023-08-09,First Class,CUST-976,United States,City_36,State_5,35557,Chocolate,South,PROD-009,Caramel Squares,Lot's O' Nuts,3015.35,410,1867.35,1148.0
1947,ORD-2023-11947,2023-12-13,2023-12-15,First Class,CUST-103,United States,City_13,State_1,69905,Chocolate,South,PROD-006,Dark Chocolate Truffles,Sugar Shack,3408.23,414,1338.23,2070.0
1948,ORD-2023-11948,2023-05-23,2023-05-25,First Class,CUST-860,United States,City_38,State_13,67348,Nuts,East,PROD-007,Cashew Clusters,Wicked Choccy's,3932.44,493,1960.44,1972.0
1949,ORD-2023-11949,2023-08-12,2023-08-21,Standard Class,CUST-784,United States,City_25,State_14,45215,Candy,East,PROD-002,Gummy Bears,Sugar Shack,820.14,231,542.94,277.2
1950,ORD-2023-11950,2023-07-09,2023-07-09,Same Day,CUST-825,United States,City_6,State_8,46987,Candy,East,PROD-002,Gummy Bears,Lot's O' Nuts,547.93,163,352.33,195.6
1951,ORD-2023-11951,2023-07-24,2023-07-28,Standard Class,CUST-705,United States,City_18,State_20,71529,Nuts,Central,PROD-001,Chocolate Almonds,Secret Factory,2208.8,324,1398.8,810.0
1952,ORD-2023-11952,2023-10-15,2023-10-23,First Class,CUST-529,United States,City_36,State_7,48561,Nuts,East,PROD-001,Chocolate Almonds,The Other Factory,1787.49,399,789.99,997.5
1953,ORD-2023-11953,2023-03-23,2023-03-25,Same Day,CUST-903,United States,City_1,State_17,40681,Chocolate,South,PROD-009,Caramel Squares,Wicked Choccy's,1403.82,208,821.42,582.4
1954,ORD-2023-11954,2023-09-28,2023-10-01,Same Day,CUST-596,United States,City_40,State_3,57721,Chocolate,East,PROD-009,Caramel Squares,Secret Factory,2503.57,359,1498.37,1005.2
1955,ORD-2023-11955,2023-07-05,2023-07-08,Second Class,CUST-683,United States,City_30,State_13,13063,Nuts,South,PROD-001,Chocolate Almonds,Sugar Shack,1673.33,242,1068.33,605.0
1956,ORD-2023-11956,2023-02-14,2023-02-20,Standard Class,CUST-818,United States,City_49,State_12,69579,Nuts,West,PROD-010,Pistachios,Wicked Choccy's,744.08,77,397.58,346.5
1957,ORD-2023-11957,2023-01-08,2023-01-10,Same Day,CUST-666,United States,City_1,State_19,58305,Chocolate,West,PROD-009,Caramel Squares,The Other Factory,1362.29,164,903.09,459.2
1958,ORD-2023-11958,2023-06-21,2023-06-29,First Class,CUST-220,United States,City_30,State_16,69889,Candy,South,PROD-003,Sour Worms,Lot's O' Nuts,694.57,271,342.27,352.3
1959,ORD-2023-11959,2023-06-01,2023-06-03,Same Day,CUST-902,United States,City_5,State_4,81016,Candy,West,PROD-005,Jelly Beans,Lot's O' Nuts,746.19,207,435.69,310.5
1960,ORD-2023-11960,2023-11-08,2023-11-14,Standard Class,CUST-241,United States,City_28,State_9,33203,Chocolate,Central,PROD-009,Caramel Squares,Wicked Choccy's,2501.06,374,1453.86,1047.2
1961,ORD-2023-11961,2023-09-20,2023-09-23,First Class,CUST-154,United States,City_46,State_9,58030,Candy,South,PROD-003,Sour Worms,Wicked Choccy's,649.5,310,246.5,403.0
1962,ORD-2023-11962,2023-12-15,2023-12-17,First Class,CUST-953,United States,City_3,State_11,67031,Candy,East,PROD-005,Jelly Beans,Wicked Choccy's,494.23,160,254.23,240.0
1963,ORD-2023-11963,2023-03-06,2023-03-11,Second Class,CUST-608,United States,City_1,State_19,12367,Chocolate,East,PROD-009,Caramel Squares,Wicked Choccy's,3470.81,442,2233.21,1237.6
1964,ORD-2023-11964,2023-12-27,2024-01-04,Second Class,CUST-381,United States,City_4,State_15,32502,Nuts,South,PROD-001,Chocolate Almonds,Lot's O' Nuts,2365.58,470,1190.58,1175.0
1965,ORD-2023-11965,2023-04-01,2023-04-03,Same Day,CUST-673,United States,City_40,State_11,46699,Chocolate,Central,PROD-004,Peanut Butter Cups,Wicked Choccy's,1397.29,267,596.29,801.0
1966,ORD-2023-11966,2023-09-24,2023-09-24,Same Day,CUST-936,United States,City_34,State_6,31091,Nuts,East,PROD-001,Chocolate Almonds,Lot's O' Nuts,2502.17,343,1644.67,857.5
1967,ORD-2023-11967,2023-03-11,2023-03-18,Standard Class,CUST-655,United States,City_50,State_12,10818,Candy,West,PROD-005,Jelly Beans,Secret Factory,540.53,224,204.53,336.0
1968,ORD-2023-11968,2023-10-15,2023-10-15,First Class,CUST-160,United States,City_6,State_4,85282,Candy,East,PROD-008,Lollipops,Lot's O' Nuts,430.45,338,261.45,169.0
1969,ORD-2023-11969,2023-02-25,2023-02-26,Same Day,CUST-422,United States,City_12,State_14,20599,Chocolate,West,PROD-006,Dark Chocolate Truffles,Lot's O' Nuts,5306.34,427,3171.34,2135.0
1970,ORD-2023-11970,2023-01-28,2023-01-30,Same Day,CUST-304,United States,City_3,State_2,70604,Nuts,West,PROD-001,Chocolate Almonds,Sugar Shack,2530.84,430,1455.84,1075.0
1971,ORD-2023-11971,2023-01-03,2023-01-10,Standard Class,CUST-817,United States,City_42,State_3,76083,Candy,Central,PROD-002,Gummy Bears,Secret Factory,1332.81,499,734.01,598.8
1972,ORD-2023-11972,2023-04-27,2023-04-27,First Class,CUST-916,United States,City_37,State_17,71384,Nuts,Central,PROD-010,Pistachios,Sugar Shack,4721.56,425,2809.06,1912.5
1973,ORD-2023-11973,2023-06-26,2023-07-01,Same Day,CUST-385,United States,City_31,State_4,64187,Nuts,West,PROD-007,Cashew Clusters,The Other Factory,736.97,77,428.97,308.0
1974,ORD-2023-11974,2023-04-14,2023-04-18,Same Day,CUST-651,United States,City_6,State_7,19269,Candy,West,PROD-002,Gummy Bears,The Other Factory,995.73,422,489.33,506.4
1975,ORD-2023-11975,2023-03-20,2023-03-24,Standard Class,CUST-779,United States,City_40,State_13,39069,Nuts,Central,PROD-001,Chocolate Almonds,Sugar Shack,1264.46,190,789.46,475.0
1976,ORD-2023-11976,2023-04-20,2023-04-25,First Class,CUST-845,United States,City_24,State_15,43558,Candy,South,PROD-003,Sour Worms,Lot's O' Nuts,1603.43,461,1004.13,599.3
1977,ORD-2023-11977,2023-08-04,2023-08-09,Second Class,CUST-982,United States,City_18,State_18,67071,Chocolate,Central,PROD-009,Caramel Squares,Wicked Choccy's,1251.57,281,464.77,786.8
1978,ORD-2023-11978,2023-10-29,2023-11-01,Second Class,CUST-834,United States,City_17,State_10,81033,Nuts,South,PROD-001,Chocolate Almonds,Secret Factory,1325.69,290,600.69,725.0
1979,ORD-2023-11979,2023-06-12,2023-06-15,Second Class,CUST-916,United States,City_41,State_10,63201,Chocolate,Central,PROD-009,Caramel Squares,Wicked Choccy's,2160.77,419,987.57,1173.2
1980,ORD-2023-11980,2023-06-21,2023-06-28,First Class,CUST-554,United States,City_18,State_2,61573,Candy,East,PROD-003,Sour Worms,The Other Factory,104.29,37,56.19,48.1
1981,ORD-2023-11981,2023-02-10,2023-02-11,First Class,CUST-263,United States,City_14,State_19,33956,Chocolate,Central,PROD-006,Dark Chocolate Truffles,Secret Factory,2882.55,196,1902.55,980.0
1982,ORD-2023-11982,2023-06-16,2023-06-21,First Class,CUST-744,United States,City_45,State_10,13611,Nuts,East,PROD-001,Chocolate Almonds,The Other Factory,250.2,64,90.2,160.0
1983,ORD-2023-11983,2023-02-12,2023-02-17,Standard Class,CUST-619,United States,City_25,State_4,88777,Nuts,West,PROD-010,Pistachios,Lot's O' Nuts,602.27,61,327.77,274.5
1984,ORD-2023-11984,2023-12-27,2023-12-30,First Class,CUST-498,United States,City_4,State_6,32045,Nuts,Central,PROD-001,Chocolate Almonds,Wicked Choccy's,2666.37,492,1436.37,1230.0
1985,ORD-2023-11985,2023-06-11,2023-06-16,Second Class,CUST-374,United States,City_45,State_3,99468,Nuts,Central,PROD-001,Chocolate Almonds,Secret Factory,3081.47,428,2011.47,1070.0
1986,ORD-2023-11986,2023-04-04,2023-04-07,Second Class,CUST-903,United States,City_37,State_12,17801,Candy,East,PROD-003,Sour Worms,Lot's O' Nuts,867.48,234,563.28,304.2
1987,ORD-2023-11987,2023-02-10,2023-02-18,Standard Class,CUST-319,United States,City_47,State_6,55485,Nuts,South,PROD-001,Chocolate Almonds,Wicked Choccy's,720.76,173,288.26,432.5
1988,ORD-2023-11988,2023-01-17,2023-01-20,First Class,CUST-954,United States,City_32,State_4,68057,Nuts,South,PROD-010,Pistachios,Sugar Shack,2025.74,234,972.74,1053.0
1989,ORD-2023-11989,2023-07-01,2023-07-08,Standard Class,CUST-790,United States,City_24,State_1,40225,Chocolate,South,PROD-004,Peanut Butter Cups,Wicked Choccy's,2918.06,372,1802.06,1116.0
1990,ORD-2023-11990,2023-05-28,2023-05-28,Same Day,CUST-321,United States,City_20,State_1,36642,Candy,East,PROD-002,Gummy Bears,Lot's O' Nuts,1509.78,500,909.78,600.0
1991,ORD-2023-11991,2023-06-28,2023-06-29,First Class,CUST-999,United States,City_14,State_14,15977,Nuts,East,PROD-010,Pistachios,Lot's O' Nuts,967.87,74,634.87,333.0
1992,ORD-2023-11992,2023-02-06,2023-02-14,Standard Class,CUST-728,United States,City_7,State_8,95713,Chocolate,Central,PROD-009,Caramel Squares,The Other Factory,1566.89,287,763.29,803.6
1993,ORD-2023-11993,2023-06-27,2023-07-03,First Class,CUST-482,United States,City_44,State_19,54625,Chocolate,West,PROD-006,Dark Chocolate Truffles,The Other Factory,5237.0,399,3242.0,1995.0
1994,ORD-2023-11994,2023-02-06,2023-02-09,Same Day,CUST-598,United States,City_37,State_19,11710,Candy,Central,PROD-003,Sour Worms,Lot's O' Nuts,55.77,27,20.67,35.1
1995,ORD-2023-11995,2023-02-07,2023-02-12,Standard Class,CUST-549,United States,City_31,State_9,15778,Nuts,South,PROD-001,Chocolate Almonds,Secret Factory,1503.01,289,780.51,722.5
1996,ORD-2023-11996,2023-04-22,2023-04-27,Second Class,CUST-968,United States,City_19,State_10,86159,Chocolate,Central,PROD-004,Peanut Butter Cups,Secret Factory,1874.93,349,827.93,1047.0
1997,ORD-2023-11997,2023-07-21,2023-07-27,Standard Class,CUST-876,United States,City_11,State_11,53003,Chocolate,East,PROD-006,Dark Chocolate Truffles,Wicked Choccy's,2854.97,261,1549.97,1305.0
1998,ORD-2023-11998,2023-01-06,2023-01-06,First Class,CUST-488,United States,City_21,State_9,27040,Nuts,West,PROD-001,Chocolate Almonds,Wicked Choccy's,263.18,47,145.68,117.5
1999,ORD-2023-11999,2023-08-24,2023-08-30,Standard Class,CUST-696,United States,City_4,State_6,96703,Nuts,Central,PROD-007,Cashew Clusters,Wicked Choccy's,2145.66,285,1005.66,1140.0
2000,ORD-2023-12000,2023-06-07,2023-06-09,Second Class,CUST-171,United States,City_1,State_2,84883,Nuts,West,PROD-010,Pistachios,Wicked Choccy's,2242.53,179,1437.03,805.5
2001,ORD-2023-12001,2023-05-06,2023-05-10,First Class,CUST-653,United States,City_36,State_14,76903,Nuts,East,PROD-001,Chocolate Almonds,Secret Factory,73.67,12,43.67,30.0
2002,ORD-2023-12002,2023-03-01,2023-03-05,Second Class,CUST-554,United States,City_15,State_5,90775,Candy,East,PROD-005,Jelly Beans,Wicked Choccy's,171.27,55,88.77,82.5
2003,ORD-2023-12003,2023-06-21,2023-06-21,Same Day,CUST-676,United States,City_36,State_18,69132,Nuts,Central,PROD-001,Chocolate Almonds,Sugar Shack,2786.54,396,1796.54,990.0
2004,ORD-2023-12004,2023-03-29,2023-04-07,Standard Class,CUST-889,United States,City_28,State_10,31952,Chocolate,West,PROD-006,Dark Chocolate Truffles,The Other Factory,4077.48,313,2512.48,1565.0
2005,ORD-2023-12005,2023-08-03,2023-08-05,Second Class,CUST-283,United States,City_1,State_5,69975,Nuts,West,PROD-007,Cashew Clusters,Lot's O' Nuts,3821.1,353,2409.1,1412.0
2006,ORD-2023-12006,2023-05-11,2023-05-17,Standard Class,CUST-125,United States,City_45,State_20,26525,Chocolate,West,PROD-006,Dark Chocolate Truffles,Sugar Shack,3659.19,246,2429.19,1230.0
2007,ORD-2023-12007,2023-06-26,2023-07-05,Standard Class,CUST-830,United States,City_49,State_18,10802,Nuts,East,PROD-001,Chocolate Almonds,Secret Factory,1921.83,441,819.33,1102.5
2008,ORD-2023-12008,2023-02-20,2023-02-25,Second Class,CUST-842,United States,City_43,State_6,18850,Candy,South,PROD-003,Sour Worms,Wicked Choccy's,1193.76,341,750.46,443.3
2009,ORD-2023-12009,2023-01-03,2023-01-09,Same Day,CUST-196,United States,City_28,State_4,24688,Chocolate,East,PROD-006,Dark Chocolate Truffles,The Other Factory,3698.56,361,1893.56,1805.0
2010,ORD-2023-12010,2023-06-20,2023-06-24,First Class,CUST-847,United States,City_38,State_11,84576,Chocolate,West,PROD-009,Caramel Squares,Secret Factory,1895.14,291,1080.34,814.8
2011,ORD-2023-12011,2023-07-15,2023-07-21,Standard Class,CUST-825,United States,City_4,State_11,40976,Candy,West,PROD-008,Lollipops,Secret Factory,334.45,294,187.45,147.0
2012,ORD-2023-12012,2023-10-08,2023-10-16,Standard Class,CUST-258,United States,City_33,State_19,72861,Candy,West,PROD-008,Lollipops,The Other Factory,243.71,202,142.71,101.0
2013,ORD-2023-12013,2023-06-09,2023-06-12,First Class,CUST-198,United States,City_33,State_5,32036,Candy,Central,PROD-003,Sour Worms,The Other Factory,930.54,453,341.64,588.9
2014,ORD-2023-12014,2023-04-01,2023-04-06,Standard Class,CUST-401,United States,City_35,State_5,91955,Candy,East,PROD-008,Lollipops,Wicked Choccy's,265.81,292,119.81,146.0
2015,ORD-2023-12015,2023-05-10,2023-05-15,Standard Class,CUST-598,United States,City_18,State_7,27259,Chocolate,West,PROD-004,Peanut Butter Cups,Wicked Choccy's,316.16,55,151.16,165.0
2016,ORD-2023-12016,2023-07-04,2023-07-04,Same Day,CUST-300,United States,City_45,State_1,98228,Chocolate,East,PROD-009,Caramel Squares,Lot's O' Nuts,2052.73,305,1198.73,854.0
2017,ORD-2023-12017,2023-11-21,2023-11-27,Standard Class,CUST-383,United States,City_46,State_5,38707,Candy,West,PROD-003,Sour Worms,Lot's O' Nuts,447.58,116,296.78,150.8
2018,ORD-2023-12018,2023-07-03,2023-07-03,Same Day,CUST-812,United States,City_7,State_8,58880,Candy,South,PROD-003,Sour Worms,Wicked Choccy's,1675.08,445,1096.58,578.5
2019,ORD-2023-12019,2023-08-02,2023-08-09,Standard Class,CUST-516,United States,City_17,State_13,35826,Chocolate,West,PROD-004,Peanut Butter Cups,Lot's O' Nuts,1536.42,181,993.42,543.0
2020,ORD-2023-12020,2023-08-14,2023-08-18,Second Class,CUST-507,United States,City_38,State_4,90098,Nuts,Central,PROD-001,Chocolate Almonds,Lot's O' Nuts,1330.06,243,722.56,607.5
2021,ORD-2023-12021,2023-12-17,2023-12-22,Standard Class,CUST-712,United States,City_6,State_14,99474,Chocolate,West,PROD-009,Caramel Squares,Wicked Choccy's,145.69,21,86.89,58.8
2022,ORD-2023-12022,2023-11-08,2023-11-09,Same Day,CUST-262,United States,City_38,State_17,38595,Candy,Central,PROD-002,Gummy Bears,Secret Factory,100.47,30,64.47,36.0
2023,ORD-2023-12023,2023-10-05,2023-10-12,Second Class,CUST-734,United States,City_25,State_13,31260,Candy,Central,PROD-002,Gummy Bears,Lot's O' Nuts,987.55,430,471.55,516.0
2024,ORD-2023-12024,2023-03-02,2023-03-09,Second Class,CUST-613,United States,City_4,State_12,63197,Candy,East,PROD-003,Sour Worms,The Other Factory,649.46,224,358.26,291.2
2025,ORD-2023-12025,2023-08-24,2023-08-24,Same Day,CUST-141,United States,City_25,State_8,61642,Chocolate,South,PROD-009,Caramel Squares,Sugar Shack,3666.87,498,2272.47,1394.4
2026,ORD-2023-12026,2023-07-05,2023-07-10,First Class,CUST-393,United States,City_50,State_9,49387,Candy,South,PROD-003,Sour Worms,Lot's O' Nuts,101.65,40,49.65,52.0
2027,ORD-2023-12027,2023-04-11,2023-04-12,Same Day,CUST-888,United States,City_13,State_8,84390,Nuts,South,PROD-001,Chocolate Almonds,Secret Factory,1763.33,360,863.33,900.0
2028,ORD-2023-12028,2023-11-28,2023-12-03,First Class,CUST-564,United States,City_13,State_5,32143,Nuts,East,PROD-007,Cashew Clusters,Sugar Shack,2635.44,319,1359.44,1276.0
2029,ORD-2023-12029,2023-02-15,2023-02-23,Standard Class,CUST-361,United States,City_14,State_14,97223,Nuts,South,PROD-007,Cashew Clusters,Wicked Choccy's,1901.72,161,1257.72,644.0
2030,ORD-2023-12030,2023-12-11,2023-12-11,First Class,CUST-627,United States,City_33,State_2,79966,Candy,Central,PROD-003,Sour Worms,Sugar Shack,186.85,87,73.75,113.1
2031,ORD-2023-12031,2023-03-17,2023-03-23,Same Day,CUST-418,United States,City_46,State_3,96247,Candy,East,PROD-008,Lollipops,The Other Factory,313.44,337,144.94,168.5
2032,ORD-2023-12032,2023-04-23,2023-04-24,First Class,CUST-924,United States,City_16,State_5,46927,Nuts,South,PROD-010,Pistachios,The Other Factory,1179.14,112,675.14,504.0
2033,ORD-2023-12033,2023-07-06,2023-07-12,Standard Class,CUST-351,United States,City_17,State_7,14552,Candy,Central,PROD-008,Lollipops,Wicked Choccy's,261.38,282,120.38,141.0
2034,ORD-2023-12034,2023-12-09,2023-12-10,First Class,CUST-128,United States,City_24,State_9,58469,Chocolate,East,PROD-004,Peanut Butter Cups,Lot's O' Nuts,1889.38,280,1049.38,840.0
2035,ORD-2023-12035,2023-06-19,2023-06-21,Same Day,CUST-700,United States,City_46,State_9,93326,Candy,Central,PROD-008,Lollipops,Secret Factory,454.59,417,246.09,208.5
2036,ORD-2023-12036,2023-08-12,2023-08-19,Second Class,CUST-977,United States,City_18,State_13,60680,Chocolate,Central,PROD-006,Dark Chocolate Truffles,Wicked Choccy's,2334.74,199,1339.74,995.0
2037,ORD-2023-12037,2023-08-09,2023-08-15,Standard Class,CUST-229,United States,City_6,State_6,54991,Nuts,South,PROD-010,Pistachios,The Other Factory,1492.35,116,970.35,522.0
2038,ORD-2023-12038,2023-10-21,2023-10-28,Standard Class,CUST-733,United States,City_20,State_17,21473,Candy,East,PROD-005,Jelly Beans,Sugar Shack,779.74,180,509.74,270.0
2039,ORD-2023-12039,2023-06-15,2023-06-20,Second Class,CUST-689,United States,City_25,State_13,49595,Chocolate,South,PROD-006,Dark Chocolate Truffles,Wicked Choccy's,5994.45,412,3934.45,2060.0
2040,ORD-2023-12040,2023-01-07,2023-01-09,Second Class,CUST-382,United States,City_9,State_8,58226,Candy,East,PROD-008,Lollipops,Wicked Choccy's,339.43,242,218.43,121.0
2041,ORD-2023-12041,2023-07-17,2023-07-22,Second Class,CUST-392,United States,City_4,State_9,95283,Nuts,Central,PROD-010,Pistachios,Lot's O' Nuts,939.5,72,615.5,324.0
2042,ORD-2023-12042,2023-03-22,2023-03-29,Second Class,CUST-219,United States,City_20,State_11,50494,Chocolate,West,PROD-009,Caramel Squares,The Other Factory,2918.95,491,1544.15,1374.8
2043,ORD-2023-12043,2023-04-23,2023-04-26,Same Day,CUST-331,United States,City_7,State_1,13930,Chocolate,South,PROD-004,Peanut Butter Cups,Lot's O' Nuts,2756.39,346,1718.39,1038.0
2044,ORD-2023-12044,2023-03-27,2023-04-01,First Class,CUST-181,United States,City_24,State_18,68541,Chocolate,South,PROD-009,Caramel Squares,Lot's O' Nuts,665.35,82,435.75,229.6
2045,ORD-2023-12045,2023-03-22,2023-03-25,First Class,CUST-773,United States,City_18,State_6,66747,Candy,Central,PROD-002,Gummy Bears,The Other Factory,286.99,117,146.59,140.4
2046,ORD-2023-12046,2023-12-15,2023-12-18,First Class,CUST-610,United States,City_4,State_4,75171,Chocolate,Central,PROD-009,Caramel Squares,Secret Factory,2723.16,343,1762.76,960.4
2047,ORD-2023-12047,2023-06-24,2023-06-25,Same Day,CUST-251,United States,City_15,State_15,70660,Chocolate,East,PROD-004,Peanut Butter Cups,Wicked Choccy's,3590.2,458,2216.2,1374.0
2048,ORD-2023-12048,2023-12-16,2023-12-18,Same Day,CUST-299,United States,City_30,State_1,24611,Candy,South,PROD-008,Lollipops,Wicked Choccy's,184.63,175,97.13,87.5
2049,ORD-2023-12049,2023-03-20,2023-03-20,First Class,CUST-649,United States,City_5,State_1,58167,Candy,East,PROD-005,Jelly Beans,Lot's O' Nuts,1379.6,426,740.6,639.0
2050,ORD-2023-12050,2023-01-13,2023-01-24,Standard Class,CUST-976,United States,City_44,State_6,26780,Chocolate,East,PROD-006,Dark Chocolate Truffles,The Other Factory,4155.78,481,1750.78,2405.0
2051,ORD-2023-12051,2023-08-26,2023-08-29,First Class,CUST-299,United States,City_8,State_14,13469,Candy,West,PROD-002,Gummy Bears,Sugar Shack,1160.09,349,741.29,418.8
2052,ORD-2023-12052,2023-04-22,2023-04-27,Standard Class,CUST-925,United States,City_41,State_3,74798,Nuts,West,PROD-010,Pistachios,Sugar Shack,3774.59,400,1974.59,1800.0
2053,ORD-2023-12053,2023-04-12,2023-04-17,Standard Class,CUST-459,United States,City_46,State_5,77908,Candy,West,PROD-003,Sour Worms,Lot's O' Nuts,642.24,203,378.34,263.9
2054,ORD-2023-12054,2023-10-22,2023-10-26,Second Class,CUST-596,United States,City_16,State_12,26753,Nuts,East,PROD-007,Cashew Clusters,Wicked Choccy's,3728.85,381,2204.85,1524.0
2055,ORD-2023-12055,2023-05-01,2023-05-05,Second Class,CUST-755,United States,City_45,State_15,39732,Chocolate,Central,PROD-006,Dark Chocolate Truffles,The Other Factory,745.22,85,320.22,425.0
2056,ORD-2023-12056,2023-05-28,2023-06-01,Standard Class,CUST-807,United States,City_45,State_8,56404,Nuts,West,PROD-010,Pistachios,Wicked Choccy's,2451.34,196,1569.34,882.0
2057,ORD-2023-12057,2023-08-07,2023-08-07,Same Day,CUST-135,United States,City_31,State_13,22011,Chocolate,West,PROD-004,Peanut Butter Cups,Wicked Choccy's,366.27,54,204.27,162.0
2058,ORD-2023-12058,2023-09-19,2023-09-26,Standard Class,CUST-609,United States,City_8,State_17,30761,Nuts,South,PROD-001,Chocolate Almonds,The Other Factory,546.95,105,284.45,262.5
2059,ORD-2023-12059,2023-01-08,2023-01-17,Standard Class,CUST-505,United States,City_7,State_12,94516,Chocolate,East,PROD-004,Peanut Butter Cups,Secret Factory,1320.94,261,537.94,783.0
2060,ORD-2023-12060,2023-09-10,2023-09-15,Standard Class,CUST-745,United States,City_28,State_9,80009,Chocolate,West,PROD-009,Caramel Squares,Wicked Choccy's,2644.35,351,1661.55,982.8
2061,ORD-2023-12061,2023-06-16,2023-06-19,Second Class,CUST-234,United States,City_10,State_7,38402,Candy,South,PROD-005,Jelly Beans,Secret Factory,931.24,236,577.24,354.0
2062,ORD-2023-12062,2023-11-21,2023-11-25,Standard Class,CUST-399,United States,City_17,State_5,55364,Candy,West,PROD-003,Sour Worms,Wicked Choccy's,218.95,64,135.75,83.2
2063,ORD-2023-12063,2023-04-02,2023-04-09,Second Class,CUST-514,United States,City_4,State_13,33991,Chocolate,West,PROD-009,Caramel Squares,The Other Factory,3166.66,385,2088.66,1078.0
2064,ORD-2023-12064,2023-12-02,2023-12-04,First Class,CUST-348,United States,City_41,State_16,42065,Nuts,West,PROD-010,Pistachios,Sugar Shack,448.93,35,291.43,157.5
2065,ORD-2023-12065,2023-07-23,2023-07-24,First Class,CUST-382,United States,City_7,State_8,10827,Candy,East,PROD-002,Gummy Bears,Lot's O' Nuts,1161.85,360,729.85,432.0
2066,ORD-2023-12066,2023-03-04,2023-03-05,First Class,CUST-252,United States,City_1,State_3,38803,Candy,West,PROD-008,Lollipops,Sugar Shack,402.91,344,230.91,172.0
2067,ORD-2023-12067,2023-09-18,2023-09-23,Standard Class,CUST-508,United States,City_15,State_19,72066,Nuts,South,PROD-007,Cashew Clusters,Wicked Choccy's,3173.31,411,1529.31,1644.0
2068,ORD-2023-12068,2023-05-22,2023-05-27,First Class,CUST-470,United States,City_21,State_9,84537,Chocolate,East,PROD-006,Dark Chocolate Truffles,Secret Factory,4583.43,414,2513.43,2070.0
2069,ORD-2023-12069,2023-02-14,2023-02-17,First Class,CUST-374,United States,City_5,State_3,84216,Candy,East,PROD-002,Gummy Bears,Wicked Choccy's,815.07,229,540.27,274.8
2070,ORD-2023-12070,2023-01-09,2023-01-12,First Class,CUST-193,United States,City_37,State_13,87650,Chocolate,South,PROD-006,Dark Chocolate Truffles,Sugar Shack,4364.53,301,2859.53,1505.0
2071,ORD-2023-12071,2023-10-08,2023-10-11,Same Day,CUST-289,United States,City_4,State_16,10069,Chocolate,Central,PROD-004,Peanut Butter Cups,The Other Factory,1613.01,264,821.01,792.0
2072,ORD-2023-12072,2023-08-11,2023-08-18,Second Class,CUST-172,United States,City_40,State_16,22595,Candy,Central,PROD-003,Sour Worms,Lot's O' Nuts,295.75,91,177.45,118.3
2073,ORD-2023-12073,2023-02-07,2023-02-09,First Class,CUST-349,United States,City_49,State_14,91304,Candy,West,PROD-003,Sour Worms,Lot's O' Nuts,1150.65,491,512.35,638.3
2074,ORD-2023-12074,2023-01-19,2023-01-19,Same Day,CUST-585,United States,City_14,State_3,31623,Nuts,South,PROD-007,Cashew Clusters,Secret Factory,3507.07,299,2311.07,1196.0
2075,ORD-2023-12075,2023-02-10,2023-02-12,Second Class,CUST-888,United States,City_12,State_5,67389,Nuts,South,PROD-007,Cashew Clusters,Secret Factory,4017.67,418,2345.67,1672.0
2076,ORD-2023-12076,2023-12-23,2023-12-28,First Class,CUST-647,United States,City_40,State_16,95032,Nuts,South,PROD-007,Cashew Clusters,Lot's O' Nuts,3593.82,305,2373.82,1220.0
2077,ORD-2023-12077,2023-11-23,2023-11-28,Second Class,CUST-746,United States,City_44,State_19,50470,Chocolate,Central,PROD-009,Caramel Squares,Secret Factory,2481.0,489,1111.8,1369.2
2078,ORD-2023-12078,2023-06-18,2023-06-19,Same Day,CUST-624,United States,City_44,State_19,93484,Chocolate,East,PROD-004,Peanut Butter Cups,Lot's O' Nuts,898.41,168,394.41,504.0
2079,ORD-2023-12079,2023-03-16,2023-03-20,Standard Class,CUST-700,United States,City_5,State_12,13082,Chocolate,West,PROD-006,Dark Chocolate Truffles,Wicked Choccy's,286.74,33,121.74,165.0
2080,ORD-2023-12080,2023-05-25,2023-05-25,First Class,CUST-918,United States,City_19,State_16,10902,Chocolate,South,PROD-006,Dark Chocolate Truffles,Secret Factory,3665.59,298,2175.59,1490.0
2081,ORD-2023-12081,2023-10-15,2023-10-16,Same Day,CUST-416,United States,City_35,State_14,75065,Nuts,West,PROD-001,Chocolate Almonds,Lot's O' Nuts,1292.71,247,675.21,617.5
2082,ORD-2023-12082,2023-06-08,2023-06-10,Same Day,CUST-529,United States,City_13,State_13,55555,Nuts,South,PROD-007,Cashew Clusters,Sugar Shack,5392.09,463,3540.09,1852.0
2083,ORD-2023-12083,2023-01-17,2023-01-19,First Class,CUST-461,United States,City_21,State_8,71637,Nuts,Central,PROD-007,Cashew Clusters,Lot's O' Nuts,177.24,21,93.24,84.0
2084,ORD-2023-12084,2023-10-17,2023-10-20,First Class,CUST-575,United States,City_29,State_3,24406,Chocolate,South,PROD-004,Peanut Butter Cups,Lot's O' Nuts,1658.49,228,974.49,684.0
2085,ORD-2023-12085,2023-04-25,2023-04-25,Same Day,CUST-811,United States,City_24,State_19,71073,Nuts,West,PROD-010,Pistachios,Sugar Shack,1416.32,174,633.32,783.0
2086,ORD-2023-12086,2023-02-26,2023-02-27,First Class,CUST-573,United States,City_27,State_7,65910,Nuts,Central,PROD-001,Chocolate Almonds,Wicked Choccy's,527.51,92,297.51,230.0
2087,ORD-2023-12087,2023-11-11,2023-11-12,First Class,CUST-735,United States,City_36,State_19,53961,Candy,East,PROD-005,Jelly Beans,Wicked Choccy's,681.2,158,444.2,237.0
2088,ORD-2023-12088,2023-07-31,2023-08-02,First Class,CUST-405,United States,City_22,State_9,48293,Nuts,Central,PROD-010,Pistachios,Secret Factory,3350.57,346,1793.57,1557.0
2089,ORD-2023-12089,2023-06-06,2023-06-10,Standard Class,CUST-683,United States,City_39,State_19,42058,Chocolate,Central,PROD-004,Peanut Butter Cups,Sugar Shack,1629.83,323,660.83,969.0
2090,ORD-2023-12090,2023-10-24,2023-10-27,First Class,CUST-688,United States,City_18,State_14,44576,Nuts,Central,PROD-010,Pistachios,Wicked Choccy's,2081.84,240,1001.84,1080.0
2091,ORD-2023-12091,2023-04-25,2023-05-02,Second Class,CUST-612,United States,City_27,State_5,89356,Nuts,West,PROD-001,Chocolate Almonds,The Other Factory,203.15,34,118.15,85.0
2092,ORD-2023-12092,2023-05-08,2023-05-14,Standard Class,CUST-108,United States,City_49,State_19,68398,Candy,Central,PROD-008,Lollipops,Wicked Choccy's,74.49,90,29.49,45.0
2093,ORD-2023-12093,2023-09-03,2023-09-10,Standard Class,CUST-434,United States,City_20,State_17,55579,Candy,West,PROD-003,Sour Worms,Lot's O' Nuts,811.78,399,293.08,518.7
2094,ORD-2023-12094,2023-06-22,2023-06-23,First Class,CUST-235,United States,City_50,State_5,14887,Chocolate,South,PROD-004,Peanut Butter Cups,Sugar Shack,2033.5,251,1280.5,753.0
2095,ORD-2023-12095,2023-05-23,2023-05-25,First Class,CUST-411,United States,City_25,State_3,29448,Chocolate,East,PROD-004,Peanut Butter Cups,Lot's O' Nuts,1934.33,300,1034.33,900.0
2096,ORD-2023-12096,2023-03-14,2023-03-20,Standard Class,CUST-464,United States,City_7,State_5,25046,Nuts,East,PROD-010,Pistachios,Wicked Choccy's,5499.85,469,3389.35,2110.5
2097,ORD-2023-12097,2023-07-02,2023-07-04,Same Day,CUST-501,United States,City_13,State_11,86329,Chocolate,Central,PROD-004,Peanut Butter Cups,Secret Factory,2150.79,280,1310.79,840.0
2098,ORD-2023-12098,2023-02-10,2023-02-13,Same Day,CUST-323,United States,City_5,State_9,57250,Chocolate,East,PROD-006,Dark Chocolate Truffles,Secret Factory,5688.8,482,3278.8,2410.0
2099,ORD-2023-12099,2023-12-23,2023-12-23,First Class,CUST-326,United States,City_6,State_3,39205,Chocolate,West,PROD-009,Caramel Squares,Sugar Shack,1038.19,177,542.59,495.6
2100,ORD-2023-12100,2023-04-15,2023-04-23,Standard Class,CUST-295,United States,City_27,State_6,97916,Chocolate,Central,PROD-009,Caramel Squares,The Other Factory,1278.19,161,827.39,450.8
2101,ORD-2023-12101,2023-06-08,2023-06-12,Second Class,CUST-371,United States,City_27,State_7,95986,Candy,West,PROD-003,Sour Worms,Lot's O' Nuts,615.09,244,297.89,317.2
2102,ORD-2023-12102,2023-12-06,2023-12-11,Second Class,CUST-525,United States,City_33,State_13,80814,Candy,Central,PROD-002,Gummy Bears,Lot's O' Nuts,740.54,240,452.54,288.0
2103,ORD-2023-12103,2023-10-19,2023-10-24,Second Class,CUST-871,United States,City_38,State_2,30052,Nuts,Central,PROD-001,Chocolate Almonds,Lot's O' Nuts,2160.98,450,1035.98,1125.0
2104,ORD-2023-12104,2023-02-02,2023-02-04,First Class,CUST-138,United States,City_20,State_7,51751,Candy,South,PROD-002,Gummy Bears,Secret Factory,564.02,248,266.42,297.6
2105,ORD-2023-12105,2023-01-25,2023-01-25,First Class,CUST-672,United States,City_40,State_9,65328,Nuts,West,PROD-001,Chocolate Almonds,Wicked Choccy's,405.24,93,172.74,232.5
2106,ORD-2023-12106,2023-06-22,2023-06-25,Same Day,CUST-876,United States,City_11,State_7,36350,Nuts,West,PROD-007,Cashew Clusters,Sugar Shack,4302.18,383,2770.18,1532.0
2107,ORD-2023-12107,2023-01-05,2023-01-11,Second Class,CUST-438,United States,City_26,State_19,24130,Candy,West,PROD-003,Sour Worms,The Other Factory,156.55,79,53.85,102.7
2108,ORD-2023-12108,2023-01-12,2023-01-17,Second Class,CUST-518,United States,City_30,State_15,18876,Chocolate,East,PROD-004,Peanut Butter Cups,Wicked Choccy's,657.3,122,291.3,366.0
2109,ORD-2023-12109,2023-01-06,2023-01-06,First Class,CUST-245,United States,City_50,State_16,89910,Candy,South,PROD-002,Gummy Bears,Secret Factory,781.71,234,500.91,280.8
2110,ORD-2023-12110,2023-01-30,2023-02-02,Second Class,CUST-479,United States,City_14,State_2,20255,Nuts,Central,PROD-010,Pistachios,Sugar Shack,845.39,98,404.39,441.0
2111,ORD-2023-12111,2023-03-29,2023-03-29,Same Day,CUST-377,United States,City_46,State_5,16116,Candy,Central,PROD-003,Sour Worms,Wicked Choccy's,260.86,130,91.86,169.0
2112,ORD-2023-12112,2023-02-04,2023-02-06,Same Day,CUST-695,United States,City_48,State_1,21910,Candy,Central,PROD-003,Sour Worms,The Other Factory,1899.83,494,1257.63,642.2
2113,ORD-2023-12113,2023-05-30,2023-06-02,Second Class,CUST-159,United States,City_29,State_14,43940,Candy,West,PROD-008,Lollipops,Wicked Choccy's,50.79,36,32.79,18.0
2114,ORD-2023-12114,2023-11-25,2023-11-28,Same Day,CUST-428,United States,City_17,State_14,23876,Chocolate,East,PROD-009,Caramel Squares,Secret Factory,2379.21,335,1441.21,938.0
2115,ORD-2023-12115,2023-01-26,2023-02-01,First Class,CUST-654,United States,City_15,State_18,67764,Nuts,West,PROD-010,Pistachios,The Other Factory,1899.93,207,968.43,931.5
2116,ORD-2023-12116,2023-09-16,2023-09-19,First Class,CUST-284,United States,City_10,State_11,88485,Candy,West,PROD-003,Sour Worms,Secret Factory,1717.16,456,1124.36,592.8
2117,ORD-2023-12117,2023-07-21,2023-07-23,Same Day,CUST-829,United States,City_17,State_17,29324,Nuts,Central,PROD-001,Chocolate Almonds,The Other Factory,2289.16,398,1294.16,995.0
2118,ORD-2023-12118,2023-08-20,2023-08-25,Second Class,CUST-178,United States,City_12,State_4,27038,Chocolate,West,PROD-004,Peanut Butter Cups,Secret Factory,2412.61,303,1503.61,909.0
2119,ORD-2023-12119,2023-09-29,2023-10-01,Standard Class,CUST-142,United States,City_16,State_12,82456,Candy,East,PROD-002,Gummy Bears,Lot's O' Nuts,863.47,244,570.67,292.8
2120,ORD-2023-12120,2023-08-21,2023-08-31,Standard Class,CUST-944,United States,City_32,State_10,14725,Nuts,East,PROD-007,Cashew Clusters,The Other Factory,2814.72,447,1026.72,1788.0
2121,ORD-2023-12121,2023-02-23,2023-03-02,First Class,CUST-732,United States,City_17,State_12,33357,Chocolate,West,PROD-004,Peanut Butter Cups,The Other Factory,2750.42,310,1820.42,930.0
2122,ORD-2023-12122,2023-02-22,2023-02-25,Same Day,CUST-604,United States,City_25,State_9,42738,Nuts,East,PROD-010,Pistachios,Sugar Shack,777.6,98,336.6,441.0
2123,ORD-2023-12123,2023-03-25,2023-03-29,Second Class,CUST-396,United States,City_10,State_5,24809,Chocolate,South,PROD-004,Peanut Butter Cups,The Other Factory,122.46,20,62.46,60.0
2124,ORD-2023-12124,2023-12-17,2023-12-20,First Class,CUST-761,United States,City_25,State_7,35598,Nuts,South,PROD-007,Cashew Clusters,Wicked Choccy's,3214.72,425,1514.72,1700.0
2125,ORD-2023-12125,2023-05-29,2023-06-05,Second Class,CUST-998,United States,City_2,State_10,75824,Nuts,West,PROD-001,Chocolate Almonds,The Other Factory,781.23,160,381.23,400.0
2126,ORD-2023-12126,2023-05-19,2023-05-26,Standard Class,CUST-270,United States,City_1,State_12,90458,Chocolate,Central,PROD-009,Caramel Squares,Secret Factory,1058.99,247,367.39,691.6
2127,ORD-2023-12127,2023-11-10,2023-11-16,Standard Class,CUST-294,United States,City_44,State_15,75121,Nuts,Central,PROD-007,Cashew Clusters,The Other Factory,4522.39,402,2914.39,1608.0
2128,ORD-2023-12128,2023-08-07,2023-08-12,Same Day,CUST-263,United States,City_39,State_11,64278,Candy,West,PROD-005,Jelly Beans,The Other Factory,1245.94,334,744.94,501.0
2129,ORD-2023-12129,2023-09-12,2023-09-14,Same Day,CUST-274,United States,City_11,State_12,84349,Chocolate,West,PROD-004,Peanut Butter Cups,Sugar Shack,1495.64,252,739.64,756.0
2130,ORD-2023-12130,2023-07-24,2023-08-03,Standard Class,CUST-245,United States,City_39,State_5,13640,Candy,South,PROD-003,Sour Worms,Lot's O' Nuts,565.57,188,321.17,244.4
2131,ORD-2023-12131,2023-10-31,2023-11-07,Second Class,CUST-430,United States,City_50,State_14,38621,Chocolate,West,PROD-006,Dark Chocolate Truffles,The Other Factory,1306.92,156,526.92,780.0
2132,ORD-2023-12132,2023-12-07,2023-12-09,First Class,CUST-338,United States,City_28,State_8,70722,Nuts,Central,PROD-001,Chocolate Almonds,Wicked Choccy's,2182.56,368,1262.56,920.0
2133,ORD-2023-12133,2023-12-07,2023-12-11,First Class,CUST-143,United States,City_28,State_13,19961,Candy,West,PROD-003,Sour Worms,Secret Factory,1527.9,401,1006.6,521.3
2134,ORD-2023-12134,2023-02-19,2023-02-23,First Class,CUST-209,United States,City_15,State_18,15301,Chocolate,East,PROD-006,Dark Chocolate Truffles,Sugar Shack,984.89,109,439.89,545.0
2135,ORD-2023-12135,2023-02-02,2023-02-06,Second Class,CUST-281,United States,City_10,State_4,32661,Nuts,West,PROD-001,Chocolate Almonds,Sugar Shack,2642.16,429,1569.66,1072.5
2136,ORD-2023-12136,2023-12-31,2024-01-04,Standard Class,CUST-990,United States,City_28,State_18,64677,Candy,Central,PROD-002,Gummy Bears,Sugar Shack,553.8,200,313.8,240.0
2137,ORD-2023-12137,2023-01-05,2023-01-06,First Class,CUST-212,United States,City_34,State_11,44359,Chocolate,South,PROD-009,Caramel Squares,Secret Factory,466.64,63,290.24,176.4
2138,ORD-2023-12138,2023-06-08,2023-06-15,Same Day,CUST-957,United States,City_44,State_1,15581,Chocolate,East,PROD-009,Caramel Squares,The Other Factory,1220.15,166,755.35,464.8
2139,ORD-2023-12139,2023-11-23,2023-11-24,Same Day,CUST-951,United States,City_21,State_17,52898,Nuts,South,PROD-007,Cashew Clusters,Wicked Choccy's,2469.38,278,1357.38,1112.0
2140,ORD-2023-12140,2023-06-09,2023-06-09,Same Day,CUST-710,United States,City_28,State_5,38535,Nuts,Central,PROD-007,Cashew Clusters,Secret Factory,4251.69,406,2627.69,1624.0
2141,ORD-2023-12141,2023-08-12,2023-08-16,Second Class,CUST-176,United States,City_13,State_6,12242,Candy,East,PROD-005,Jelly Beans,Wicked Choccy's,1092.17,424,456.17,636.0
2142,ORD-2023-12142,2023-03-25,2023-03-26,First Class,CUST-322,United States,City_8,State_10,73648,Candy,East,PROD-005,Jelly Beans,Lot's O' Nuts,910.57,323,426.07,484.5
2143,ORD-2023-12143,2023-08-30,2023-09-10,Standard Class,CUST-257,United States,City_49,State_14,87087,Chocolate,East,PROD-009,Caramel Squares,The Other Factory,3059.13,451,1796.33,1262.8
2144,ORD-2023-12144,2023-11-30,2023-12-08,Standard Class,CUST-303,United States,City_8,State_18,12608,Nuts,Central,PROD-010,Pistachios,The Other Factory,940.0,92,526.0,414.0
2145,ORD-2023-12145,2023-07-29,2023-07-31,Same Day,CUST-863,United States,City_11,State_1,18177,Nuts,South,PROD-001,Chocolate Almonds,Wicked Choccy's,130.31,20,80.31,50.0
2146,ORD-2023-12146,2023-10-04,2023-10-09,Second Class,CUST-505,United States,City_13,State_4,10504,Nuts,West,PROD-001,Chocolate Almonds,Sugar Shack,814.49,182,359.49,455.0
2147,ORD-2023-12147,2023-05-19,2023-05-23,Second Class,CUST-340,United States,City_36,State_1,56567,Chocolate,Central,PROD-006,Dark Chocolate Truffles,Lot's O' Nuts,1909.87,135,1234.87,675.0
2148,ORD-2023-12148,2023-12-04,2023-12-09,Second Class,CUST-726,United States,City_4,State_2,69126,Chocolate,South,PROD-009,Caramel Squares,Wicked Choccy's,2681.02,408,1538.62,1142.4
2149,ORD-2023-12149,2023-08-23,2023-08-27,Second Class,CUST-349,United States,City_15,State_6,82851,Nuts,South,PROD-007,Cashew Clusters,The Other Factory,3420.9,397,1832.9,1588.0
2150,ORD-2023-12150,2023-04-20,2023-04-22,Second Class,CUST-864,United States,City_6,State_17,54069,Chocolate,South,PROD-004,Peanut Butter Cups,The Other Factory,2850.84,427,1569.84,1281.0
2151,ORD-2023-12151,2023-07-23,2023-07-27,Second Class,CUST-544,United States,City_36,State_10,24242,Candy,South,PROD-002,Gummy Bears,The Other Factory,481.23,242,190.83,290.4
2152,ORD-2023-12152,2023-12-06,2023-12-12,Second Class,CUST-305,United States,City_15,State_20,29969,Nuts,West,PROD-001,Chocolate Almonds,Lot's O' Nuts,1800.06,268,1130.06,670.0
2153,ORD-2023-12153,2023-04-06,2023-04-11,First Class,CUST-845,United States,City_5,State_17,72504,Candy,West,PROD-002,Gummy Bears,The Other Factory,769.22,246,474.02,295.2
2154,ORD-2023-12154,2023-09-10,2023-09-14,Same Day,CUST-144,United States,City_28,State_12,86284,Chocolate,South,PROD-006,Dark Chocolate Truffles,Lot's O' Nuts,1699.94,207,664.94,1035.0
2155,ORD-2023-12155,2023-05-07,2023-05-07,First Class,CUST-230,United States,City_30,State_20,68273,Candy,East,PROD-003,Sour Worms,Lot's O' Nuts,846.93,404,321.73,525.2
2156,ORD-2023-12156,2023-06-30,2023-07-08,Standard Class,CUST-973,United States,City_35,State_8,80912,Nuts,South,PROD-007,Cashew Clusters,Lot's O' Nuts,2664.88,313,1412.88,1252.0
2157,ORD-2023-12157,2023-12-12,2023-12-16,Second Class,CUST-941,United States,City_47,State_5,61221,Candy,South,PROD-005,Jelly Beans,Sugar Shack,80.62,18,53.62,27.0
2158,ORD-2023-12158,2023-03-29,2023-03-30,Same Day,CUST-688,United States,City_7,State_5,52424,Nuts,South,PROD-007,Cashew Clusters,Sugar Shack,3623.82,323,2331.82,1292.0
2159,ORD-2023-12159,2023-06-25,2023-06-30,Second Class,CUST-379,United States,City_43,State_14,92349,Candy,Central,PROD-008,Lollipops,Wicked Choccy's,161.5,176,73.5,88.0
2160,ORD-2023-12160,2023-10-24,2023-10-29,Second Class,CUST-555,United States,City_18,State_16,28706,Nuts,Central,PROD-001,Chocolate Almonds,Secret Factory,2719.24,451,1591.74,1127.5
2161,ORD-2023-12161,2023-02-02,2023-02-02,First Class,CUST-733,United States,City_26,State_16,12830,Nuts,South,PROD-010,Pistachios,Secret Factory,3891.96,401,2087.46,1804.5
2162,ORD-2023-12162,2023-12-18,2023-12-23,First Class,CUST-672,United States,City_23,State_20,84839,Chocolate,South,PROD-009,Caramel Squares,Lot's O' Nuts,2252.44,358,1250.04,1002.4
2163,ORD-2023-12163,2023-09-18,2023-09-24,Standard Class,CUST-921,United States,City_33,State_10,24751,Candy,Central,PROD-005,Jelly Beans,Secret Factory,442.12,109,278.62,163.5
2164,ORD-2023-12164,2023-08-23,2023-08-28,First Class,CUST-451,United States,City_14,State_13,86221,Nuts,West,PROD-007,Cashew Clusters,Secret Factory,3207.14,275,2107.14,1100.0
2165,ORD-2023-12165,2023-05-30,2023-06-06,Same Day,CUST-128,United States,City_17,State_10,51423,Chocolate,East,PROD-009,Caramel Squares,The Other Factory,2708.17,407,1568.57,1139.6
2166,ORD-2023-12166,2023-01-06,2023-01-09,Same Day,CUST-221,United States,City_3,State_6,62228,Nuts,West,PROD-001,Chocolate Almonds,The Other Factory,1304.17,177,861.67,442.5
2167,ORD-2023-12167,2023-07-24,2023-07-27,Same Day,CUST-162,United States,City_2,State_18,33480,Candy,East,PROD-003,Sour Worms,Secret Factory,478.44,158,273.04,205.4
2168,ORD-2023-12168,2023-09-24,2023-09-26,First Class,CUST-100,United States,City_36,State_18,85121,Candy,Central,PROD-005,Jelly Beans,The Other Factory,250.92,63,156.42,94.5
2169,ORD-2023-12169,2023-09-05,2023-09-07,First Class,CUST-653,United States,City_36,State_8,91114,Chocolate,East,PROD-009,Caramel Squares,Wicked Choccy's,1162.06,166,697.26,464.8
2170,ORD-2023-12170,2023-10-11,2023-10-17,Standard Class,CUST-986,United States,City_16,State_1,29579,Nuts,Central,PROD-010,Pistachios,Secret Factory,1787.34,187,945.84,841.5
2171,ORD-2023-12171,2023-01-01,2023-01-09,Standard Class,CUST-453,United States,City_47,State_13,98974,Candy,East,PROD-008,Lollipops,Sugar Shack,92.56,118,33.56,59.0
2172,ORD-2023-12172,2023-01-09,2023-01-14,Second Class,CUST-466,United States,City_25,State_10,22725,Nuts,Central,PROD-007,Cashew Clusters,Lot's O' Nuts,5621.3,476,3717.3,1904.0
2173,ORD-2023-12173,2023-10-05,2023-10-06,Same Day,CUST-401,United States,City_28,State_15,84643,Chocolate,West,PROD-009,Caramel Squares,Sugar Shack,2711.67,350,1731.67,980.0
2174,ORD-2023-12174,2023-12-01,2023-12-07,Standard Class,CUST-265,United States,City_27,State_2,14093,Nuts,South,PROD-001,Chocolate Almonds,The Other Factory,401.84,70,226.84,175.0
2175,ORD-2023-12175,2023-12-19,2023-12-22,First Class,CUST-377,United States,City_19,State_10,43038,Candy,South,PROD-002,Gummy Bears,Wicked Choccy's,135.77,72,49.37,86.4
2176,ORD-2023-12176,2023-09-05,2023-09-13,Same Day,CUST-532,United States,City_36,State_13,59050,Candy,East,PROD-003,Sour Worms,The Other Factory,487.09,150,292.09,195.0
2177,ORD-2023-12177,2023-03-14,2023-03-15,Same Day,CUST-219,United States,City_21,State_12,90121,Candy,East,PROD-003,Sour Worms,Sugar Shack,1432.01,413,895.11,536.9
2178,ORD-2023-12178,2023-06-11,2023-06-14,Second Class,CUST-282,United States,City_12,State_6,26368,Nuts,South,PROD-010,Pistachios,Secret Factory,4685.88,487,2494.38,2191.5
2179,ORD-2023-12179,2023-04-21,2023-04-29,Second Class,CUST-775,United States,City_19,State_15,13853,Nuts,Central,PROD-010,Pistachios,Lot's O' Nuts,5375.32,487,3183.82,2191.5
2180,ORD-2023-12180,2023-07-19,2023-07-20,Same Day,CUST-801,United States,City_21,State_12,88287,Candy,Central,PROD-005,Jelly Beans,Secret Factory,572.16,165,324.66,247.5
2181,ORD-2023-12181,2023-03-29,2023-03-31,First Class,CUST-937,United States,City_15,State_18,39520,Chocolate,South,PROD-004,Peanut Butter Cups,The Other Factory,490.67,59,313.67,177.0
2182,ORD-2023-12182,2023-03-12,2023-03-21,Standard Class,CUST-456,United States,City_14,State_4,31787,Chocolate,South,PROD-006,Dark Chocolate Truffles,Lot's O' Nuts,1569.63,157,784.63,785.0
2183,ORD-2023-12183,2023-07-21,2023-07-23,Second Class,CUST-193,United States,City_5,State_16,41041,Nuts,East,PROD-010,Pistachios,Lot's O' Nuts,839.57,75,502.07,337.5
2184,ORD-2023-12184,2023-08-06,2023-08-10,Second Class,CUST-757,United States,City_35,State_8,90935,Candy,South,PROD-003,Sour Worms,Secret Factory,1003.54,405,477.04,526.5
2185,ORD-2023-12185,2023-10-11,2023-10-12,First Class,CUST-698,United States,City_43,State_10,32323,Chocolate,Central,PROD-006,Dark Chocolate Truffles,The Other Factory,1545.68,176,665.68,880.0
2186,ORD-2023-12186,2023-07-27,2023-08-04,Standard Class,CUST-435,United States,City_32,State_12,90602,Chocolate,Central,PROD-006,Dark Chocolate Truffles,Wicked Choccy's,1023.36,69,678.36,345.0
2187,ORD-2023-12187,2023-06-22,2023-06-30,Standard Class,CUST-972,United States,City_41,State_2,57614,Candy,East,PROD-002,Gummy Bears,Secret Factory,907.23,479,332.43,574.8
2188,ORD-2023-12188,2023-08-18,2023-08-24,First Class,CUST-582,United States,City_15,State_12,93706,Candy,East,PROD-005,Jelly Beans,The Other Factory,711.8,242,348.8,363.0
2189,ORD-2023-12189,2023-08-13,2023-08-15,First Class,CUST-861,United States,City_47,State_10,24697,Chocolate,West,PROD-004,Peanut Butter Cups,Sugar Shack,3144.23,457,1773.23,1371.0
2190,ORD-2023-12190,2023-12-26,2023-12-30,First Class,CUST-570,United States,City_13,State_9,47930,Candy,Central,PROD-008,Lollipops,Lot's O' Nuts,626.66,422,415.66,211.0
2191,ORD-2023-12191,2023-04-29,2023-04-29,First Class,CUST-131,United States,City_15,State_7,26359,Nuts,East,PROD-010,Pistachios,Wicked Choccy's,2651.01,260,1481.01,1170.0
2192,ORD-2023-12192,2023-02-05,2023-02-13,Standard Class,CUST-945,United States,City_42,State_17,88757,Chocolate,South,PROD-009,Caramel Squares,Wicked Choccy's,1826.06,362,812.46,1013.6
2193,ORD-2023-12193,2023-09-17,2023-09-23,Same Day,CUST-931,United States,City_36,State_3,56219,Candy,East,PROD-003,Sour Worms,Secret Factory,1042.79,283,674.89,367.9
2194,ORD-2023-12194,2023-01-05,2023-01-06,Second Class,CUST-545,United States,City_12,State_11,99688,Candy,South,PROD-003,Sour Worms,Secret Factory,555.84,156,353.04,202.8
2195,ORD-2023-12195,2023-08-16,2023-08-22,Standard Class,CUST-434,United States,City_43,State_7,52917,Candy,West,PROD-002,Gummy Bears,Sugar Shack,855.51,364,418.71,436.8
2196,ORD-2023-12196,2023-09-20,2023-09-28,Standard Class,CUST-464,United States,City_28,State_16,34640,Chocolate,East,PROD-004,Peanut Butter Cups,Secret Factory,2507.31,299,1610.31,897.0
2197,ORD-2023-12197,2023-02-14,2023-02-15,Same Day,CUST-860,United States,City_25,State_6,87658,Candy,South,PROD-005,Jelly Beans,Sugar Shack,1284.68,386,705.68,579.0
2198,ORD-2023-12198,2023-04-25,2023-05-02,First Class,CUST-239,United States,City_38,State_20,85443,Nuts,East,PROD-007,Cashew Clusters,The Other Factory,1273.17,117,805.17,468.0
2199,ORD-2023-12199,2023-06-24,2023-06-24,First Class,CUST-688,United States,City_38,State_1,14840,Candy,South,PROD-005,Jelly Beans,Secret Factory,130.38,36,76.38,54.0
2200,ORD-2023-12200,2023-04-27,2023-04-30,Same Day,CUST-339,United States,City_44,State_11,31459,Candy,Central,PROD-002,Gummy Bears,Lot's O' Nuts,558.31,305,192.31,366.0
2201,ORD-2023-12201,2023-05-28,2023-06-04,First Class,CUST-499,United States,City_18,State_17,77725,Candy,South,PROD-002,Gummy Bears,Lot's O' Nuts,288.19,97,171.79,116.4
2202,ORD-2023-12202,2023-08-13,2023-08-15,First Class,CUST-997,United States,City_24,State_16,53069,Candy,South,PROD-005,Jelly Beans,The Other Factory,340.7,97,195.2,145.5
2203,ORD-2023-12203,2023-10-31,2023-11-07,Standard Class,CUST-173,United States,City_29,State_19,70654,Nuts,West,PROD-010,Pistachios,Sugar Shack,286.53,36,124.53,162.0
2204,ORD-2023-12204,2023-06-03,2023-06-10,Second Class,CUST-754,United States,City_39,State_15,20741,Chocolate,East,PROD-009,Caramel Squares,The Other Factory,1811.57,280,1027.57,784.0
2205,ORD-2023-12205,2023-05-15,2023-05-18,First Class,CUST-201,United States,City_18,State_7,65765,Candy,Central,PROD-008,Lollipops,Lot's O' Nuts,481.33,483,239.83,241.5
2206,ORD-2023-12206,2023-02-12,2023-02-20,Standard Class,CUST-753,United States,City_2,State_7,79227,Candy,South,PROD-008,Lollipops,Wicked Choccy's,133.34,103,81.84,51.5
2207,ORD-2023-12207,2023-02-11,2023-02-18,Standard Class,CUST-603,United States,City_35,State_3,46058,Chocolate,South,PROD-009,Caramel Squares,Sugar Shack,1595.82,305,741.82,854.0
2208,ORD-2023-12208,2023-11-13,2023-11-24,Standard Class,CUST-963,United States,City_47,State_19,92611,Chocolate,East,PROD-006,Dark Chocolate Truffles,The Other Factory,4974.41,346,3244.41,1730.0
2209,ORD-2023-12209,2023-10-23,2023-10-27,Same Day,CUST-251,United States,City_36,State_14,65438,Candy,South,PROD-003,Sour Worms,Lot's O' Nuts,90.86,34,46.66,44.2
2210,ORD-2023-12210,2023-02-15,2023-02-15,First Class,CUST-420,United States,City_48,State_17,80577,Nuts,West,PROD-010,Pistachios,Wicked Choccy's,4086.57,331,2597.07,1489.5
2211,ORD-2023-12211,2023-04-10,2023-04-14,First Class,CUST-120,United States,City_48,State_4,25972,Nuts,East,PROD-001,Chocolate Almonds,Secret Factory,464.35,74,279.35,185.0
2212,ORD-2023-12212,2023-05-08,2023-05-15,Standard Class,CUST-228,United States,City_37,State_16,50288,Nuts,East,PROD-010,Pistachios,Wicked Choccy's,6269.57,500,4019.57,2250.0
2213,ORD-2023-12213,2023-05-05,2023-05-10,Standard Class,CUST-687,United States,City_4,State_17,53003,Candy,Central,PROD-003,Sour Worms,Sugar Shack,1057.1,380,563.1,494.0
2214,ORD-2023-12214,2023-05-26,2023-05-30,Standard Class,CUST-238,United States,City_20,State_7,70429,Chocolate,East,PROD-009,Caramel Squares,Lot's O' Nuts,788.74,177,293.14,495.6
2215,ORD-2023-12215,2023-12-23,2023-12-28,First Class,CUST-608,United States,City_14,State_13,62698,Chocolate,East,PROD-004,Peanut Butter Cups,Secret Factory,3353.34,417,2102.34,1251.0
2216,ORD-2023-12216,2023-12-20,2023-12-27,Second Class,CUST-713,United States,City_26,State_19,42157,Candy,East,PROD-003,Sour Worms,Secret Factory,553.44,188,309.04,244.4
2217,ORD-2023-12217,2023-12-27,2024-01-02,Standard Class,CUST-657,United States,City_21,State_14,21842,Chocolate,West,PROD-004,Peanut Butter Cups,Sugar Shack,95.16,13,56.16,39.0
2218,ORD-2023-12218,2023-02-14,2023-02-18,Second Class,CUST-495,United States,City_25,State_8,86648,Chocolate,South,PROD-006,Dark Chocolate Truffles,Sugar Shack,3432.52,343,1717.52,1715.0
2219,ORD-2023-12219,2023-06-27,2023-07-04,First Class,CUST-203,United States,City_25,State_10,42256,Candy,West,PROD-008,Lollipops,The Other Factory,582.88,414,375.88,207.0
2220,ORD-2023-12220,2023-09-18,2023-09-26,Second Class,CUST-597,United States,City_12,State_15,13692,Nuts,East,PROD-007,Cashew Clusters,The Other Factory,3541.39,476,1637.39,1904.0
2221,ORD-2023-12221,2023-07-29,2023-07-30,Same Day,CUST-355,United States,City_19,State_6,78319,Candy,South,PROD-003,Sour Worms,The Other Factory,31.43,12,15.83,15.6
2222,ORD-2023-12222,2023-02-05,2023-02-06,First Class,CUST-522,United States,City_5,State_2,23741,Candy,Central,PROD-002,Gummy Bears,Secret Factory,1313.37,428,799.77,513.6
2223,ORD-2023-12223,2023-06-21,2023-06-26,Second Class,CUST-750,United States,City_20,State_14,44812,Nuts,Central,PROD-010,Pistachios,Secret Factory,3588.99,284,2310.99,1278.0
2224,ORD-2023-12224,2023-04-07,2023-04-14,Standard Class,CUST-101,United States,City_9,State_16,38048,Nuts,East,PROD-001,Chocolate Almonds,Sugar Shack,2059.49,352,1179.49,880.0
2225,ORD-2023-12225,2023-08-03,2023-08-03,Same Day,CUST-977,United States,City_33,State_4,44510,Nuts,West,PROD-001,Chocolate Almonds,Sugar Shack,618.67,116,328.67,290.0
2226,ORD-2023-12226,2023-09-28,2023-10-05,Standard Class,CUST-706,United States,City_21,State_7,12832,Candy,South,PROD-005,Jelly Beans,Sugar Shack,1406.9,396,812.9,594.0
2227,ORD-2023-12227,2023-09-11,2023-09-16,Same Day,CUST-874,United States,City_43,State_20,92142,Nuts,East,PROD-010,Pistachios,Secret Factory,1828.76,215,861.26,967.5
2228,ORD-2023-12228,2023-09-16,2023-09-22,Second Class,CUST-384,United States,City_40,State_17,69551,Nuts,West,PROD-001,Chocolate Almonds,The Other Factory,1878.16,284,1168.16,710.0
2229,ORD-2023-12229,2023-12-28,2023-12-31,Standard Class,CUST-885,United States,City_22,State_18,69464,Candy,Central,PROD-005,Jelly Beans,Sugar Shack,539.73,131,343.23,196.5
2230,ORD-2023-12230,2023-05-17,2023-05-22,Same Day,CUST-757,United States,City_28,State_18,83393,Candy,East,PROD-003,Sour Worms,Secret Factory,1082.63,464,479.43,603.2
2231,ORD-2023-12231,2023-01-18,2023-01-22,First Class,CUST-313,United States,City_38,State_17,78513,Candy,South,PROD-002,Gummy Bears,Lot's O' Nuts,265.45,113,129.85,135.6
2232,ORD-2023-12232,2023-10-08,2023-10-13,Second Class,CUST-865,United States,City_23,State_17,39156,Candy,South,PROD-002,Gummy Bears,The Other Factory,649.43,250,349.43,300.0
2233,ORD-2023-12233,2023-09-01,2023-09-03,First Class,CUST-357,United States,City_7,State_8,11104,Chocolate,South,PROD-004,Peanut Butter Cups,Wicked Choccy's,1095.04,240,375.04,720.0
2234,ORD-2023-12234,2023-04-09,2023-04-10,First Class,CUST-994,United States,City_27,State_1,34417,Nuts,East,PROD-010,Pistachios,Lot's O' Nuts,3352.36,272,2128.36,1224.0
2235,ORD-2023-12235,2023-06-28,2023-07-02,Second Class,CUST-140,United States,City_17,State_3,95879,Chocolate,South,PROD-009,Caramel Squares,Wicked Choccy's,1088.6,145,682.6,406.0
2236,ORD-2023-12236,2023-12-01,2023-12-08,Standard Class,CUST-237,United States,City_1,State_9,46634,Candy,East,PROD-003,Sour Worms,Wicked Choccy's,542.96,192,293.36,249.6
2237,ORD-2023-12237,2023-12-20,2023-12-20,Same Day,CUST-378,United States,City_7,State_19,38192,Candy,East,PROD-002,Gummy Bears,Lot's O' Nuts,1032.71,312,658.31,374.4
2238,ORD-2023-12238,2023-10-10,2023-10-12,Second Class,CUST-736,United States,City_31,State_20,50575,Candy,Central,PROD-003,Sour Worms,Sugar Shack,710.82,339,270.12,440.7
2239,ORD-2023-12239,2023-10-06,2023-10-06,First Class,CUST-701,United States,City_47,State_18,72215,Candy,West,PROD-002,Gummy Bears,Wicked Choccy's,1311.14,497,714.74,596.4
2240,ORD-2023-12240,2023-04-15,2023-04-17,Same Day,CUST-180,United States,City_32,State_10,28894,Candy,Central,PROD-003,Sour Worms,Secret Factory,236.49,103,102.59,133.9
2241,ORD-2023-12241,2023-12-22,2023-12-26,First Class,CUST-276,United States,City_27,State_4,24140,Candy,East,PROD-003,Sour Worms,Sugar Shack,1109.5,340,667.5,442.0
2242,ORD-2023-12242,2023-04-09,2023-04-20,Standard Class,CUST-541,United States,City_7,State_13,38195,Chocolate,East,PROD-009,Caramel Squares,The Other Factory,963.93,166,499.13,464.8
2243,ORD-2023-12243,2023-10-07,2023-10-16,Second Class,CUST-768,United States,City_11,State_2,29850,Nuts,East,PROD-001,Chocolate Almonds,Secret Factory,1162.54,214,627.54,535.0
2244,ORD-2023-12244,2023-07-20,2023-07-24,Second Class,CUST-838,United States,City_9,State_3,84873,Nuts,Central,PROD-001,Chocolate Almonds,Lot's O' Nuts,3156.78,467,1989.28,1167.5
2245,ORD-2023-12245,2023-01-06,2023-01-15,Standard Class,CUST-719,United States,City_21,State_1,17855,Chocolate,South,PROD-006,Dark Chocolate Truffles,Wicked Choccy's,2010.5,183,1095.5,915.0
2246,ORD-2023-12246,2023-06-20,2023-06-26,Second Class,CUST-112,United States,City_2,State_15,38336,Candy,West,PROD-002,Gummy Bears,Secret Factory,1614.91,499,1016.11,598.8
2247,ORD-2023-12247,2023-01-18,2023-01-24,Second Class,CUST-264,United States,City_6,State_4,36764,Nuts,East,PROD-010,Pistachios,Secret Factory,3380.11,345,1827.61,1552.5
2248,ORD-2023-12248,2023-02-08,2023-02-11,Same Day,CUST-245,United States,City_12,State_4,13270,Chocolate,East,PROD-009,Caramel Squares,Secret Factory,2013.89,345,1047.89,966.0
2249,ORD-2023-12249,2023-02-27,2023-02-27,Same Day,CUST-271,United States,City_36,State_3,72123,Candy,Central,PROD-005,Jelly Beans,Sugar Shack,657.41,263,262.91,394.5
2250,ORD-2023-12250,2023-05-06,2023-05-09,First Class,CUST-248,United States,City_15,State_10,48421,Nuts,Central,PROD-001,Chocolate Almonds,Secret Factory,861.48,218,316.48,545.0
2251,ORD-2023-12251,2023-02-17,2023-02-21,Second Class,CUST-247,United States,City_22,State_6,38137,Candy,Central,PROD-003,Sour Worms,Wicked Choccy's,929.14,341,485.84,443.3
2252,ORD-2023-12252,2023-12-07,2023-12-14,Second Class,CUST-378,United States,City_20,State_15,72188,Nuts,East,PROD-010,Pistachios,Sugar Shack,2629.24,383,905.74,1723.5
2253,ORD-2023-12253,2023-12-12,2023-12-18,Second Class,CUST-740,United States,City_23,State_11,22369,Candy,East,PROD-003,Sour Worms,Secret Factory,285.34,103,151.44,133.9
2254,ORD-2023-12254,2023-02-10,2023-02-12,Same Day,CUST-937,United States,City_20,State_18,13159,Chocolate,South,PROD-004,Peanut Butter Cups,Wicked Choccy's,2262.18,343,1233.18,1029.0
2255,ORD-2023-12255,2023-10-27,2023-10-27,First Class,CUST-491,United States,City_3,State_5,23863,Candy,Central,PROD-003,Sour Worms,Sugar Shack,753.32,286,381.52,371.8
2256,ORD-2023-12256,2023-10-02,2023-10-09,First Class,CUST-193,United States,City_11,State_14,80843,Candy,East,PROD-002,Gummy Bears,The Other Factory,1062.2,307,693.8,368.4
2257,ORD-2023-12257,2023-09-03,2023-09-06,First Class,CUST-999,United States,City_33,State_14,26633,Nuts,South,PROD-007,Cashew Clusters,Sugar Shack,2518.92,294,1342.92,1176.0
2258,ORD-2023-12258,2023-01-05,2023-01-09,Standard Class,CUST-419,United States,City_30,State_9,13097,Chocolate,South,PROD-004,Peanut Butter Cups,Secret Factory,1826.05,266,1028.05,798.0
2259,ORD-2023-12259,2023-10-17,2023-10-22,Standard Class,CUST-602,United States,City_19,State_20,84351,Chocolate,South,PROD-009,Caramel Squares,Wicked Choccy's,435.73,66,250.93,184.8
2260,ORD-2023-12260,2023-01-23,2023-01-28,First Class,CUST-854,United States,City_47,State_17,36424,Candy,South,PROD-003,Sour Worms,Lot's O' Nuts,95.8,35,50.3,45.5
2261,ORD-2023-12261,2023-06-16,2023-06-23,Second Class,CUST-375,United States,City_33,State_14,45444,Nuts,West,PROD-007,Cashew Clusters,The Other Factory,974.3,127,466.3,508.0
2262,ORD-2023-12262,2023-04-25,2023-05-01,Standard Class,CUST-520,United States,City_21,State_9,66582,Candy,West,PROD-008,Lollipops,Lot's O' Nuts,446.65,303,295.15,151.5
2263,ORD-2023-12263,2023-02-03,2023-02-08,Second Class,CUST-844,United States,City_32,State_5,11906,Candy,East,PROD-003,Sour Worms,Wicked Choccy's,222.17,95,98.67,123.5
2264,ORD-2023-12264,2023-04-22,2023-04-26,Second Class,CUST-118,United States,City_36,State_17,59401,Chocolate,East,PROD-006,Dark Chocolate Truffles,Sugar Shack,87.53,11,32.53,55.0
2265,ORD-2023-12265,2023-05-03,2023-05-05,Same Day,CUST-104,United States,City_1,State_17,78300,Chocolate,South,PROD-004,Peanut Butter Cups,Sugar Shack,1565.17,313,626.17,939.0
2266,ORD-2023-12266,2023-05-10,2023-05-22,Standard Class,CUST-102,United States,City_2,State_19,22103,Nuts,East,PROD-010,Pistachios,The Other Factory,664.43,70,349.43,315.0
2267,ORD-2023-12267,2023-03-13,2023-03-18,Second Class,CUST-567,United States,City_48,State_19,98244,Nuts,West,PROD-007,Cashew Clusters,The Other Factory,3228.06,360,1788.06,1440.0
2268,ORD-2023-12268,2023-07-18,2023-07-24,Standard Class,CUST-850,United States,City_22,State_10,81214,Chocolate,South,PROD-009,Caramel Squares,The Other Factory,90.66,14,51.46,39.2
2269,ORD-2023-12269,2023-05-13,2023-05-13,Same Day,CUST-151,United States,City_2,State_20,87265,Candy,South,PROD-002,Gummy Bears,The Other Factory,466.11,208,216.51,249.6
2270,ORD-2023-12270,2023-08-11,2023-08-15,Second Class,CUST-840,United States,City_16,State_15,20811,Chocolate,West,PROD-009,Caramel Squares,Sugar Shack,555.75,70,359.75,196.0
2271,ORD-2023-12271,2023-02-17,2023-02-24,First Class,CUST-761,United States,City_24,State_9,53217,Candy,East,PROD-002,Gummy Bears,The Other Factory,1007.71,349,588.91,418.8
2272,ORD-2023-12272,2023-01-10,2023-01-14,Second Class,CUST-924,United States,City_43,State_1,18967,Chocolate,Central,PROD-009,Caramel Squares,Wicked Choccy's,728.31,106,431.51,296.8
2273,ORD-2023-12273,2023-05-23,2023-05-26,Second Class,CUST-557,United States,City_21,State_13,85334,Chocolate,Central,PROD-006,Dark Chocolate Truffles,Wicked Choccy's,2338.92,221,1233.92,1105.0
2274,ORD-2023-12274,2023-10-25,2023-10-29,First Class,CUST-983,United States,City_26,State_14,67883,Nuts,Central,PROD-010,Pistachios,The Other Factory,5348.6,465,3256.1,2092.5
2275,ORD-2023-12275,2023-10-09,2023-10-12,Standard Class,CUST-759,United States,City_47,State_1,28255,Candy,East,PROD-003,Sour Worms,Lot's O' Nuts,197.65,80,93.65,104.0
2276,ORD-2023-12276,2023-12-01,2023-12-04,Second Class,CUST-710,United States,City_50,State_10,10147,Chocolate,West,PROD-009,Caramel Squares,Lot's O' Nuts,781.79,123,437.39,344.4
2277,ORD-2023-12277,2023-09-29,2023-10-07,Standard Class,CUST-171,United States,City_32,State_9,52567,Candy,West,PROD-003,Sour Worms,Secret Factory,547.27,187,304.17,243.1
2278,ORD-2023-12278,2023-11-23,2023-11-25,First Class,CUST-263,United States,City_15,State_12,69563,Candy,West,PROD-003,Sour Worms,Secret Factory,297.28,108,156.88,140.4
2279,ORD-2023-12279,2023-03-23,2023-03-31,Standard Class,CUST-890,United States,City_36,State_5,82307,Nuts,Central,PROD-001,Chocolate Almonds,Lot's O' Nuts,1342.38,327,524.88,817.5
2280,ORD-2023-12280,2023-02-05,2023-02-05,Same Day,CUST-746,United States,City_21,State_12,83985,Chocolate,East,PROD-006,Dark Chocolate Truffles,Lot's O' Nuts,2921.13,331,1266.13,1655.0
2281,ORD-2023-12281,2023-01-17,2023-01-21,Standard Class,CUST-277,United States,City_15,State_2,44668,Nuts,South,PROD-001,Chocolate Almonds,Sugar Shack,225.19,41,122.69,102.5
2282,ORD-2023-12282,2023-02-13,2023-02-21,Standard Class,CUST-634,United States,City_10,State_15,21359,Nuts,East,PROD-007,Cashew Clusters,Secret Factory,702.7,75,402.7,300.0
2283,ORD-2023-12283,2023-03-07,2023-03-12,Second Class,CUST-742,United States,City_28,State_3,55986,Nuts,West,PROD-001,Chocolate Almonds,Lot's O' Nuts,1951.88,300,1201.88,750.0
2284,ORD-2023-12284,2023-09-30,2023-10-01,First Class,CUST-609,United States,City_48,State_14,67045,Candy,East,PROD-002,Gummy Bears,Wicked Choccy's,930.1,376,478.9,451.2
2285,ORD-2023-12285,2023-07-15,2023-07-17,First Class,CUST-996,United States,City_20,State_6,28917,Chocolate,Central,PROD-006,Dark Chocolate Truffles,Wicked Choccy's,2988.95,381,1083.95,1905.0
2286,ORD-2023-12286,2023-07-16,2023-07-20,First Class,CUST-209,United States,City_40,State_3,53633,Candy,West,PROD-008,Lollipops,Secret Factory,637.11,432,421.11,216.0
2287,ORD-2023-12287,2023-11-17,2023-11-20,Same Day,CUST-416,United States,City_32,State_5,44009,Chocolate,Central,PROD-004,Peanut Butter Cups,Lot's O' Nuts,1007.55,114,665.55,342.0
2288,ORD-2023-12288,2023-09-09,2023-09-15,Standard Class,CUST-267,United States,City_21,State_4,99048,Chocolate,South,PROD-004,Peanut Butter Cups,Sugar Shack,1512.5,219,855.5,657.0
2289,ORD-2023-12289,2023-08-20,2023-08-22,Same Day,CUST-967,United States,City_27,State_13,56017,Candy,West,PROD-003,Sour Worms,Secret Factory,32.38,11,18.08,14.3
2290,ORD-2023-12290,2023-02-09,2023-02-11,First Class,CUST-552,United States,City_27,State_18,67933,Nuts,West,PROD-007,Cashew Clusters,Wicked Choccy's,5768.23,499,3772.23,1996.0
2291,ORD-2023-12291,2023-08-28,2023-08-29,Same Day,CUST-263,United States,City_38,State_2,93769,Chocolate,Central,PROD-009,Caramel Squares,Sugar Shack,1969.57,434,754.37,1215.2
2292,ORD-2023-12292,2023-07-31,2023-08-08,Standard Class,CUST-622,United States,City_20,State_17,84137,Chocolate,East,PROD-004,Peanut Butter Cups,Sugar Shack,2430.05,487,969.05,1461.0
2293,ORD-2023-12293,2023-05-01,2023-05-05,Second Class,CUST-931,United States,City_14,State_10,17031,Candy,West,PROD-008,Lollipops,Sugar Shack,237.67,170,152.67,85.0
2294,ORD-2023-12294,2023-02-26,2023-02-28,Second Class,CUST-909,United States,City_41,State_14,43132,Candy,South,PROD-005,Jelly Beans,Secret Factory,212.76,87,82.26,130.5
2295,ORD-2023-12295,2023-05-12,2023-05-13,First Class,CUST-117,United States,City_26,State_9,47100,Nuts,West,PROD-010,Pistachios,Sugar Shack,3664.16,304,2296.16,1368.0
2296,ORD-2023-12296,2023-04-11,2023-04-11,Same Day,CUST-643,United States,City_10,State_15,42647,Candy,East,PROD-002,Gummy Bears,Lot's O' Nuts,806.53,289,459.73,346.8
2297,ORD-2023-12297,2023-04-26,2023-04-30,First Class,CUST-907,United States,City_19,State_17,75888,Nuts,West,PROD-001,Chocolate Almonds,Secret Factory,1144.67,182,689.67,455.0
2298,ORD-2023-12298,2023-10-02,2023-10-06,Same Day,CUST-514,United States,City_17,State_1,55523,Candy,Central,PROD-003,Sour Worms,Lot's O' Nuts,81.62,21,54.32,27.3
2299,ORD-2023-12299,2023-02-16,2023-02-19,Second Class,CUST-479,United States,City_20,State_7,96050,Candy,East,PROD-002,Gummy Bears,Lot's O' Nuts,300.59,92,190.19,110.4
2300,ORD-2023-12300,2023-01-16,2023-01-18,Second Class,CUST-152,United States,City_20,State_20,79191,Candy,West,PROD-005,Jelly Beans,Lot's O' Nuts,269.05,70,164.05,105.0
2301,ORD-2023-12301,2023-03-14,2023-03-16,Same Day,CUST-757,United States,City_33,State_13,16929,Nuts,West,PROD-007,Cashew Clusters,Lot's O' Nuts,627.15,61,383.15,244.0
2302,ORD-2023-12302,2023-12-24,2023-12-28,Standard Class,CUST-557,United States,City_36,State_19,91644,Nuts,West,PROD-001,Chocolate Almonds,Wicked Choccy's,468.26,113,185.76,282.5
2303,ORD-2023-12303,2023-05-22,2023-05-26,Standard Class,CUST-314,United States,City_20,State_16,25306,Nuts,East,PROD-010,Pistachios,Lot's O' Nuts,340.18,26,223.18,117.0
2304,ORD-2023-12304,2023-10-29,2023-11-07,Standard Class,CUST-767,United States,City_36,State_14,15975,Chocolate,South,PROD-004,Peanut Butter Cups,Lot's O' Nuts,2844.54,431,1551.54,1293.0
2305,ORD-2023-12305,2023-12-17,2023-12-22,First Class,CUST-869,United States,City_4,State_17,43865,Candy,West,PROD-002,Gummy Bears,Secret Factory,1094.28,376,643.08,451.2
2306,ORD-2023-12306,2023-09-26,2023-10-02,Same Day,CUST-109,United States,City_41,State_4,20097,Candy,Central,PROD-002,Gummy Bears,The Other Factory,598.29,178,384.69,213.6
2307,ORD-2023-12307,2023-06-22,2023-06-27,Second Class,CUST-222,United States,City_2,State_16,31819,Chocolate,Central,PROD-004,Peanut Butter Cups,Secret Factory,1473.96,281,630.96,843.0
2308,ORD-2023-12308,2023-08-30,2023-09-05,Standard Class,CUST-713,United States,City_49,State_2,39713,Chocolate,South,PROD-009,Caramel Squares,The Other Factory,597.87,80,373.87,224.0
2309,ORD-2023-12309,2023-08-07,2023-08-17,Standard Class,CUST-624,United States,City_8,State_20,71601,Candy,South,PROD-008,Lollipops,Lot's O' Nuts,27.95,24,15.95,12.0
2310,ORD-2023-12310,2023-05-09,2023-05-09,Same Day,CUST-223,United States,City_35,State_7,73591,Candy,West,PROD-003,Sour Worms,Wicked Choccy's,744.01,256,411.21,332.8
2311,ORD-2023-12311,2023-08-03,2023-08-04,Same Day,CUST-107,United States,City_12,State_10,81700,Chocolate,East,PROD-006,Dark Chocolate Truffles,Wicked Choccy's,4136.51,296,2656.51,1480.0
2312,ORD-2023-12312,2023-08-27,2023-09-01,First Class,CUST-132,United States,City_1,State_6,95371,Nuts,Central,PROD-001,Chocolate Almonds,The Other Factory,3347.01,453,2214.51,1132.5
2313,ORD-2023-12313,2023-04-20,2023-04-24,Second Class,CUST-290,United States,City_11,State_4,61210,Candy,West,PROD-005,Jelly Beans,Sugar Shack,1437.82,458,750.82,687.0
2314,ORD-2023-12314,2023-10-10,2023-10-14,Same Day,CUST-365,United States,City_26,State_16,12611,Nuts,South,PROD-010,Pistachios,Lot's O' Nuts,2368.67,190,1513.67,855.0
2315,ORD-2023-12315,2023-08-12,2023-08-19,Standard Class,CUST-351,United States,City_37,State_12,28617,Nuts,Central,PROD-007,Cashew Clusters,Secret Factory,3315.96,327,2007.96,1308.0
2316,ORD-2023-12316,2023-07-28,2023-08-05,Standard Class,CUST-248,United States,City_25,State_3,10578,Candy,East,PROD-002,Gummy Bears,Sugar Shack,1093.6,468,532.0,561.6
2317,ORD-2023-12317,2023-07-06,2023-07-11,Second Class,CUST-932,United States,City_42,State_17,43820,Candy,West,PROD-008,Lollipops,Lot's O' Nuts,48.99,33,32.49,16.5
2318,ORD-2023-12318,2023-11-14,2023-11-19,Standard Class,CUST-691,United States,City_9,State_10,81018,Candy,West,PROD-003,Sour Worms,Sugar Shack,1036.86,285,666.36,370.5
2319,ORD-2023-12319,2023-01-13,2023-01-21,Second Class,CUST-209,United States,City_48,State_14,88733,Candy,East,PROD-005,Jelly Beans,The Other Factory,43.92,15,21.42,22.5
2320,ORD-2023-12320,2023-01-24,2023-01-28,Second Class,CUST-172,United States,City_25,State_16,57805,Candy,Central,PROD-002,Gummy Bears,Lot's O' Nuts,168.44,85,66.44,102.0
2321,ORD-2023-12321,2024-01-01,2024-01-02,Same Day,CUST-783,United States,City_40,State_11,40496,Chocolate,Central,PROD-009,Caramel Squares,Secret Factory,2175.38,416,1010.58,1164.8
2322,ORD-2023-12322,2023-01-02,2023-01-13,Standard Class,CUST-221,United States,City_49,State_9,75361,Candy,East,PROD-005,Jelly Beans,The Other Factory,402.76,176,138.76,264.0
2323,ORD-2023-12323,2023-09-16,2023-09-17,Same Day,CUST-906,United States,City_28,State_4,51950,Nuts,West,PROD-007,Cashew Clusters,Sugar Shack,4654.78,429,2938.78,1716.0
2324,ORD-2023-12324,2023-02-26,2023-03-02,First Class,CUST-178,United States,City_29,State_16,53190,Candy,Central,PROD-008,Lollipops,Wicked Choccy's,92.76,80,52.76,40.0
2325,ORD-2023-12325,2023-10-16,2023-10-16,First Class,CUST-449,United States,City_24,State_9,30285,Candy,West,PROD-002,Gummy Bears,Wicked Choccy's,715.98,264,399.18,316.8
2326,ORD-2023-12326,2023-04-27,2023-05-05,Second Class,CUST-257,United States,City_19,State_10,67033,Nuts,South,PROD-007,Cashew Clusters,Lot's O' Nuts,3195.54,385,1655.54,1540.0
2327,ORD-2023-12327,2023-08-28,2023-08-28,Same Day,CUST-166,United States,City_29,State_4,13580,Chocolate,South,PROD-006,Dark Chocolate Truffles,Sugar Shack,637.56,82,227.56,410.0
2328,ORD-2023-12328,2023-03-04,2023-03-05,Same Day,CUST-369,United States,City_49,State_16,79672,Candy,East,PROD-008,Lollipops,Wicked Choccy's,202.45,195,104.95,97.5
2329,ORD-2023-12329,2023-02-20,2023-02-28,Second Class,CUST-333,United States,City_34,State_1,34341,Chocolate,East,PROD-004,Peanut Butter Cups,Secret Factory,1536.19,259,759.19,777.0
2330,ORD-2023-12330,2023-09-15,2023-09-19,First Class,CUST-570,United States,City_43,State_6,60242,Candy,East,PROD-008,Lollipops,Sugar Shack,440.0,443,218.5,221.5
2331,ORD-2023-12331,2023-05-13,2023-05-13,First Class,CUST-801,United States,City_34,State_13,29333,Nuts,West,PROD-001,Chocolate Almonds,Wicked Choccy's,2653.89,404,1643.89,1010.0
2332,ORD-2023-12332,2023-08-18,2023-08-24,Standard Class,CUST-239,United States,City_1,State_15,95551,Candy,Central,PROD-008,Lollipops,Wicked Choccy's,238.94,223,127.44,111.5
2333,ORD-2023-12333,2023-02-04,2023-02-04,Same Day,CUST-311,United States,City_22,State_7,81891,Nuts,West,PROD-007,Cashew Clusters,Wicked Choccy's,4954.05,450,3154.05,1800.0
2334,ORD-2023-12334,2023-07-03,2023-07-05,Second Class,CUST-641,United States,City_28,State_17,72283,Nuts,South,PROD-007,Cashew Clusters,Secret Factory,2153.98,319,877.98,1276.0
2335,ORD-2023-12335,2023-05-15,2023-05-25,Standard Class,CUST-635,United States,City_26,State_19,99053,Nuts,South,PROD-010,Pistachios,Lot's O' Nuts,3548.31,274,2315.31,1233.0
2336,ORD-2023-12336,2023-07-09,2023-07-12,First Class,CUST-106,United States,City_23,State_1,78790,Chocolate,East,PROD-004,Peanut Butter Cups,Wicked Choccy's,2268.04,408,1044.04,1224.0
2337,ORD-2023-12337,2023-10-23,2023-10-29,Second Class,CUST-435,United States,City_39,State_15,66238,Nuts,South,PROD-010,Pistachios,Wicked Choccy's,2634.21,224,1626.21,1008.0
2338,ORD-2023-12338,2023-12-16,2023-12-22,Second Class,CUST-521,United States,City_29,State_2,72087,Candy,Central,PROD-005,Jelly Beans,Lot's O' Nuts,1349.02,345,831.52,517.5
2339,ORD-2023-12339,2023-12-30,2023-12-31,Same Day,CUST-262,United States,City_28,State_3,86899,Chocolate,South,PROD-009,Caramel Squares,The Other Factory,1033.2,183,520.8,512.4
2340,ORD-2023-12340,2023-04-03,2023-04-06,Second Class,CUST-512,United States,City_48,State_5,69695,Nuts,Central,PROD-001,Chocolate Almonds,Wicked Choccy's,1152.58,254,517.58,635.0
2341,ORD-2023-12341,2023-03-31,2023-04-05,Second Class,CUST-593,United States,City_7,State_4,19831,Chocolate,East,PROD-004,Peanut Butter Cups,Wicked Choccy's,3646.03,493,2167.03,1479.0
2342,ORD-2023-12342,2023-11-07,2023-11-08,Same Day,CUST-209,United States,City_28,State_6,17498,Candy,South,PROD-008,Lollipops,Sugar Shack,104.83,71,69.33,35.5
2343,ORD-2023-12343,2023-05-28,2023-06-03,Standard Class,CUST-513,United States,City_37,State_18,40499,Candy,Central,PROD-005,Jelly Beans,Wicked Choccy's,607.64,147,387.14,220.5
2344,ORD-2023-12344,2023-08-06,2023-08-11,Standard Class,CUST-312,United States,City_38,State_6,34534,Nuts,West,PROD-001,Chocolate Almonds,Sugar Shack,2953.93,499,1706.43,1247.5
2345,ORD-2023-12345,2023-02-18,2023-02-23,Standard Class,CUST-794,United States,City_26,State_9,74940,Nuts,South,PROD-001,Chocolate Almonds,Wicked Choccy's,2207.83,465,1045.33,1162.5
2346,ORD-2023-12346,2023-02-06,2023-02-16,Standard Class,CUST-877,United States,City_2,State_7,20536,Candy,South,PROD-002,Gummy Bears,Lot's O' Nuts,632.69,240,344.69,288.0
2347,ORD-2023-12347,2023-06-25,2023-07-02,Standard Class,CUST-133,United States,City_19,State_19,35989,Nuts,South,PROD-007,Cashew Clusters,Wicked Choccy's,2183.29,360,743.29,1440.0
2348,ORD-2023-12348,2023-04-04,2023-04-06,Same Day,CUST-485,United States,City_37,State_8,24828,Chocolate,South,PROD-004,Peanut Butter Cups,Wicked Choccy's,1198.97,139,781.97,417.0
2349,ORD-2023-12349,2023-08-10,2023-08-12,Same Day,CUST-105,United States,City_35,State_8,83770,Candy,Central,PROD-008,Lollipops,Wicked Choccy's,191.11,133,124.61,66.5
2350,ORD-2023-12350,2023-02-01,2023-02-03,First Class,CUST-730,United States,City_47,State_20,82095,Nuts,Central,PROD-001,Chocolate Almonds,Secret Factory,634.83,90,409.83,225.0
2351,ORD-2023-12351,2023-03-07,2023-03-12,Second Class,CUST-876,United States,City_32,State_6,80899,Chocolate,West,PROD-006,Dark Chocolate Truffles,Lot's O' Nuts,3137.82,246,1907.82,1230.0
2352,ORD-2023-12352,2023-04-24,2023-04-26,Same Day,CUST-405,United States,City_50,State_19,66261,Candy,East,PROD-002,Gummy Bears,Wicked Choccy's,559.11,188,333.51,225.6
2353,ORD-2023-12353,2023-08-20,2023-08-23,Same Day,CUST-943,United States,City_11,State_15,31784,Nuts,South,PROD-001,Chocolate Almonds,Wicked Choccy's,1308.48,212,778.48,530.0
2354,ORD-2023-12354,2023-10-29,2023-10-30,Second Class,CUST-866,United States,City_41,State_19,58973,Chocolate,Central,PROD-009,Caramel Squares,Sugar Shack,1381.13,260,653.13,728.0
2355,ORD-2023-12355,2023-06-04,2023-06-09,Same Day,CUST-866,United States,City_32,State_12,64104,Nuts,East,PROD-001,Chocolate Almonds,Secret Factory,1605.72,427,538.22,1067.5
2356,ORD-2023-12356,2023-12-07,2023-12-13,Standard Class,CUST-678,United States,City_11,State_20,16089,Nuts,East,PROD-001,Chocolate Almonds,Wicked Choccy's,2710.54,376,1770.54,940.0
2357,ORD-2023-12357,2023-06-03,2023-06-05,First Class,CUST-734,United States,City_3,State_9,43953,Candy,East,PROD-003,Sour Worms,Wicked Choccy's,1630.56,461,1031.26,599.3
2358,ORD-2023-12358,2023-03-30,2023-04-08,Second Class,CUST-297,United States,City_16,State_7,32716,Chocolate,East,PROD-009,Caramel Squares,The Other Factory,2283.68,470,967.68,1316.0
2359,ORD-2023-12359,2023-02-04,2023-02-04,First Class,CUST-483,United States,City_42,State_11,55095,Nuts,West,PROD-001,Chocolate Almonds,Wicked Choccy's,129.82,30,54.82,75.0
2360,ORD-2023-12360,2023-05-26,2023-05-28,First Class,CUST-799,United States,City_3,State_8,63060,Nuts,West,PROD-001,Chocolate Almonds,Lot's O' Nuts,1198.97,178,753.97,445.0
2361,ORD-2023-12361,2023-11-16,2023-11-20,Second Class,CUST-351,United States,City_13,State_6,48606,Nuts,Central,PROD-010,Pistachios,The Other Factory,1291.28,109,800.78,490.5
2362,ORD-2023-12362,2023-03-09,2023-03-10,Same Day,CUST-127,United States,City_23,State_19,80564,Chocolate,West,PROD-004,Peanut Butter Cups,Secret Factory,105.99,13,66.99,39.0
2363,ORD-2023-12363,2023-05-19,2023-05-19,First Class,CUST-693,United States,City_4,State_15,53691,Chocolate,West,PROD-004,Peanut Butter Cups,Lot's O' Nuts,292.75,56,124.75,168.0
2364,ORD-2023-12364,2023-01-29,2023-02-03,Second Class,CUST-608,United States,City_26,State_7,19863,Nuts,Central,PROD-010,Pistachios,Secret Factory,539.9,70,224.9,315.0
2365,ORD-2023-12365,2023-05-23,2023-05-24,First Class,CUST-115,United States,City_25,State_6,88026,Candy,Central,PROD-008,Lollipops,Secret Factory,72.72,91,27.22,45.5
2366,ORD-2023-12366,2023-06-25,2023-06-28,Same Day,CUST-200,United States,City_38,State_5,33699,Candy,West,PROD-005,Jelly Beans,Lot's O' Nuts,1465.66,328,973.66,492.0
2367,ORD-2023-12367,2023-02-21,2023-02-27,Second Class,CUST-839,United States,City_26,State_5,65515,Nuts,East,PROD-007,Cashew Clusters,Secret Factory,2107.97,256,1083.97,1024.0
2368,ORD-2023-12368,2023-12-08,2023-12-10,Second Class,CUST-508,United States,City_17,State_13,23485,Candy,Central,PROD-005,Jelly Beans,Secret Factory,1513.98,446,844.98,669.0
2369,ORD-2023-12369,2023-08-18,2023-08-26,Standard Class,CUST-127,United States,City_1,State_19,87737,Candy,South,PROD-003,Sour Worms,Lot's O' Nuts,1460.5,424,909.3,551.2
2370,ORD-2023-12370,2023-03-12,2023-03-17,First Class,CUST-270,United States,City_46,State_4,18230,Candy,Central,PROD-003,Sour Worms,The Other Factory,306.23,148,113.83,192.4
2371,ORD-2023-12371,2023-01-06,2023-01-08,First Class,CUST-314,United States,City_47,State_5,23155,Chocolate,Central,PROD-006,Dark Chocolate Truffles,Wicked Choccy's,1411.37,172,551.37,860.0
2372,ORD-2023-12372,2023-12-08,2023-12-13,Second Class,CUST-971,United States,City_29,State_16,87500,Nuts,Central,PROD-010,Pistachios,Lot's O' Nuts,3116.63,440,1136.63,1980.0
2373,ORD-2023-12373,2023-11-06,2023-11-07,Same Day,CUST-859,United States,City_17,State_5,30096,Candy,Central,PROD-008,Lollipops,Wicked Choccy's,76.28,74,39.28,37.0
2374,ORD-2023-12374,2023-11-18,2023-11-24,First Class,CUST-817,United States,City_35,State_4,87424,Candy,West,PROD-002,Gummy Bears,The Other Factory,1260.58,418,758.98,501.6
2375,ORD-2023-12375,2023-09-10,2023-09-14,Same Day,CUST-749,United States,City_25,State_19,35988,Candy,Central,PROD-003,Sour Worms,Lot's O' Nuts,86.53,31,46.23,40.3
2376,ORD-2023-12376,2023-07-01,2023-07-02,Same Day,CUST-732,United States,City_4,State_6,54602,Chocolate,West,PROD-004,Peanut Butter Cups,Wicked Choccy's,354.43,58,180.43,174.0
2377,ORD-2023-12377,2023-05-21,2023-05-23,Same Day,CUST-441,United States,City_41,State_17,57091,Candy,Central,PROD-008,Lollipops,The Other Factory,55.09,39,35.59,19.5
2378,ORD-2023-12378,2023-06-14,2023-06-20,Second Class,CUST-912,United States,City_31,State_5,63022,Chocolate,West,PROD-009,Caramel Squares,The Other Factory,2221.4,368,1191.0,1030.4
2379,ORD-2023-12379,2023-09-04,2023-09-06,Same Day,CUST-897,United States,City_11,State_12,49995,Candy,Central,PROD-003,Sour Worms,Lot's O' Nuts,239.32,74,143.12,96.2
2380,ORD-2023-12380,2023-10-27,2023-11-01,Standard Class,CUST-262,United States,City_12,State_6,55922,Chocolate,Central,PROD-004,Peanut Butter Cups,Sugar Shack,1104.49,210,474.49,630.0
2381,ORD-2023-12381,2023-12-06,2023-12-07,First Class,CUST-272,United States,City_49,State_10,68618,Nuts,West,PROD-001,Chocolate Almonds,Lot's O' Nuts,2993.2,488,1773.2,1220.0
2382,ORD-2023-12382,2023-10-29,2023-11-01,Second Class,CUST-284,United States,City_42,State_1,21880,Candy,South,PROD-003,Sour Worms,The Other Factory,974.08,399,455.38,518.7
2383,ORD-2023-12383,2023-02-14,2023-02-15,First Class,CUST-279,United States,City_39,State_1,11762,Candy,West,PROD-003,Sour Worms,Wicked Choccy's,480.57,157,276.47,204.1
2384,ORD-2023-12384,2023-12-22,2023-12-24,Second Class,CUST-519,United States,City_26,State_1,44377,Nuts,South,PROD-010,Pistachios,Secret Factory,1663.35,237,596.85,1066.5
2385,ORD-2023-12385,2023-04-10,2023-04-13,Same Day,CUST-956,United States,City_19,State_2,12459,Chocolate,Central,PROD-006,Dark Chocolate Truffles,Lot's O' Nuts,832.07,104,312.07,520.0
2386,ORD-2023-12386,2023-02-13,2023-02-23,Standard Class,CUST-479,United States,City_49,State_7,80614,Chocolate,East,PROD-004,Peanut Butter Cups,The Other Factory,1668.42,304,756.42,912.0
2387,ORD-2023-12387,2023-06-02,2023-06-04,Second Class,CUST-188,United States,City_38,State_8,60111,Nuts,West,PROD-010,Pistachios,Wicked Choccy's,4327.37,438,2356.37,1971.0
2388,ORD-2023-12388,2023-09-28,2023-10-06,Standard Class,CUST-774,United States,City_3,State_11,62425,Nuts,South,PROD-001,Chocolate Almonds,Lot's O' Nuts,454.86,83,247.36,207.5
2389,ORD-2023-12389,2023-01-29,2023-02-03,Same Day,CUST-991,United States,City_9,State_13,46881,Candy,East,PROD-005,Jelly Beans,Secret Factory,1120.17,252,742.17,378.0
2390,ORD-2023-12390,2023-01-08,2023-01-17,Standard Class,CUST-574,United States,City_12,State_7,45569,Chocolate,Central,PROD-004,Peanut Butter Cups,The Other Factory,1807.41,303,898.41,909.0
2391,ORD-2023-12391,2023-12-04,2023-12-06,Same Day,CUST-789,United States,City_8,State_7,35982,Nuts,South,PROD-007,Cashew Clusters,Lot's O' Nuts,947.27,85,607.27,340.0
2392,ORD-2023-12392,2023-05-25,2023-05-25,First Class,CUST-545,United States,City_20,State_5,36220,Nuts,East,PROD-007,Cashew Clusters,Lot's O' Nuts,2453.04,374,957.04,1496.0
2393,ORD-2023-12393,2023-05-28,2023-05-29,First Class,CUST-301,United States,City_30,State_6,70807,Candy,Central,PROD-002,Gummy Bears,Secret Factory,237.89,69,155.09,82.8
2394,ORD-2023-12394,2023-08-04,2023-08-04,Same Day,CUST-132,United States,City_28,State_7,42900,Candy,Central,PROD-008,Lollipops,Secret Factory,671.98,467,438.48,233.5
2395,ORD-2023-12395,2023-05-23,2023-05-29,Standard Class,CUST-171,United States,City_31,State_11,54588,Nuts,West,PROD-010,Pistachios,Sugar Shack,4435.7,460,2365.7,2070.0
2396,ORD-2023-12396,2023-02-14,2023-02-19,Standard Class,CUST-734,United States,City_40,State_19,34744,Candy,South,PROD-002,Gummy Bears,The Other Factory,1452.25,437,927.85,524.4
2397,ORD-2023-12397,2023-03-28,2023-04-02,Standard Class,CUST-555,United States,City_20,State_9,45038,Candy,West,PROD-003,Sour Worms,Sugar Shack,474.66,156,271.86,202.8
2398,ORD-2023-12398,2023-05-18,2023-05-22,Second Class,CUST-443,United States,City_13,State_17,60950,Candy,West,PROD-002,Gummy Bears,Secret Factory,478.23,186,255.03,223.2
2399,ORD-2023-12399,2023-03-26,2023-04-01,Standard Class,CUST-891,United States,City_35,State_12,39542,Nuts,South,PROD-010,Pistachios,Sugar Shack,2441.54,193,1573.04,868.5
2400,ORD-2023-12400,2023-05-24,2023-06-01,Standard Class,CUST-302,United States,City_34,State_14,44894,Nuts,South,PROD-007,Cashew Clusters,Wicked Choccy's,3187.65,362,1739.65,1448.0
2401,ORD-2023-12401,2023-04-27,2023-04-27,First Class,CUST-740,United States,City_21,State_16,45116,Candy,East,PROD-002,Gummy Bears,Lot's O' Nuts,897.46,266,578.26,319.2
2402,ORD-2023-12402,2023-05-01,2023-05-06,First Class,CUST-717,United States,City_2,State_2,86225,Candy,South,PROD-003,Sour Worms,Lot's O' Nuts,604.03,174,377.83,226.2
2403,ORD-2023-12403,2023-12-11,2023-12-15,First Class,CUST-600,United States,City_42,State_14,22302,Chocolate,East,PROD-004,Peanut Butter Cups,Secret Factory,1077.21,228,393.21,684.0
2404,ORD-2023-12404,2023-05-22,2023-05-25,First Class,CUST-505,United States,City_47,State_13,20794,Candy,South,PROD-005,Jelly Beans,Wicked Choccy's,386.84,118,209.84,177.0
2405,ORD-2023-12405,2023-05-12,2023-05-15,Same Day,CUST-578,United States,City_9,State_13,40649,Chocolate,Central,PROD-009,Caramel Squares,Secret Factory,2779.54,468,1469.14,1310.4
2406,ORD-2023-12406,2023-12-04,2023-12-12,First Class,CUST-189,United States,City_34,State_12,77833,Nuts,East,PROD-007,Cashew Clusters,The Other Factory,1829.56,162,1181.56,648.0
2407,ORD-2023-12407,2023-03-18,2023-03-27,Standard Class,CUST-812,United States,City_11,State_19,24417,Nuts,East,PROD-010,Pistachios,The Other Factory,2400.07,241,1315.57,1084.5
2408,ORD-2023-12408,2023-01-21,2023-01-25,First Class,CUST-961,United States,City_36,State_13,12678,Nuts,Central,PROD-001,Chocolate Almonds,The Other Factory,2001.65,367,1084.15,917.5
2409,ORD-2023-12409,2023-08-08,2023-08-10,Same Day,CUST-137,United States,City_15,State_8,68223,Candy,Central,PROD-005,Jelly Beans,Wicked Choccy's,81.25,27,40.75,40.5
2410,ORD-2023-12410,2023-01-14,2023-01-18,Second Class,CUST-550,United States,City_43,State_7,12916,Candy,West,PROD-005,Jelly Beans,Secret Factory,707.41,212,389.41,318.0
2411,ORD-2023-12411,2023-04-04,2023-04-12,Second Class,CUST-520,United States,City_31,State_19,94197,Nuts,East,PROD-007,Cashew Clusters,Secret Factory,2740.78,386,1196.78,1544.0
2412,ORD-2023-12412,2023-09-18,2023-09-19,Same Day,CUST-436,United States,City_14,State_17,53186,Candy,East,PROD-005,Jelly Beans,Lot's O' Nuts,1156.3,341,644.8,511.5
2413,ORD-2023-12413,2023-04-16,2023-04-19,Same Day,CUST-411,United States,City_44,State_6,77506,Nuts,South,PROD-010,Pistachios,Lot's O' Nuts,2893.44,303,1529.94,1363.5
2414,ORD-2023-12414,2023-01-13,2023-01-13,Same Day,CUST-917,United States,City_41,State_11,12871,Nuts,South,PROD-010,Pistachios,The Other Factory,4841.45,389,3090.95,1750.5
2415,ORD-2023-12415,2023-03-02,2023-03-10,Second Class,CUST-368,United States,City_42,State_18,65389,Candy,West,PROD-005,Jelly Beans,The Other Factory,1195.26,365,647.76,547.5
2416,ORD-2023-12416,2023-01-16,2023-01-17,Same Day,CUST-291,United States,City_4,State_3,62719,Candy,South,PROD-002,Gummy Bears,The Other Factory,545.73,218,284.13,261.6
2417,ORD-2023-12417,2023-04-09,2023-04-15,Same Day,CUST-695,United States,City_12,State_17,90702,Candy,East,PROD-003,Sour Worms,The Other Factory,1739.64,493,1098.74,640.9
2418,ORD-2023-12418,2023-03-03,2023-03-07,Same Day,CUST-819,United States,City_21,State_7,40589,Candy,West,PROD-002,Gummy Bears,The Other Factory,616.88,297,260.48,356.4
2419,ORD-2023-12419,2023-10-01,2023-10-10,Standard Class,CUST-415,United States,City_40,State_9,32494,Candy,South,PROD-008,Lollipops,Lot's O' Nuts,308.89,226,195.89,113.0
2420,ORD-2023-12420,2023-01-16,2023-01-20,Second Class,CUST-705,United States,City_35,State_8,21416,Nuts,Central,PROD-007,Cashew Clusters,The Other Factory,1185.39,115,725.39,460.0
2421,ORD-2023-12421,2023-02-27,2023-03-05,Standard Class,CUST-679,United States,City_40,State_14,68935,Chocolate,Central,PROD-004,Peanut Butter Cups,Sugar Shack,941.64,154,479.64,462.0
2422,ORD-2023-12422,2023-11-12,2023-11-21,Standard Class,CUST-549,United States,City_13,State_1,58216,Nuts,West,PROD-001,Chocolate Almonds,Secret Factory,1255.47,184,795.47,460.0
2423,ORD-2023-12423,2023-04-29,2023-05-04,First Class,CUST-860,United States,City_50,State_9,96335,Candy,West,PROD-005,Jelly Beans,The Other Factory,1278.0,297,832.5,445.5
2424,ORD-2023-12424,2023-08-27,2023-09-02,Standard Class,CUST-524,United States,City_31,State_17,10731,Chocolate,West,PROD-004,Peanut Butter Cups,Lot's O' Nuts,2638.23,381,1495.23,1143.0
2425,ORD-2023-12425,2023-12-14,2023-12-16,Second Class,CUST-760,United States,City_34,State_19,16790,Nuts,Central,PROD-007,Cashew Clusters,Secret Factory,548.25,68,276.25,272.0
2426,ORD-2023-12426,2023-12-01,2023-12-06,Second Class,CUST-101,United States,City_13,State_15,16079,Candy,Central,PROD-002,Gummy Bears,Secret Factory,533.24,271,208.04,325.2
2427,ORD-2023-12427,2023-07-31,2023-08-08,Second Class,CUST-556,United States,City_4,State_7,14074,Candy,East,PROD-002,Gummy Bears,Secret Factory,775.89,332,377.49,398.4
2428,ORD-2023-12428,2023-08-21,2023-08-31,Standard Class,CUST-641,United States,City_11,State_20,64344,Chocolate,East,PROD-009,Caramel Squares,The Other Factory,535.89,91,281.09,254.8
2429,ORD-2023-12429,2023-09-27,2023-09-30,First Class,CUST-130,United States,City_43,State_1,69984,Chocolate,Central,PROD-009,Caramel Squares,Wicked Choccy's,1302.63,177,807.03,495.6
2430,ORD-2023-12430,2023-11-25,2023-11-30,Second Class,CUST-382,United States,City_6,State_3,64912,Candy,Central,PROD-003,Sour Worms,The Other Factory,975.43,341,532.13,443.3
2431,ORD-2023-12431,2023-11-04,2023-11-14,Standard Class,CUST-979,United States,City_8,State_6,71898,Chocolate,South,PROD-009,Caramel Squares,Lot's O' Nuts,3675.79,462,2382.19,1293.6
2432,ORD-2023-12432,2023-10-13,2023-10-19,Standard Class,CUST-960,United States,City_2,State_8,91906,Nuts,West,PROD-007,Cashew Clusters,Secret Factory,238.74,26,134.74,104.0
2433,ORD-2023-12433,2023-08-04,2023-08-11,Second Class,CUST-370,United States,City_18,State_9,38618,Candy,East,PROD-002,Gummy Bears,Secret Factory,328.15,109,197.35,130.8
2434,ORD-2023-12434,2023-11-25,2023-11-29,Second Class,CUST-634,United States,City_44,State_16,10769,Chocolate,South,PROD-006,Dark Chocolate Truffles,The Other Factory,1390.7,139,695.7,695.0
2435,ORD-2023-12435,2023-12-05,2023-12-07,First Class,CUST-405,United States,City_11,State_12,38173,Candy,East,PROD-002,Gummy Bears,Wicked Choccy's,1450.2,486,867.0,583.2
2436,ORD-2023-12436,2023-03-21,2023-03-31,Standard Class,CUST-472,United States,City_16,State_1,33938,Nuts,East,PROD-007,Cashew Clusters,The Other Factory,3661.15,499,1665.15,1996.0
2437,ORD-2023-12437,2023-12-27,2023-12-28,Same Day,CUST-485,United States,City_42,State_15,10100,Chocolate,South,PROD-009,Caramel Squares,Sugar Shack,209.99,40,97.99,112.0
2438,ORD-2023-12438,2023-06-12,2023-06-14,Same Day,CUST-806,United States,City_20,State_2,56128,Candy,West,PROD-003,Sour Worms,Sugar Shack,280.54,78,179.14,101.4
2439,ORD-2023-12439,2023-09-14,2023-09-17,First Class,CUST-645,United States,City_29,State_12,46488,Chocolate,South,PROD-006,Dark Chocolate Truffles,Wicked Choccy's,3197.01,395,1222.01,1975.0
2440,ORD-2023-12440,2023-09-19,2023-09-21,First Class,CUST-460,United States,City_46,State_19,69214,Nuts,South,PROD-001,Chocolate Almonds,Wicked Choccy's,1242.92,289,520.42,722.5
2441,ORD-2023-12441,2023-12-31,2024-01-04,First Class,CUST-302,United States,City_9,State_8,66084,Candy,Central,PROD-008,Lollipops,Wicked Choccy's,226.48,214,119.48,107.0
2442,ORD-2023-12442,2023-11-06,2023-11-07,Same Day,CUST-641,United States,City_27,State_10,86717,Nuts,South,PROD-001,Chocolate Almonds,Secret Factory,2480.05,407,1462.55,1017.5
2443,ORD-2023-12443,2023-10-18,2023-10-19,First Class,CUST-975,United States,City_43,State_6,27680,Candy,Central,PROD-002,Gummy Bears,Wicked Choccy's,1143.74,428,630.14,513.6
2444,ORD-2023-12444,2023-04-05,2023-04-07,Same Day,CUST-677,United States,City_40,State_5,11452,Nuts,West,PROD-001,Chocolate Almonds,Sugar Shack,691.34,94,456.34,235.0
2445,ORD-2023-12445,2023-08-21,2023-08-25,Standard Class,CUST-697,United States,City_27,State_6,34791,Nuts,South,PROD-007,Cashew Clusters,Secret Factory,5736.31,495,3756.31,1980.0
2446,ORD-2023-12446,2023-04-21,2023-04-27,Second Class,CUST-852,United States,City_31,State_13,82873,Chocolate,West,PROD-006,Dark Chocolate Truffles,Secret Factory,2285.7,174,1415.7,870.0
2447,ORD-2023-12447,2023-11-09,2023-11-09,Same Day,CUST-899,United States,City_28,State_1,49466,Chocolate,South,PROD-009,Caramel Squares,Secret Factory,605.13,105,311.13,294.0
2448,ORD-2023-12448,2023-01-26,2023-01-30,Second Class,CUST-926,United States,City_17,State_20,42377,Candy,Central,PROD-002,Gummy Bears,Wicked Choccy's,971.04,277,638.64,332.4
2449,ORD-2023-12449,2023-11-03,2023-11-06,Second Class,CUST-229,United States,City_26,State_1,13844,Candy,West,PROD-002,Gummy Bears,Sugar Shack,110.16,53,46.56,63.6
2450,ORD-2023-12450,2023-01-26,2023-01-29,First Class,CUST-815,United States,City_30,State_13,29240,Nuts,Central,PROD-001,Chocolate Almonds,Lot's O' Nuts,2552.77,344,1692.77,860.0
2451,ORD-2023-12451,2023-01-18,2023-01-23,Second Class,CUST-677,United States,City_5,State_7,49389,Nuts,Central,PROD-010,Pistachios,Lot's O' Nuts,3944.24,455,1896.74,2047.5
2452,ORD-2023-12452,2023-06-14,2023-06-14,Same Day,CUST-963,United States,City_35,State_16,27353,Candy,West,PROD-002,Gummy Bears,Lot's O' Nuts,297.72,87,193.32,104.4
2453,ORD-2023-12453,2023-12-10,2023-12-12,First Class,CUST-860,United States,City_43,State_5,48908,Nuts,South,PROD-001,Chocolate Almonds,The Other Factory,1002.03,206,487.03,515.0
2454,ORD-2023-12454,2023-09-23,2023-09-28,Standard Class,CUST-951,United States,City_15,State_1,84740,Nuts,West,PROD-001,Chocolate Almonds,Sugar Shack,476.45,103,218.95,257.5
2455,ORD-2023-12455,2023-11-15,2023-11-20,Standard Class,CUST-735,United States,City_26,State_5,84499,Candy,South,PROD-008,Lollipops,Secret Factory,465.32,492,219.32,246.0
2456,ORD-2023-12456,2023-10-01,2023-10-05,Same Day,CUST-187,United States,City_31,State_12,42244,Chocolate,Central,PROD-009,Caramel Squares,Lot's O' Nuts,607.78,77,392.18,215.6
2457,ORD-2023-12457,2023-02-21,2023-02-21,Same Day,CUST-685,United States,City_22,State_16,30045,Nuts,South,PROD-001,Chocolate Almonds,Secret Factory,2798.66,489,1576.16,1222.5
2458,ORD-2023-12458,2023-06-07,2023-06-13,Second Class,CUST-827,United States,City_11,State_11,39561,Candy,Central,PROD-005,Jelly Beans,Lot's O' Nuts,738.54,261,347.04,391.5
2459,ORD-2023-12459,2023-07-27,2023-07-31,First Class,CUST-608,United States,City_32,State_16,35749,Candy,South,PROD-002,Gummy Bears,Wicked Choccy's,107.55,59,36.75,70.8
2460,ORD-2023-12460,2023-02-01,2023-02-06,First Class,CUST-875,United States,City_37,State_6,15896,Candy,South,PROD-003,Sour Worms,Lot's O' Nuts,345.89,125,183.39,162.5
2461,ORD-2023-12461,2023-09-22,2023-09-28,Second Class,CUST-570,United States,City_3,State_7,49094,Candy,East,PROD-003,Sour Worms,Sugar Shack,598.06,257,263.96,334.1
2462,ORD-2023-12462,2023-08-18,2023-08-19,First Class,CUST-100,United States,City_50,State_9,74668,Candy,Central,PROD-003,Sour Worms,Sugar Shack,471.49,156,268.69,202.8
2463,ORD-2023-12463,2023-03-07,2023-03-11,Same Day,CUST-167,United States,City_1,State_16,64203,Nuts,South,PROD-007,Cashew Clusters,Lot's O' Nuts,2985.3,406,1361.3,1624.0
2464,ORD-2023-12464,2023-11-19,2023-11-19,Same Day,CUST-804,United States,City_36,State_12,21773,Chocolate,East,PROD-006,Dark Chocolate Truffles,Lot's O' Nuts,400.44,27,265.44,135.0
2465,ORD-2023-12465,2023-02-10,2023-02-11,First Class,CUST-297,United States,City_17,State_2,89300,Candy,West,PROD-008,Lollipops,Wicked Choccy's,149.02,147,75.52,73.5
2466,ORD-2023-12466,2023-06-26,2023-07-04,Standard Class,CUST-180,United States,City_47,State_4,52068,Candy,Central,PROD-002,Gummy Bears,The Other Factory,519.92,187,295.52,224.4
2467,ORD-2023-12467,2023-12-09,2023-12-09,Same Day,CUST-782,United States,City_8,State_13,16146,Candy,Central,PROD-008,Lollipops,Sugar Shack,184.52,197,86.02,98.5
2468,ORD-2023-12468,2023-05-26,2023-06-04,Standard Class,CUST-948,United States,City_1,State_10,51803,Candy,East,PROD-008,Lollipops,Secret Factory,17.86,15,10.36,7.5
2469,ORD-2023-12469,2023-05-08,2023-05-16,Standard Class,CUST-828,United States,City_35,State_5,33358,Candy,Central,PROD-005,Jelly Beans,Lot's O' Nuts,1380.32,319,901.82,478.5
2470,ORD-2023-12470,2023-10-29,2023-11-06,Second Class,CUST-264,United States,City_50,State_2,41266,Candy,East,PROD-002,Gummy Bears,The Other Factory,514.26,205,268.26,246.0
2471,ORD-2023-12471,2023-11-18,2023-11-21,First Class,CUST-775,United States,City_29,State_18,80842,Chocolate,South,PROD-009,Caramel Squares,Sugar Shack,2673.16,365,1651.16,1022.0
2472,ORD-2023-12472,2023-03-22,2023-03-28,First Class,CUST-192,United States,City_25,State_10,67321,Nuts,South,PROD-001,Chocolate Almonds,Wicked Choccy's,2043.74,321,1241.24,802.5
2473,ORD-2023-12473,2023-06-25,2023-06-27,Second Class,CUST-304,United States,City_4,State_7,89285,Nuts,West,PROD-010,Pistachios,Wicked Choccy's,3626.38,379,1920.88,1705.5
2474,ORD-2023-12474,2023-09-15,2023-09-18,Standard Class,CUST-154,United States,City_49,State_14,73882,Candy,Central,PROD-008,Lollipops,Sugar Shack,535.82,474,298.82,237.0
2475,ORD-2023-12475,2023-11-02,2023-11-08,Standard Class,CUST-795,United States,City_46,State_4,88575,Nuts,South,PROD-001,Chocolate Almonds,The Other Factory,374.77,96,134.77,240.0
2476,ORD-2023-12476,2023-02-10,2023-02-16,Second Class,CUST-976,United States,City_10,State_13,59620,Nuts,Central,PROD-010,Pistachios,Lot's O' Nuts,461.58,57,205.08,256.5
2477,ORD-2023-12477,2023-10-11,2023-10-14,First Class,CUST-451,United States,City_11,State_13,41584,Candy,Central,PROD-002,Gummy Bears,Lot's O' Nuts,514.15,183,294.55,219.6
2478,ORD-2023-12478,2023-01-17,2023-01-18,Same Day,CUST-917,United States,City_44,State_6,29233,Candy,East,PROD-003,Sour Worms,Lot's O' Nuts,626.08,161,416.78,209.3
2479,ORD-2023-12479,2023-12-14,2023-12-14,Same Day,CUST-379,United States,City_24,State_9,48832,Nuts,West,PROD-001,Chocolate Almonds,Sugar Shack,71.96,13,39.46,32.5
2480,ORD-2023-12480,2023-02-10,2023-02-15,Second Class,CUST-396,United States,City_25,State_3,90948,Candy,West,PROD-008,Lollipops,Lot's O' Nuts,311.19,237,192.69,118.5
2481,ORD-2023-12481,2023-08-04,2023-08-05,First Class,CUST-923,United States,City_25,State_14,27336,Nuts,West,PROD-010,Pistachios,Sugar Shack,5542.05,458,3481.05,2061.0
2482,ORD-2023-12482,2023-12-26,2023-12-28,First Class,CUST-102,United States,City_24,State_8,11783,Nuts,West,PROD-007,Cashew Clusters,Wicked Choccy's,3764.01,398,2172.01,1592.0
2483,ORD-2023-12483,2023-01-09,2023-01-16,First Class,CUST-932,United States,City_36,State_15,10778,Candy,East,PROD-003,Sour Worms,Secret Factory,203.62,76,104.82,98.8
2484,ORD-2023-12484,2023-06-19,2023-06-23,Standard Class,CUST-502,United States,City_16,State_2,61934,Chocolate,South,PROD-004,Peanut Butter Cups,Secret Factory,3956.0,485,2501.0,1455.0
2485,ORD-2023-12485,2023-07-09,2023-07-16,Standard Class,CUST-643,United States,City_42,State_3,94800,Nuts,South,PROD-007,Cashew Clusters,Wicked Choccy's,216.82,32,88.82,128.0
2486,ORD-2023-12486,2023-01-06,2023-01-14,Standard Class,CUST-144,United States,City_38,State_4,31614,Nuts,East,PROD-007,Cashew Clusters,Sugar Shack,3284.16,450,1484.16,1800.0
2487,ORD-2023-12487,2023-07-06,2023-07-10,Second Class,CUST-368,United States,City_22,State_6,36218,Nuts,East,PROD-001,Chocolate Almonds,Wicked Choccy's,303.15,79,105.65,197.5
2488,ORD-2023-12488,2023-04-29,2023-05-01,First Class,CUST-764,United States,City_12,State_13,15460,Candy,South,PROD-008,Lollipops,Sugar Shack,374.5,449,150.0,224.5
2489,ORD-2023-12489,2023-03-10,2023-03-16,Standard Class,CUST-457,United States,City_32,State_10,96715,Nuts,South,PROD-001,Chocolate Almonds,The Other Factory,3326.7,451,2199.2,1127.5
2490,ORD-2023-12490,2023-01-23,2023-01-24,Second Class,CUST-670,United States,City_39,State_10,47396,Chocolate,Central,PROD-006,Dark Chocolate Truffles,Sugar Shack,1668.36,173,803.36,865.0
2491,ORD-2023-12491,2023-10-13,2023-10-19,Standard Class,CUST-223,United States,City_46,State_18,88019,Chocolate,East,PROD-006,Dark Chocolate Truffles,Wicked Choccy's,220.13,18,130.13,90.0
2492,ORD-2023-12492,2023-05-26,2023-05-28,Second Class,CUST-389,United States,City_49,State_11,62184,Nuts,Central,PROD-007,Cashew Clusters,Sugar Shack,5108.65,463,3256.65,1852.0
2493,ORD-2023-12493,2023-03-18,2023-03-18,First Class,CUST-606,United States,City_4,State_11,63398,Nuts,West,PROD-007,Cashew Clusters,Wicked Choccy's,654.08,73,362.08,292.0
2494,ORD-2023-12494,2023-02-22,2023-02-24,Same Day,CUST-242,United States,City_20,State_18,65450,Nuts,West,PROD-007,Cashew Clusters,Lot's O' Nuts,3621.0,425,1921.0,1700.0
2495,ORD-2023-12495,2023-08-18,2023-08-22,First Class,CUST-875,United States,City_27,State_13,12101,Nuts,East,PROD-001,Chocolate Almonds,Secret Factory,2780.39,452,1650.39,1130.0
2496,ORD-2023-12496,2023-07-07,2023-07-14,Standard Class,CUST-172,United States,City_24,State_7,99246,Candy,Central,PROD-003,Sour Worms,Wicked Choccy's,713.44,268,365.04,348.4
2497,ORD-2023-12497,2023-12-14,2023-12-21,Second Class,CUST-192,United States,City_28,State_16,22306,Nuts,South,PROD-001,Chocolate Almonds,Lot's O' Nuts,2335.73,381,1383.23,952.5
2498,ORD-2023-12498,2023-09-27,2023-10-02,First Class,CUST-482,United States,City_9,State_6,43509,Chocolate,East,PROD-006,Dark Chocolate Truffles,Secret Factory,2770.79,235,1595.79,1175.0
2499,ORD-2023-12499,2023-10-30,2023-11-04,Second Class,CUST-680,United States,City_17,State_2,59201,Candy,West,PROD-005,Jelly Beans,Lot's O' Nuts,520.75,177,255.25,265.5
2500,ORD-2023-12500,2023-12-15,2023-12-21,Standard Class,CUST-578,United States,City_38,State_2,51853,Candy,West,PROD-005,Jelly Beans,Sugar Shack,1262.13,425,624.63,637.5
2501,ORD-2023-12501,2023-08-11,2023-08-11,Same Day,CUST-967,United States,City_46,State_13,86118,Candy,East,PROD-008,Lollipops,Lot's O' Nuts,566.49,390,371.49,195.0
2502,ORD-2023-12502,2023-03-05,2023-03-07,Same Day,CUST-430,United States,City_46,State_20,74867,Chocolate,Central,PROD-004,Peanut Butter Cups,Secret Factory,1628.42,293,749.42,879.0
2503,ORD-2023-12503,2023-10-08,2023-10-09,Same Day,CUST-803,United States,City_30,State_2,34344,Candy,South,PROD-005,Jelly Beans,The Other Factory,1128.25,498,381.25,747.0
2504,ORD-2023-12504,2023-10-05,2023-10-09,Standard Class,CUST-106,United States,City_42,State_4,83880,Chocolate,South,PROD-004,Peanut Butter Cups,Secret Factory,811.95,145,376.95,435.0
2505,ORD-2023-12505,2023-08-10,2023-08-11,First Class,CUST-294,United States,City_10,State_20,72791,Candy,East,PROD-003,Sour Worms,Wicked Choccy's,629.64,260,291.64,338.0
2506,ORD-2023-12506,2023-05-29,2023-05-29,Same Day,CUST-989,United States,City_36,State_5,52226,Chocolate,West,PROD-004,Peanut Butter Cups,Wicked Choccy's,664.51,142,238.51,426.0
2507,ORD-2023-12507,2023-07-12,2023-07-17,Same Day,CUST-768,United States,City_12,State_9,31671,Chocolate,South,PROD-004,Peanut Butter Cups,Wicked Choccy's,2727.84,326,1749.84,978.0
2508,ORD-2023-12508,2023-04-25,2023-05-02,Second Class,CUST-446,United States,City_42,State_5,16125,Candy,West,PROD-008,Lollipops,Secret Factory,436.3,379,246.8,189.5
2509,ORD-2023-12509,2023-10-22,2023-10-25,Standard Class,CUST-100,United States,City_5,State_14,90851,Candy,West,PROD-003,Sour Worms,Wicked Choccy's,141.53,58,66.13,75.4
2510,ORD-2023-12510,2023-05-31,2023-05-31,First Class,CUST-404,United States,City_32,State_3,89252,Chocolate,West,PROD-004,Peanut Butter Cups,Wicked Choccy's,436.47,80,196.47,240.0
2511,ORD-2023-12511,2023-12-11,2023-12-20,Standard Class,CUST-428,United States,City_6,State_11,45222,Nuts,West,PROD-010,Pistachios,The Other Factory,2309.65,257,1153.15,1156.5
2512,ORD-2023-12512,2023-08-15,2023-08-23,Standard Class,CUST-806,United States,City_39,State_20,19101,Chocolate,South,PROD-006,Dark Chocolate Truffles,Wicked Choccy's,1885.3,175,1010.3,875.0
2513,ORD-2023-12513,2023-01-16,2023-01-26,Standard Class,CUST-502,United States,City_19,State_8,37976,Chocolate,West,PROD-004,Peanut Butter Cups,The Other Factory,84.97,11,51.97,33.0
2514,ORD-2023-12514,2023-03-07,2023-03-12,Second Class,CUST-578,United States,City_14,State_7,19887,Candy,South,PROD-003,Sour Worms,Wicked Choccy's,740.5,262,399.9,340.6
2515,ORD-2023-12515,2023-07-25,2023-07-30,Same Day,CUST-589,United States,City_2,State_15,10452,Nuts,East,PROD-007,Cashew Clusters,The Other Factory,3779.33,485,1839.33,1940.0
2516,ORD-2023-12516,2023-05-02,2023-05-10,Standard Class,CUST-443,United States,City_40,State_11,32212,Chocolate,Central,PROD-004,Peanut Butter Cups,The Other Factory,1642.08,203,1033.08,609.0
2517,ORD-2023-12517,2023-11-19,2023-11-25,Second Class,CUST-943,United States,City_3,State_16,48995,Nuts,Central,PROD-010,Pistachios,The Other Factory,1149.63,157,443.13,706.5
2518,ORD-2023-12518,2023-01-10,2023-01-11,First Class,CUST-544,United States,City_31,State_12,76366,Nuts,South,PROD-001,Chocolate Almonds,Wicked Choccy's,2193.91,355,1306.41,887.5
2519,ORD-2023-12519,2023-03-12,2023-03-12,Same Day,CUST-102,United States,City_28,State_6,11807,Candy,South,PROD-003,Sour Worms,Secret Factory,611.98,200,351.98,260.0
2520,ORD-2023-12520,2023-09-18,2023-09-23,Second Class,CUST-749,United States,City_26,State_9,63952,Nuts,South,PROD-001,Chocolate Almonds,Wicked Choccy's,2594.09,349,1721.59,872.5
2521,ORD-2023-12521,2023-06-11,2023-06-13,First Class,CUST-700,United States,City_14,State_4,78513,Candy,South,PROD-002,Gummy Bears,Sugar Shack,839.72,314,462.92,376.8
2522,ORD-2023-12522,2023-11-03,2023-11-08,First Class,CUST-713,United States,City_46,State_17,66000,Chocolate,South,PROD-004,Peanut Butter Cups,The Other Factory,2007.17,414,765.17,1242.0
2523,ORD-2023-12523,2023-01-08,2023-01-12,First Class,CUST-819,United States,City_43,State_7,28733,Nuts,Central,PROD-001,Chocolate Almonds,The Other Factory,2177.96,453,1045.46,1132.5
2524,ORD-2023-12524,2023-03-07,2023-03-11,Second Class,CUST-704,United States,City_17,State_13,23294,Nuts,Central,PROD-007,Cashew Clusters,Secret Factory,806.33,77,498.33,308.0
2525,ORD-2023-12525,2023-12-05,2023-12-12,Standard Class,CUST-437,United States,City_40,State_10,83712,Candy,West,PROD-003,Sour Worms,Lot's O' Nuts,1687.4,453,1098.5,588.9
2526,ORD-2023-12526,2023-01-03,2023-01-09,Standard Class,CUST-801,United States,City_29,State_14,31410,Chocolate,Central,PROD-006,Dark Chocolate Truffles,Wicked Choccy's,2962.13,368,1122.13,1840.0
2527,ORD-2023-12527,2023-06-03,2023-06-04,Same Day,CUST-752,United States,City_11,State_11,62126,Candy,Central,PROD-003,Sour Worms,Wicked Choccy's,349.08,98,221.68,127.4
2528,ORD-2023-12528,2023-09-20,2023-09-27,Standard Class,CUST-244,United States,City_9,State_7,69015,Candy,South,PROD-008,Lollipops,The Other Factory,457.11,406,254.11,203.0
2529,ORD-2023-12529,2023-06-18,2023-06-26,Standard Class,CUST-968,United States,City_19,State_3,60847,Chocolate,South,PROD-009,Caramel Squares,The Other Factory,2247.6,346,1278.8,968.8
2530,ORD-2023-12530,2023-04-13,2023-04-21,Standard Class,CUST-689,United States,City_42,State_12,62535,Chocolate,South,PROD-009,Caramel Squares,Lot's O' Nuts,2656.35,367,1628.75,1027.6
2531,ORD-2023-12531,2023-01-13,2023-01-14,Same Day,CUST-627,United States,City_28,State_15,91727,Candy,Central,PROD-005,Jelly Beans,Secret Factory,1492.61,395,900.11,592.5
2532,ORD-2023-12532,2023-12-14,2023-12-17,Second Class,CUST-103,United States,City_40,State_15,30206,Candy,South,PROD-005,Jelly Beans,The Other Factory,801.66,287,371.16,430.5
2533,ORD-2023-12533,2023-10-06,2023-10-16,Standard Class,CUST-244,United States,City_27,State_3,60356,Chocolate,East,PROD-004,Peanut Butter Cups,Secret Factory,283.31,40,163.31,120.0
2534,ORD-2023-12534,2023-08-03,2023-08-08,Standard Class,CUST-426,United States,City_47,State_15,99703,Nuts,East,PROD-007,Cashew Clusters,Wicked Choccy's,1424.15,175,724.15,700.0
2535,ORD-2023-12535,2023-09-13,2023-09-15,First Class,CUST-508,United States,City_21,State_11,56985,Chocolate,Central,PROD-009,Caramel Squares,Secret Factory,2832.38,350,1852.38,980.0
2536,ORD-2023-12536,2023-05-11,2023-05-16,Second Class,CUST-105,United States,City_1,State_2,60648,Candy,East,PROD-008,Lollipops,Sugar Shack,268.3,250,143.3,125.0
2537,ORD-2023-12537,2023-09-29,2023-10-01,Same Day,CUST-799,United States,City_4,State_12,19344,Chocolate,Central,PROD-009,Caramel Squares,Secret Factory,2131.46,448,877.06,1254.4
2538,ORD-2023-12538,2023-06-16,2023-06-19,First Class,CUST-362,United States,City_20,State_9,19006,Nuts,Central,PROD-007,Cashew Clusters,Secret Factory,443.1,64,187.1,256.0
2539,ORD-2023-12539,2023-01-03,2023-01-04,First Class,CUST-953,United States,City_13,State_7,79374,Chocolate,South,PROD-009,Caramel Squares,The Other Factory,628.06,83,395.66,232.4
2540,ORD-2023-12540,2023-09-20,2023-09-26,Standard Class,CUST-425,United States,City_31,State_2,18326,Nuts,South,PROD-007,Cashew Clusters,The Other Factory,3011.92,407,1383.92,1628.0
2541,ORD-2023-12541,2023-04-10,2023-04-10,Same Day,CUST-405,United States,City_18,State_5,37808,Candy,West,PROD-008,Lollipops,Lot's O' Nuts,46.58,33,30.08,16.5
2542,ORD-2023-12542,2023-01-24,2023-01-30,Second Class,CUST-848,United States,City_4,State_18,90145,Chocolate,East,PROD-009,Caramel Squares,Secret Factory,2973.44,418,1803.04,1170.4
2543,ORD-2023-12543,2023-02-05,2023-02-07,First Class,CUST-692,United States,City_1,State_19,66788,Chocolate,East,PROD-009,Caramel Squares,Wicked Choccy's,628.97,118,298.57,330.4
2544,ORD-2023-12544,2023-10-22,2023-10-23,Same Day,CUST-960,United States,City_18,State_11,30035,Candy,South,PROD-002,Gummy Bears,The Other Factory,1228.54,459,677.74,550.8
2545,ORD-2023-12545,2023-07-05,2023-07-13,Second Class,CUST-639,United States,City_1,State_10,51651,Chocolate,East,PROD-009,Caramel Squares,Sugar Shack,1412.73,209,827.53,585.2
2546,ORD-2023-12546,2023-07-13,2023-07-17,First Class,CUST-406,United States,City_33,State_1,85109,Nuts,West,PROD-001,Chocolate Almonds,Secret Factory,2498.9,394,1513.9,985.0
2547,ORD-2023-12547,2023-12-13,2023-12-15,First Class,CUST-698,United States,City_41,State_18,15918,Chocolate,West,PROD-006,Dark Chocolate Truffles,Secret Factory,269.08,19,174.08,95.0
2548,ORD-2023-12548,2023-11-12,2023-11-18,Second Class,CUST-766,United States,City_3,State_8,21799,Candy,East,PROD-003,Sour Worms,Secret Factory,341.83,138,162.43,179.4
2549,ORD-2023-12549,2023-09-24,2023-09-30,First Class,CUST-991,United States,City_2,State_15,35062,Chocolate,West,PROD-006,Dark Chocolate Truffles,The Other Factory,1848.08,153,1083.08,765.0
2550,ORD-2023-12550,2023-02-19,2023-02-25,Second Class,CUST-780,United States,City_30,State_16,47447,Candy,East,PROD-005,Jelly Beans,Wicked Choccy's,1169.42,298,722.42,447.0
2551,ORD-2023-12551,2023-11-09,2023-11-09,First Class,CUST-216,United States,City_43,State_10,18741,Chocolate,South,PROD-009,Caramel Squares,Secret Factory,1618.12,197,1066.52,551.6
2552,ORD-2023-12552,2023-04-14,2023-04-16,Second Class,CUST-872,United States,City_47,State_5,89478,Chocolate,Central,PROD-009,Caramel Squares,Secret Factory,69.34,11,38.54,30.8
2553,ORD-2023-12553,2023-02-24,2023-02-28,First Class,CUST-350,United States,City_42,State_8,32061,Chocolate,South,PROD-006,Dark Chocolate Truffles,The Other Factory,3216.94,302,1706.94,1510.0
2554,ORD-2023-12554,2023-11-15,2023-11-18,Same Day,CUST-570,United States,City_27,State_16,48343,Nuts,Central,PROD-007,Cashew Clusters,Lot's O' Nuts,3048.84,397,1460.84,1588.0
2555,ORD-2023-12555,2023-04-09,2023-04-09,Same Day,CUST-512,United States,City_12,State_19,38001,Chocolate,East,PROD-009,Caramel Squares,Wicked Choccy's,1549.45,368,519.05,1030.4
2556,ORD-2023-12556,2023-08-28,2023-09-05,Standard Class,CUST-401,United States,City_50,State_5,60001,Candy,East,PROD-002,Gummy Bears,Sugar Shack,772.54,286,429.34,343.2
2557,ORD-2023-12557,2023-11-15,2023-11-15,Same Day,CUST-123,United States,City_27,State_5,40876,Chocolate,Central,PROD-006,Dark Chocolate Truffles,Sugar Shack,3466.34,290,2016.34,1450.0
2558,ORD-2023-12558,2023-12-01,2023-12-07,Second Class,CUST-739,United States,City_33,State_19,13535,Candy,West,PROD-003,Sour Worms,Secret Factory,549.9,252,222.3,327.6
2559,ORD-2023-12559,2023-12-14,2023-12-14,Same Day,CUST-136,United States,City_46,State_14,51465,Candy,West,PROD-003,Sour Worms,Wicked Choccy's,1328.34,433,765.44,562.9
2560,ORD-2023-12560,2023-12-10,2023-12-17,Standard Class,CUST-929,United States,City_30,State_15,86142,Candy,South,PROD-005,Jelly Beans,The Other Factory,1620.49,464,924.49,696.0
2561,ORD-2023-12561,2023-08-04,2023-08-05,Same Day,CUST-307,United States,City_38,State_17,20144,Chocolate,East,PROD-006,Dark Chocolate Truffles,Sugar Shack,2601.64,264,1281.64,1320.0
2562,ORD-2023-12562,2023-04-18,2023-04-24,Same Day,CUST-461,United States,City_38,State_3,51996,Chocolate,East,PROD-009,Caramel Squares,The Other Factory,1564.46,246,875.66,688.8
2563,ORD-2023-12563,2023-07-09,2023-07-15,First Class,CUST-880,United States,City_46,State_13,31973,Candy,East,PROD-008,Lollipops,The Other Factory,403.97,271,268.47,135.5
2564,ORD-2023-12564,2023-10-09,2023-10-14,First Class,CUST-310,United States,City_34,State_1,30388,Nuts,West,PROD-007,Cashew Clusters,The Other Factory,2355.46,272,1267.46,1088.0
2565,ORD-2023-12565,2023-03-19,2023-03-23,Standard Class,CUST-797,United States,City_7,State_6,25009,Nuts,South,PROD-001,Chocolate Almonds,Secret Factory,782.89,131,455.39,327.5
2566,ORD-2023-12566,2023-10-08,2023-10-15,Standard Class,CUST-202,United States,City_10,State_19,94808,Nuts,Central,PROD-010,Pistachios,Lot's O' Nuts,5599.41,459,3533.91,2065.5
2567,ORD-2023-12567,2023-09-19,2023-09-24,Standard Class,CUST-927,United States,City_2,State_16,10923,Chocolate,South,PROD-009,Caramel Squares,The Other Factory,1914.33,402,788.73,1125.6
2568,ORD-2023-12568,2023-01-25,2023-02-04,Standard Class,CUST-324,United States,City_31,State_5,87264,Nuts,East,PROD-007,Cashew Clusters,Secret Factory,2303.07,242,1335.07,968.0
2569,ORD-2023-12569,2023-04-25,2023-05-01,Second Class,CUST-623,United States,City_43,State_14,96684,Chocolate,South,PROD-009,Caramel Squares,Wicked Choccy's,1200.33,150,780.33,420.0
2570,ORD-2023-12570,2023-05-05,2023-05-11,Standard Class,CUST-530,United States,City_32,State_11,70324,Candy,South,PROD-005,Jelly Beans,The Other Factory,1110.53,375,548.03,562.5
2571,ORD-2023-12571,2023-04-08,2023-04-12,Second Class,CUST-556,United States,City_1,State_16,67967,Chocolate,South,PROD-009,Caramel Squares,The Other Factory,1040.93,183,528.53,512.4
2572,ORD-2023-12572,2023-02-21,2023-02-24,Second Class,CUST-747,United States,City_3,State_11,67668,Chocolate,West,PROD-004,Peanut Butter Cups,Lot's O' Nuts,1046.8,175,521.8,525.0
2573,ORD-2023-12573,2023-09-26,2023-10-02,Standard Class,CUST-791,United States,City_48,State_8,77708,Nuts,West,PROD-001,Chocolate Almonds,Sugar Shack,1541.02,254,906.02,635.0
2574,ORD-2023-12574,2023-06-09,2023-06-13,Standard Class,CUST-650,United States,City_14,State_4,20007,Candy,Central,PROD-005,Jelly Beans,Sugar Shack,882.92,198,585.92,297.0
2575,ORD-2023-12575,2023-01-27,2023-02-01,Same Day,CUST-204,United States,City_49,State_5,39729,Candy,Central,PROD-005,Jelly Beans,Lot's O' Nuts,1481.56,343,967.06,514.5
2576,ORD-2023-12576,2023-10-02,2023-10-02,Same Day,CUST-742,United States,City_49,State_13,79968,Chocolate,West,PROD-006,Dark Chocolate Truffles,Lot's O' Nuts,1979.83,237,794.83,1185.0
2577,ORD-2023-12577,2023-08-19,2023-08-20,Same Day,CUST-154,United States,City_10,State_8,93730,Nuts,East,PROD-010,Pistachios,Lot's O' Nuts,3182.82,326,1715.82,1467.0
2578,ORD-2023-12578,2023-09-20,2023-09-20,Same Day,CUST-584,United States,City_37,State_10,13242,Candy,Central,PROD-005,Jelly Beans,Sugar Shack,451.98,159,213.48,238.5
2579,ORD-2023-12579,2023-01-12,2023-01-13,First Class,CUST-237,United States,City_40,State_11,72883,Chocolate,South,PROD-004,Peanut Butter Cups,Secret Factory,277.09,43,148.09,129.0
2580,ORD-2023-12580,2023-07-01,2023-07-10,Standard Class,CUST-474,United States,City_29,State_6,88829,Chocolate,West,PROD-004,Peanut Butter Cups,Secret Factory,2695.64,308,1771.64,924.0
2581,ORD-2023-12581,2023-09-18,2023-09-26,Standard Class,CUST-892,United States,City_48,State_7,14947,Candy,West,PROD-003,Sour Worms,Secret Factory,807.15,211,532.85,274.3
2582,ORD-2023-12582,2023-10-14,2023-10-21,First Class,CUST-777,United States,City_20,State_6,39723,Candy,East,PROD-003,Sour Worms,The Other Factory,741.99,198,484.59,257.4
2583,ORD-2023-12583,2023-07-12,2023-07-18,Standard Class,CUST-481,United States,City_5,State_18,55476,Chocolate,Central,PROD-004,Peanut Butter Cups,Wicked Choccy's,4008.25,447,2667.25,1341.0
2584,ORD-2023-12584,2023-07-19,2023-07-24,Same Day,CUST-312,United States,City_20,State_10,60371,Candy,West,PROD-005,Jelly Beans,The Other Factory,96.36,22,63.36,33.0
2585,ORD-2023-12585,2023-03-04,2023-03-09,Second Class,CUST-686,United States,City_23,State_18,47150,Candy,South,PROD-008,Lollipops,Sugar Shack,243.15,186,150.15,93.0
2586,ORD-2023-12586,2023-08-06,2023-08-11,Standard Class,CUST-444,United States,City_1,State_6,31703,Candy,Central,PROD-002,Gummy Bears,Secret Factory,109.01,42,58.61,50.4
2587,ORD-2023-12587,2023-10-17,2023-10-21,Same Day,CUST-954,United States,City_19,State_4,39874,Candy,East,PROD-002,Gummy Bears,The Other Factory,563.34,292,212.94,350.4
2588,ORD-2023-12588,2023-12-24,2023-12-25,Same Day,CUST-704,United States,City_17,State_18,36659,Candy,South,PROD-005,Jelly Beans,Sugar Shack,1107.53,465,410.03,697.5
2589,ORD-2023-12589,2023-03-07,2023-03-12,Standard Class,CUST-980,United States,City_9,State_18,63093,Candy,Central,PROD-008,Lollipops,Secret Factory,423.63,312,267.63,156.0
2590,ORD-2023-12590,2023-03-19,2023-03-23,Standard Class,CUST-749,United States,City_23,State_1,85384,Candy,West,PROD-005,Jelly Beans,Wicked Choccy's,1001.96,227,661.46,340.5
2591,ORD-2023-12591,2023-10-13,2023-10-22,Standard Class,CUST-486,United States,City_29,State_15,26136,Nuts,West,PROD-010,Pistachios,Secret Factory,3738.77,466,1641.77,2097.0
2592,ORD-2023-12592,2023-08-11,2023-08-11,Same Day,CUST-242,United States,City_21,State_13,41524,Nuts,South,PROD-010,Pistachios,Secret Factory,3616.28,497,1379.78,2236.5
2593,ORD-2023-12593,2023-03-07,2023-03-11,Second Class,CUST-325,United States,City_18,State_20,87120,Candy,East,PROD-005,Jelly Beans,Wicked Choccy's,294.85,78,177.85,117.0
2594,ORD-2023-12594,2023-08-13,2023-08-16,Second Class,CUST-531,United States,City_32,State_12,90897,Chocolate,East,PROD-009,Caramel Squares,Lot's O' Nuts,1474.8,226,842.0,632.8
2595,ORD-2023-12595,2023-11-11,2023-11-16,Same Day,CUST-750,United States,City_20,State_9,62901,Nuts,South,PROD-001,Chocolate Almonds,Lot's O' Nuts,228.98,46,113.98,115.0
2596,ORD-2023-12596,2023-11-12,2023-11-14,Standard Class,CUST-895,United States,City_23,State_3,70020,Candy,Central,PROD-002,Gummy Bears,Sugar Shack,204.95,94,92.15,112.8
2597,ORD-2023-12597,2023-06-07,2023-06-07,Same Day,CUST-485,United States,City_4,State_4,82035,Candy,Central,PROD-005,Jelly Beans,Secret Factory,340.54,81,219.04,121.5
2598,ORD-2023-12598,2023-07-14,2023-07-20,Second Class,CUST-698,United States,City_49,State_12,94259,Nuts,South,PROD-007,Cashew Clusters,Wicked Choccy's,774.27,121,290.27,484.0
2599,ORD-2023-12599,2023-10-26,2023-10-31,First Class,CUST-287,United States,City_32,State_15,59234,Nuts,Central,PROD-007,Cashew Clusters,The Other Factory,2765.19,398,1173.19,1592.0
2600,ORD-2023-12600,2023-01-14,2023-01-21,Standard Class,CUST-911,United States,City_36,State_11,10325,Candy,Central,PROD-005,Jelly Beans,Lot's O' Nuts,520.37,120,340.37,180.0
2601,ORD-2023-12601,2023-04-17,2023-04-20,Standard Class,CUST-377,United States,City_50,State_10,99567,Candy,Central,PROD-003,Sour Worms,Sugar Shack,1642.88,435,1077.38,565.5
2602,ORD-2023-12602,2023-03-14,2023-03-16,Same Day,CUST-648,United States,City_15,State_19,10104,Candy,South,PROD-005,Jelly Beans,The Other Factory,351.93,102,198.93,153.0
2603,ORD-2023-12603,2023-02-03,2023-02-08,Second Class,CUST-382,United States,City_25,State_3,58993,Candy,West,PROD-005,Jelly Beans,Secret Factory,602.09,139,393.59,208.5
2604,ORD-2023-12604,2023-07-03,2023-07-06,Second Class,CUST-813,United States,City_38,State_15,78941,Candy,West,PROD-008,Lollipops,Sugar Shack,47.64,57,19.14,28.5
2605,ORD-2023-12605,2023-02-02,2023-02-05,Second Class,CUST-108,United States,City_19,State_1,86436,Chocolate,Central,PROD-009,Caramel Squares,Secret Factory,614.2,78,395.8,218.4
2606,ORD-2023-12606,2023-09-11,2023-09-12,Same Day,CUST-197,United States,City_33,State_7,16785,Chocolate,West,PROD-006,Dark Chocolate Truffles,Sugar Shack,3692.69,343,1977.69,1715.0
2607,ORD-2023-12607,2023-02-21,2023-02-28,Standard Class,CUST-591,United States,City_16,State_3,50897,Chocolate,East,PROD-009,Caramel Squares,Sugar Shack,2707.95,380,1643.95,1064.0
2608,ORD-2023-12608,2023-02-17,2023-02-21,First Class,CUST-334,United States,City_28,State_16,80105,Chocolate,East,PROD-004,Peanut Butter Cups,The Other Factory,2348.16,490,878.16,1470.0
2609,ORD-2023-12609,2023-09-06,2023-09-13,Standard Class,CUST-661,United States,City_30,State_4,15942,Nuts,East,PROD-007,Cashew Clusters,Wicked Choccy's,3883.65,418,2211.65,1672.0
2610,ORD-2023-12610,2023-06-04,2023-06-06,Same Day,CUST-565,United States,City_4,State_14,94189,Nuts,Central,PROD-010,Pistachios,Secret Factory,673.65,75,336.15,337.5
2611,ORD-2023-12611,2023-10-24,2023-10-26,Same Day,CUST-928,United States,City_47,State_3,58796,Chocolate,West,PROD-009,Caramel Squares,Lot's O' Nuts,1740.82,346,772.02,968.8
2612,ORD-2023-12612,2023-07-26,2023-07-29,Standard Class,CUST-299,United States,City_4,State_6,75824,Candy,West,PROD-005,Jelly Beans,Wicked Choccy's,63.96,27,23.46,40.5
2613,ORD-2023-12613,2023-12-12,2023-12-16,Standard Class,CUST-241,United States,City_11,State_10,22527,Nuts,Central,PROD-007,Cashew Clusters,Sugar Shack,2034.27,177,1326.27,708.0
2614,ORD-2023-12614,2023-07-26,2023-08-01,Standard Class,CUST-205,United States,City_21,State_3,43566,Candy,West,PROD-002,Gummy Bears,Sugar Shack,583.57,219,320.77,262.8
2615,ORD-2023-12615,2023-02-18,2023-02-28,Standard Class,CUST-355,United States,City_14,State_17,28435,Chocolate,West,PROD-006,Dark Chocolate Truffles,The Other Factory,4731.06,450,2481.06,2250.0
2616,ORD-2023-12616,2023-01-20,2023-01-21,First Class,CUST-337,United States,City_38,State_5,34142,Candy,West,PROD-003,Sour Worms,Wicked Choccy's,100.95,26,67.15,33.8
2617,ORD-2023-12617,2023-03-13,2023-03-15,Same Day,CUST-779,United States,City_48,State_20,16076,Candy,Central,PROD-003,Sour Worms,Lot's O' Nuts,691.27,345,242.77,448.5
2618,ORD-2023-12618,2023-10-01,2023-10-03,First Class,CUST-689,United States,City_7,State_7,39861,Candy,West,PROD-002,Gummy Bears,Lot's O' Nuts,363.45,167,163.05,200.4
2619,ORD-2023-12619,2023-03-01,2023-03-02,Same Day,CUST-349,United States,City_47,State_20,43313,Candy,West,PROD-003,Sour Worms,Sugar Shack,987.71,417,445.61,542.1
2620,ORD-2023-12620,2023-03-06,2023-03-09,First Class,CUST-612,United States,City_26,State_10,49052,Chocolate,Central,PROD-006,Dark Chocolate Truffles,Secret Factory,1173.85,120,573.85,600.0
2621,ORD-2023-12621,2023-03-30,2023-04-04,Standard Class,CUST-540,United States,City_28,State_7,45077,Nuts,South,PROD-010,Pistachios,Secret Factory,1550.0,145,897.5,652.5
2622,ORD-2023-12622,2023-08-12,2023-08-18,Second Class,CUST-786,United States,City_31,State_8,46271,Candy,Central,PROD-003,Sour Worms,Lot's O' Nuts,1116.97,394,604.77,512.2
2623,ORD-2023-12623,2023-11-15,2023-11-21,Second Class,CUST-464,United States,City_26,State_3,53857,Nuts,Central,PROD-010,Pistachios,The Other Factory,3101.12,251,1971.62,1129.5
2624,ORD-2023-12624,2023-06-20,2023-06-22,First Class,CUST-373,United States,City_32,State_13,30670,Candy,South,PROD-003,Sour Worms,Secret Factory,1073.33,298,685.93,387.4
2625,ORD-2023-12625,2023-08-02,2023-08-03,Same Day,CUST-584,United States,City_24,State_8,42664,Chocolate,East,PROD-006,Dark Chocolate Truffles,Wicked Choccy's,1351.14,163,536.14,815.0
2626,ORD-2023-12626,2023-05-28,2023-06-02,Second Class,CUST-377,United States,City_49,State_13,66924,Nuts,Central,PROD-007,Cashew Clusters,The Other Factory,3969.98,459,2133.98,1836.0
2627,ORD-2023-12627,2023-10-15,2023-10-20,Second Class,CUST-816,United States,City_27,State_5,93072,Chocolate,Central,PROD-006,Dark Chocolate Truffles,Wicked Choccy's,3911.35,307,2376.35,1535.0
2628,ORD-2023-12628,2023-03-20,2023-03-26,Second Class,CUST-824,United States,City_49,State_13,74730,Nuts,Central,PROD-010,Pistachios,The Other Factory,1282.52,158,571.52,711.0
2629,ORD-2023-12629,2023-06-23,2023-06-29,Standard Class,CUST-756,United States,City_30,State_14,35757,Nuts,Central,PROD-010,Pistachios,Wicked Choccy's,1847.44,253,708.94,1138.5
2630,ORD-2023-12630,2023-04-19,2023-04-21,First Class,CUST-520,United States,City_36,State_11,75563,Chocolate,Central,PROD-009,Caramel Squares,Wicked Choccy's,3421.91,491,2047.11,1374.8
2631,ORD-2023-12631,2023-02-21,2023-02-22,Same Day,CUST-250,United States,City_19,State_19,71654,Nuts,East,PROD-007,Cashew Clusters,Wicked Choccy's,2191.1,211,1347.1,844.0
2632,ORD-2023-12632,2023-02-19,2023-02-20,Same Day,CUST-789,United States,City_33,State_3,23304,Nuts,East,PROD-010,Pistachios,Wicked Choccy's,2398.58,191,1539.08,859.5
2633,ORD-2023-12633,2023-02-15,2023-02-19,Same Day,CUST-609,United States,City_14,State_16,27144,Nuts,West,PROD-007,Cashew Clusters,The Other Factory,179.26,24,83.26,96.0
2634,ORD-2023-12634,2023-01-03,2023-01-10,Second Class,CUST-649,United States,City_40,State_14,73173,Nuts,South,PROD-007,Cashew Clusters,Lot's O' Nuts,3233.68,492,1265.68,1968.0
2635,ORD-2023-12635,2023-05-21,2023-05-24,Same Day,CUST-234,United States,City_8,State_10,62197,Chocolate,West,PROD-009,Caramel Squares,Lot's O' Nuts,1537.31,303,688.91,848.4
2636,ORD-2023-12636,2023-07-23,2023-07-27,Same Day,CUST-384,United States,City_10,State_19,92946,Chocolate,Central,PROD-004,Peanut Butter Cups,The Other Factory,619.31,104,307.31,312.0
2637,ORD-2023-12637,2023-07-27,2023-07-29,First Class,CUST-295,United States,City_39,State_4,70294,Candy,Central,PROD-003,Sour Worms,Secret Factory,429.92,115,280.42,149.5
2638,ORD-2023-12638,2023-04-21,2023-04-29,Standard Class,CUST-368,United States,City_33,State_3,97525,Candy,Central,PROD-003,Sour Worms,The Other Factory,752.66,212,477.06,275.6
2639,ORD-2023-12639,2023-05-30,2023-05-31,Same Day,CUST-735,United States,City_27,State_15,98111,Candy,South,PROD-002,Gummy Bears,Wicked Choccy's,788.49,300,428.49,360.0
2640,ORD-2023-12640,2023-06-18,2023-06-24,Second Class,CUST-133,United States,City_7,State_13,24081,Nuts,West,PROD-001,Chocolate Almonds,Secret Factory,732.04,122,427.04,305.0
2641,ORD-2023-12641,2023-07-25,2023-08-03,Standard Class,CUST-681,United States,City_39,State_9,86690,Candy,East,PROD-003,Sour Worms,Sugar Shack,1363.82,407,834.72,529.1
2642,ORD-2023-12642,2023-04-29,2023-05-03,Second Class,CUST-320,United States,City_31,State_14,73180,Nuts,West,PROD-001,Chocolate Almonds,Lot's O' Nuts,1101.89,149,729.39,372.5
2643,ORD-2023-12643,2023-01-24,2023-01-27,First Class,CUST-916,United States,City_45,State_9,21614,Chocolate,East,PROD-004,Peanut Butter Cups,Sugar Shack,3039.16,432,1743.16,1296.0
2644,ORD-2023-12644,2023-11-04,2023-11-07,Same Day,CUST-357,United States,City_35,State_3,23596,Nuts,South,PROD-001,Chocolate Almonds,Lot's O' Nuts,466.96,120,166.96,300.0
2645,ORD-2023-12645,2023-01-13,2023-01-19,Standard Class,CUST-771,United States,City_11,State_2,29729,Nuts,Central,PROD-007,Cashew Clusters,Lot's O' Nuts,377.08,34,241.08,136.0
2646,ORD-2023-12646,2023-03-02,2023-03-02,Same Day,CUST-133,United States,City_48,State_3,91375,Chocolate,South,PROD-009,Caramel Squares,The Other Factory,1738.18,216,1133.38,604.8
2647,ORD-2023-12647,2023-03-15,2023-03-17,First Class,CUST-888,United States,City_13,State_9,75790,Nuts,West,PROD-010,Pistachios,Lot's O' Nuts,950.02,72,626.02,324.0
2648,ORD-2023-12648,2023-01-31,2023-02-01,Second Class,CUST-176,United States,City_28,State_2,72659,Chocolate,Central,PROD-006,Dark Chocolate Truffles,Sugar Shack,1157.64,117,572.64,585.0
2649,ORD-2023-12649,2023-04-16,2023-04-25,Standard Class,CUST-160,United States,City_6,State_11,72986,Nuts,South,PROD-010,Pistachios,Lot's O' Nuts,5011.51,481,2847.01,2164.5
2650,ORD-2023-12650,2023-04-15,2023-04-25,Standard Class,CUST-822,United States,City_7,State_19,99370,Candy,South,PROD-002,Gummy Bears,Lot's O' Nuts,935.88,458,386.28,549.6
2651,ORD-2023-12651,2023-08-26,2023-08-27,First Class,CUST-265,United States,City_34,State_18,95878,Candy,West,PROD-005,Jelly Beans,Lot's O' Nuts,1479.01,352,951.01,528.0
2652,ORD-2023-12652,2023-03-09,2023-03-18,Standard Class,CUST-971,United States,City_41,State_10,51564,Candy,East,PROD-002,Gummy Bears,Sugar Shack,1214.63,440,686.63,528.0
2653,ORD-2023-12653,2023-08-12,2023-08-20,Second Class,CUST-477,United States,City_32,State_13,48609,Candy,East,PROD-003,Sour Worms,Secret Factory,912.27,253,583.37,328.9
2654,ORD-2023-12654,2023-10-11,2023-10-16,Second Class,CUST-138,United States,City_41,State_16,49539,Nuts,East,PROD-007,Cashew Clusters,Wicked Choccy's,4866.75,413,3214.75,1652.0
2655,ORD-2023-12655,2023-10-23,2023-10-31,Standard Class,CUST-756,United States,City_10,State_4,55659,Nuts,South,PROD-010,Pistachios,Lot's O' Nuts,1231.29,156,529.29,702.0
2656,ORD-2023-12656,2023-02-12,2023-02-15,Second Class,CUST-439,United States,City_4,State_14,88225,Candy,East,PROD-005,Jelly Beans,Lot's O' Nuts,1445.36,481,723.86,721.5
2657,ORD-2023-12657,2023-07-28,2023-08-03,Standard Class,CUST-452,United States,City_22,State_6,52359,Nuts,South,PROD-007,Cashew Clusters,Wicked Choccy's,2180.69,290,1020.69,1160.0
2658,ORD-2023-12658,2023-01-02,2023-01-09,Standard Class,CUST-389,United States,City_32,State_3,71150,Candy,Central,PROD-003,Sour Worms,Secret Factory,257.93,81,152.63,105.3
2659,ORD-2023-12659,2023-08-07,2023-08-11,First Class,CUST-618,United States,City_37,State_20,38954,Nuts,Central,PROD-010,Pistachios,The Other Factory,2263.56,209,1323.06,940.5
2660,ORD-2023-12660,2023-10-30,2023-11-07,Standard Class,CUST-448,United States,City_28,State_15,55595,Nuts,Central,PROD-001,Chocolate Almonds,Lot's O' Nuts,2111.06,331,1283.56,827.5
2661,ORD-2023-12661,2023-09-16,2023-09-17,First Class,CUST-972,United States,City_12,State_15,93643,Nuts,Central,PROD-007,Cashew Clusters,Wicked Choccy's,1822.37,161,1178.37,644.0
2662,ORD-2023-12662,2023-07-26,2023-07-28,Same Day,CUST-470,United States,City_26,State_12,13393,Candy,West,PROD-002,Gummy Bears,Secret Factory,247.16,78,153.56,93.6
2663,ORD-2023-12663,2023-01-12,2023-01-17,Same Day,CUST-401,United States,City_42,State_9,24579,Candy,East,PROD-005,Jelly Beans,Secret Factory,818.88,349,295.38,523.5
2664,ORD-2023-12664,2023-04-03,2023-04-06,Same Day,CUST-817,United States,City_33,State_15,23448,Chocolate,South,PROD-004,Peanut Butter Cups,Lot's O' Nuts,669.58,143,240.58,429.0
2665,ORD-2023-12665,2023-10-05,2023-10-09,Same Day,CUST-378,United States,City_49,State_4,73682,Nuts,South,PROD-001,Chocolate Almonds,Lot's O' Nuts,1254.91,316,464.91,790.0
2666,ORD-2023-12666,2023-08-30,2023-09-07,Standard Class,CUST-613,United States,City_47,State_4,25953,Candy,West,PROD-003,Sour Worms,The Other Factory,496.73,218,213.33,283.4
2667,ORD-2023-12667,2023-03-15,2023-03-18,Second Class,CUST-279,United States,City_36,State_5,47212,Chocolate,West,PROD-006,Dark Chocolate Truffles,Wicked Choccy's,2514.3,292,1054.3,1460.0
2668,ORD-2023-12668,2023-06-17,2023-06-18,Same Day,CUST-297,United States,City_23,State_20,87470,Nuts,Central,PROD-001,Chocolate Almonds,The Other Factory,1962.98,453,830.48,1132.5
2669,ORD-2023-12669,2023-05-20,2023-05-28,Standard Class,CUST-869,United States,City_36,State_9,69293,Nuts,East,PROD-010,Pistachios,Sugar Shack,399.76,57,143.26,256.5
2670,ORD-2023-12670,2023-02-22,2023-02-25,First Class,CUST-352,United States,City_23,State_1,51211,Nuts,West,PROD-010,Pistachios,Lot's O' Nuts,2785.86,370,1120.86,1665.0
2671,ORD-2023-12671,2023-03-26,2023-03-29,Second Class,CUST-706,United States,City_9,State_1,67236,Chocolate,South,PROD-004,Peanut Butter Cups,Sugar Shack,2972.42,402,1766.42,1206.0
2672,ORD-2023-12672,2023-10-12,2023-10-15,Same Day,CUST-575,United States,City_34,State_8,13828,Candy,Central,PROD-005,Jelly Beans,Lot's O' Nuts,107.92,30,62.92,45.0
2673,ORD-2023-12673,2023-01-13,2023-01-24,Standard Class,CUST-736,United States,City_19,State_11,41796,Candy,East,PROD-003,Sour Worms,The Other Factory,1186.47,468,578.07,608.4
2674,ORD-2023-12674,2023-09-19,2023-09-24,Second Class,CUST-771,United States,City_17,State_10,71542,Candy,Central,PROD-005,Jelly Beans,Lot's O' Nuts,1711.46,399,1112.96,598.5
2675,ORD-2023-12675,2023-11-18,2023-11-18,First Class,CUST-279,United States,City_6,State_17,98360,Chocolate,South,PROD-009,Caramel Squares,Secret Factory,488.44,75,278.44,210.0
2676,ORD-2023-12676,2023-07-17,2023-07-24,Standard Class,CUST-609,United States,City_36,State_1,98301,Chocolate,West,PROD-009,Caramel Squares,The Other Factory,907.15,123,562.75,344.4
2677,ORD-2023-12677,2023-02-19,2023-02-26,Second Class,CUST-735,United States,City_47,State_15,42844,Chocolate,East,PROD-004,Peanut Butter Cups,Secret Factory,1009.53,123,640.53,369.0
2678,ORD-2023-12678,2023-06-19,2023-06-22,First Class,CUST-452,United States,City_32,State_12,87641,Chocolate,East,PROD-004,Peanut Butter Cups,Secret Factory,1738.64,292,862.64,876.0
2679,ORD-2023-12679,2023-04-06,2023-04-10,First Class,CUST-100,United States,City_27,State_20,66351,Nuts,East,PROD-010,Pistachios,Sugar Shack,3888.11,304,2520.11,1368.0
2680,ORD-2023-12680,2023-03-20,2023-03-23,First Class,CUST-656,United States,City_28,State_1,59448,Nuts,Central,PROD-010,Pistachios,Lot's O' Nuts,2995.21,276,1753.21,1242.0
2681,ORD-2023-12681,2023-08-04,2023-08-10,First Class,CUST-563,United States,City_49,State_9,58661,Candy,South,PROD-002,Gummy Bears,Lot's O' Nuts,547.1,245,253.1,294.0
2682,ORD-2023-12682,2023-06-12,2023-06-12,Same Day,CUST-195,United States,City_15,State_14,97016,Candy,East,PROD-008,Lollipops,Lot's O' Nuts,89.9,83,48.4,41.5
2683,ORD-2023-12683,2023-03-13,2023-03-20,Standard Class,CUST-120,United States,City_33,State_9,35487,Chocolate,Central,PROD-009,Caramel Squares,Lot's O' Nuts,988.89,193,448.49,540.4
2684,ORD-2023-12684,2023-06-01,2023-06-04,Same Day,CUST-892,United States,City_32,State_6,52350,Candy,West,PROD-008,Lollipops,Secret Factory,143.47,147,69.97,73.5
2685,ORD-2023-12685,2023-05-04,2023-05-10,Second Class,CUST-356,United States,City_12,State_7,49515,Nuts,Central,PROD-001,Chocolate Almonds,The Other Factory,1668.48,390,693.48,975.0
2686,ORD-2023-12686,2023-02-10,2023-02-11,First Class,CUST-415,United States,City_8,State_11,54827,Chocolate,East,PROD-009,Caramel Squares,Lot's O' Nuts,1737.47,242,1059.87,677.6
2687,ORD-2023-12687,2023-10-01,2023-10-06,First Class,CUST-388,United States,City_38,State_1,60354,Chocolate,East,PROD-004,Peanut Butter Cups,Secret Factory,1083.17,183,534.17,549.0
2688,ORD-2023-12688,2023-03-25,2023-03-28,Standard Class,CUST-563,United States,City_4,State_8,37904,Candy,South,PROD-003,Sour Worms,Secret Factory,345.17,152,147.57,197.6
2689,ORD-2023-12689,2023-07-03,2023-07-06,First Class,CUST-968,United States,City_6,State_11,93890,Chocolate,Central,PROD-004,Peanut Butter Cups,Wicked Choccy's,886.29,102,580.29,306.0
2690,ORD-2023-12690,2023-01-24,2023-01-30,Second Class,CUST-948,United States,City_9,State_20,67027,Chocolate,South,PROD-009,Caramel Squares,Wicked Choccy's,655.62,153,227.22,428.4
2691,ORD-2023-12691,2023-03-22,2023-03-22,Same Day,CUST-260,United States,City_39,State_5,27173,Nuts,East,PROD-007,Cashew Clusters,Wicked Choccy's,534.73,60,294.73,240.0
2692,ORD-2023-12692,2023-08-26,2023-08-28,Same Day,CUST-281,United States,City_8,State_12,99718,Nuts,East,PROD-001,Chocolate Almonds,Sugar Shack,2074.59,287,1357.09,717.5
2693,ORD-2023-12693,2023-07-15,2023-07-19,Same Day,CUST-979,United States,City_1,State_13,39005,Chocolate,West,PROD-004,Peanut Butter Cups,The Other Factory,1736.83,319,779.83,957.0
2694,ORD-2023-12694,2023-03-04,2023-03-09,Second Class,CUST-260,United States,City_33,State_2,49592,Candy,East,PROD-003,Sour Worms,Sugar Shack,1053.48,439,482.78,570.7
2695,ORD-2023-12695,2023-03-19,2023-03-25,Second Class,CUST-787,United States,City_38,State_2,23925,Chocolate,East,PROD-009,Caramel Squares,Sugar Shack,196.53,33,104.13,92.4
2696,ORD-2023-12696,2023-07-11,2023-07-15,Second Class,CUST-718,United States,City_32,State_3,89128,Nuts,West,PROD-010,Pistachios,Wicked Choccy's,2697.14,326,1230.14,1467.0
2697,ORD-2023-12697,2023-04-05,2023-04-11,Standard Class,CUST-449,United States,City_28,State_4,59385,Nuts,East,PROD-001,Chocolate Almonds,Lot's O' Nuts,2206.57,372,1276.57,930.0
2698,ORD-2023-12698,2023-12-13,2023-12-13,Same Day,CUST-165,United States,City_33,State_12,56386,Candy,Central,PROD-003,Sour Worms,Wicked Choccy's,507.2,153,308.3,198.9
2699,ORD-2023-12699,2023-10-24,2023-10-27,Same Day,CUST-246,United States,City_15,State_1,47441,Nuts,East,PROD-010,Pistachios,Sugar Shack,4011.54,328,2535.54,1476.0
2700,ORD-2023-12700,2023-02-12,2023-02-16,Second Class,CUST-579,United States,City_30,State_18,19891,Chocolate,West,PROD-006,Dark Chocolate Truffles,Wicked Choccy's,2563.01,207,1528.01,1035.0
2701,ORD-2023-12701,2023-08-14,2023-08-16,First Class,CUST-350,United States,City_29,State_1,25501,Candy,South,PROD-005,Jelly Beans,Sugar Shack,1115.68,385,538.18,577.5
2702,ORD-2023-12702,2023-12-13,2023-12-17,Second Class,CUST-206,United States,City_6,State_15,75398,Nuts,Central,PROD-010,Pistachios,Sugar Shack,3716.37,324,2258.37,1458.0
2703,ORD-2023-12703,2023-01-30,2023-02-02,First Class,CUST-582,United States,City_42,State_14,18768,Nuts,South,PROD-007,Cashew Clusters,Secret Factory,1313.3,186,569.3,744.0
2704,ORD-2023-12704,2023-12-25,2024-01-01,Standard Class,CUST-660,United States,City_4,State_14,96793,Candy,West,PROD-003,Sour Worms,Lot's O' Nuts,878.5,341,435.2,443.3
2705,ORD-2023-12705,2023-03-09,2023-03-18,Second Class,CUST-216,United States,City_26,State_16,92059,Candy,East,PROD-002,Gummy Bears,The Other Factory,259.83,135,97.83,162.0
2706,ORD-2023-12706,2023-11-19,2023-11-24,Same Day,CUST-537,United States,City_14,State_11,42253,Chocolate,East,PROD-009,Caramel Squares,Secret Factory,2681.36,432,1471.76,1209.6
2707,ORD-2023-12707,2023-03-05,2023-03-05,Same Day,CUST-259,United States,City_5,State_5,59617,Candy,West,PROD-003,Sour Worms,Wicked Choccy's,756.09,286,384.29,371.8
2708,ORD-2023-12708,2023-04-23,2023-04-23,Same Day,CUST-185,United States,City_19,State_5,89465,Chocolate,Central,PROD-009,Caramel Squares,Sugar Shack,2994.76,476,1661.96,1332.8
2709,ORD-2023-12709,2023-01-15,2023-01-21,Standard Class,CUST-564,United States,City_22,State_8,84684,Candy,East,PROD-005,Jelly Beans,Wicked Choccy's,1925.47,490,1190.47,735.0
2710,ORD-2023-12710,2023-12-26,2024-01-04,Second Class,CUST-246,United States,City_17,State_14,55164,Chocolate,West,PROD-009,Caramel Squares,The Other Factory,1654.15,367,626.55,1027.6
2711,ORD-2023-12711,2023-11-10,2023-11-10,Same Day,CUST-590,United States,City_49,State_18,43797,Nuts,South,PROD-010,Pistachios,The Other Factory,882.29,116,360.29,522.0
2712,ORD-2023-12712,2023-07-31,2023-08-04,Same Day,CUST-449,United States,City_14,State_17,28279,Candy,West,PROD-002,Gummy Bears,Secret Factory,522.85,185,300.85,222.0
2713,ORD-2023-12713,2023-12-08,2023-12-09,First Class,CUST-497,United States,City_23,State_6,66094,Nuts,East,PROD-001,Chocolate Almonds,Lot's O' Nuts,1758.01,455,620.51,1137.5
2714,ORD-2023-12714,2023-08-16,2023-08-16,Same Day,CUST-325,United States,City_24,State_3,28939,Nuts,West,PROD-007,Cashew Clusters,Sugar Shack,4873.42,453,3061.42,1812.0
2715,ORD-2023-12715,2023-06-26,2023-06-28,First Class,CUST-354,United States,City_32,State_12,98164,Candy,Central,PROD-008,Lollipops,Wicked Choccy's,179.54,122,118.54,61.0
2716,ORD-2023-12716,2023-07-30,2023-07-30,Same Day,CUST-623,United States,City_19,State_19,65818,Nuts,South,PROD-007,Cashew Clusters,Sugar Shack,1311.83,143,739.83,572.0
2717,ORD-2023-12717,2023-12-29,2024-01-01,First Class,CUST-122,United States,City_20,State_14,91982,Candy,Central,PROD-003,Sour Worms,Wicked Choccy's,706.74,198,449.34,257.4
2718,ORD-2023-12718,2023-10-24,2023-10-27,Same Day,CUST-528,United States,City_21,State_13,79970,Candy,East,PROD-003,Sour Worms,Sugar Shack,292.06,76,193.26,98.8
2719,ORD-2023-12719,2023-08-04,2023-08-09,Standard Class,CUST-558,United States,City_27,State_16,33504,Chocolate,West,PROD-006,Dark Chocolate Truffles,Lot's O' Nuts,3396.02,402,1386.02,2010.0
2720,ORD-2023-12720,2023-11-11,2023-11-17,Standard Class,CUST-320,United States,City_17,State_9,28151,Nuts,Central,PROD-010,Pistachios,Wicked Choccy's,2513.11,235,1455.61,1057.5
2721,ORD-2023-12721,2023-08-12,2023-08-16,First Class,CUST-480,United States,City_1,State_6,29312,Candy,East,PROD-002,Gummy Bears,Wicked Choccy's,1456.72,454,911.92,544.8
2722,ORD-2023-12722,2023-10-09,2023-10-09,Same Day,CUST-975,United States,City_45,State_1,47601,Chocolate,South,PROD-004,Peanut Butter Cups,Sugar Shack,3406.18,448,2062.18,1344.0
2723,ORD-2023-12723,2023-07-11,2023-07-12,Second Class,CUST-398,United States,City_45,State_2,70156,Chocolate,South,PROD-006,Dark Chocolate Truffles,Secret Factory,964.63,69,619.63,345.0
2724,ORD-2023-12724,2023-02-17,2023-02-21,Second Class,CUST-796,United States,City_10,State_8,35305,Nuts,West,PROD-001,Chocolate Almonds,Wicked Choccy's,866.22,159,468.72,397.5
2725,ORD-2023-12725,2023-06-12,2023-06-16,First Class,CUST-504,United States,City_32,State_13,68362,Candy,East,PROD-008,Lollipops,Wicked Choccy's,54.11,42,33.11,21.0
2726,ORD-2023-12726,2023-11-19,2023-11-22,Same Day,CUST-969,United States,City_34,State_14,36274,Nuts,West,PROD-001,Chocolate Almonds,Secret Factory,764.44,122,459.44,305.0
2727,ORD-2023-12727,2023-03-19,2023-03-23,Second Class,CUST-961,United States,City_4,State_17,48296,Nuts,East,PROD-001,Chocolate Almonds,Lot's O' Nuts,157.12,23,99.62,57.5
2728,ORD-2023-12728,2023-05-10,2023-05-12,Same Day,CUST-656,United States,City_14,State_7,37854,Chocolate,West,PROD-009,Caramel Squares,Sugar Shack,3341.94,405,2207.94,1134.0
2729,ORD-2023-12729,2023-09-18,2023-09-22,Standard Class,CUST-807,United States,City_35,State_20,63145,Nuts,South,PROD-007,Cashew Clusters,Secret Factory,1104.95,95,724.95,380.0
2730,ORD-2023-12730,2023-01-05,2023-01-06,Same Day,CUST-793,United States,City_17,State_20,47491,Candy,West,PROD-008,Lollipops,Lot's O' Nuts,446.75,446,223.75,223.0
2731,ORD-2023-12731,2023-10-15,2023-10-25,Standard Class,CUST-386,United States,City_37,State_2,24906,Nuts,West,PROD-007,Cashew Clusters,The Other Factory,2289.17,199,1493.17,796.0
2732,ORD-2023-12732,2023-02-17,2023-02-21,First Class,CUST-320,United States,City_24,State_2,95601,Chocolate,Central,PROD-004,Peanut Butter Cups,Wicked Choccy's,3335.85,474,1913.85,1422.0
2733,ORD-2023-12733,2023-05-30,2023-05-31,First Class,CUST-453,United States,City_34,State_2,80895,Nuts,East,PROD-001,Chocolate Almonds,Lot's O' Nuts,873.91,210,348.91,525.0
2734,ORD-2023-12734,2023-05-11,2023-05-12,First Class,CUST-388,United States,City_4,State_9,41718,Nuts,East,PROD-001,Chocolate Almonds,Wicked Choccy's,1345.85,336,505.85,840.0
2735,ORD-2023-12735,2023-09-18,2023-09-21,Same Day,CUST-318,United States,City_22,State_7,78477,Candy,South,PROD-002,Gummy Bears,Sugar Shack,356.32,184,135.52,220.8
2736,ORD-2023-12736,2023-06-08,2023-06-08,Same Day,CUST-617,United States,City_4,State_7,15513,Candy,West,PROD-002,Gummy Bears,Sugar Shack,579.62,244,286.82,292.8
2737,ORD-2023-12737,2023-09-22,2023-09-22,Same Day,CUST-388,United States,City_29,State_4,73839,Nuts,East,PROD-010,Pistachios,Lot's O' Nuts,4322.92,486,2135.92,2187.0
2738,ORD-2023-12738,2023-02-16,2023-02-24,Standard Class,CUST-258,United States,City_30,State_4,63057,Candy,Central,PROD-008,Lollipops,The Other Factory,583.78,484,341.78,242.0
2739,ORD-2023-12739,2023-12-26,2024-01-01,Same Day,CUST-209,United States,City_24,State_17,61021,Nuts,West,PROD-010,Pistachios,The Other Factory,600.94,62,321.94,279.0
2740,ORD-2023-12740,2023-02-13,2023-02-20,Standard Class,CUST-946,United States,City_25,State_15,56694,Nuts,South,PROD-007,Cashew Clusters,The Other Factory,2837.74,301,1633.74,1204.0
2741,ORD-2023-12741,2023-03-23,2023-03-30,Second Class,CUST-990,United States,City_3,State_11,13681,Nuts,West,PROD-010,Pistachios,The Other Factory,1589.72,221,595.22,994.5
2742,ORD-2023-12742,2023-04-08,2023-04-13,First Class,CUST-652,United States,City_5,State_19,55583,Chocolate,West,PROD-006,Dark Chocolate Truffles,The Other Factory,1424.36,140,724.36,700.0
2743,ORD-2023-12743,2023-10-07,2023-10-11,Second Class,CUST-345,United States,City_16,State_19,96000,Nuts,South,PROD-007,Cashew Clusters,Sugar Shack,1488.81,199,692.81,796.0
2744,ORD-2023-12744,2023-03-23,2023-03-29,First Class,CUST-245,United States,City_7,State_15,73173,Nuts,West,PROD-010,Pistachios,The Other Factory,1965.85,208,1029.85,936.0
2745,ORD-2023-12745,2023-12-15,2023-12-23,Standard Class,CUST-374,United States,City_28,State_14,81834,Chocolate,East,PROD-006,Dark Chocolate Truffles,The Other Factory,2066.68,179,1171.68,895.0
2746,ORD-2023-12746,2023-04-14,2023-04-23,Standard Class,CUST-627,United States,City_22,State_7,30655,Candy,West,PROD-008,Lollipops,The Other Factory,11.23,13,4.73,6.5
2747,ORD-2023-12747,2023-08-09,2023-08-12,Same Day,CUST-762,United States,City_15,State_9,51504,Candy,South,PROD-008,Lollipops,Wicked Choccy's,366.25,313,209.75,156.5
2748,ORD-2023-12748,2023-06-13,2023-06-17,Second Class,CUST-479,United States,City_20,State_14,23958,Candy,East,PROD-002,Gummy Bears,Sugar Shack,249.72,74,160.92,88.8
2749,ORD-2023-12749,2023-01-04,2023-01-11,Second Class,CUST-583,United States,City_9,State_1,93743,Chocolate,South,PROD-004,Peanut Butter Cups,Lot's O' Nuts,2448.77,284,1596.77,852.0
2750,ORD-2023-12750,2023-09-01,2023-09-01,Same Day,CUST-864,United States,City_49,State_4,25842,Candy,West,PROD-008,Lollipops,Wicked Choccy's,272.98,250,147.98,125.0
2751,ORD-2023-12751,2023-03-07,2023-03-11,First Class,CUST-768,United States,City_33,State_13,36007,Chocolate,West,PROD-009,Caramel Squares,Sugar Shack,2648.63,364,1629.43,1019.2
2752,ORD-2023-12752,2023-08-15,2023-08-27,Standard Class,CUST-174,United States,City_4,State_5,46524,Nuts,East,PROD-001,Chocolate Almonds,The Other Factory,1924.93,474,739.93,1185.0
2753,ORD-2023-12753,2023-09-08,2023-09-10,First Class,CUST-153,United States,City_23,State_16,96797,Candy,Central,PROD-003,Sour Worms,Wicked Choccy's,441.9,120,285.9,156.0
2754,ORD-2023-12754,2023-03-03,2023-03-07,Same Day,CUST-746,United States,City_31,State_4,59309,Candy,East,PROD-008,Lollipops,Secret Factory,422.94,357,244.44,178.5
2755,ORD-2023-12755,2023-07-24,2023-07-26,First Class,CUST-516,United States,City_19,State_2,89594,Chocolate,South,PROD-006,Dark Chocolate Truffles,The Other Factory,2866.86,216,1786.86,1080.0
2756,ORD-2023-12756,2023-05-28,2023-06-02,Second Class,CUST-117,United States,City_40,State_12,29967,Nuts,West,PROD-010,Pistachios,Secret Factory,3486.6,408,1650.6,1836.0
2757,ORD-2023-12757,2023-12-16,2023-12-17,Same Day,CUST-899,United States,City_30,State_20,36252,Candy,West,PROD-003,Sour Worms,Sugar Shack,995.15,374,508.95,486.2
2758,ORD-2023-12758,2023-05-13,2023-05-18,Standard Class,CUST-820,United States,City_1,State_15,12785,Candy,East,PROD-003,Sour Worms,Wicked Choccy's,518.44,134,344.24,174.2
2759,ORD-2023-12759,2023-08-04,2023-08-07,Second Class,CUST-442,United States,City_32,State_19,24980,Chocolate,South,PROD-006,Dark Chocolate Truffles,Sugar Shack,462.59,35,287.59,175.0
2760,ORD-2023-12760,2023-01-23,2023-01-31,Standard Class,CUST-948,United States,City_10,State_14,11168,Candy,East,PROD-002,Gummy Bears,Sugar Shack,113.15,45,59.15,54.0
2761,ORD-2023-12761,2023-07-25,2023-08-03,Second Class,CUST-834,United States,City_14,State_9,71436,Nuts,East,PROD-001,Chocolate Almonds,The Other Factory,1100.17,188,630.17,470.0
2762,ORD-2023-12762,2023-04-23,2023-04-26,Second Class,CUST-612,United States,City_46,State_7,56944,Chocolate,South,PROD-006,Dark Chocolate Truffles,The Other Factory,1672.51,173,807.51,865.0
2763,ORD-2023-12763,2023-05-26,2023-06-02,Standard Class,CUST-683,United States,City_6,State_9,60384,Candy,West,PROD-008,Lollipops,Lot's O' Nuts,317.76,302,166.76,151.0
2764,ORD-2023-12764,2023-05-26,2023-05-26,Same Day,CUST-931,United States,City_10,State_1,37219,Chocolate,South,PROD-004,Peanut Butter Cups,The Other Factory,2942.71,357,1871.71,1071.0
2765,ORD-2023-12765,2023-08-05,2023-08-08,Same Day,CUST-630,United States,City_10,State_10,61491,Candy,West,PROD-002,Gummy Bears,Secret Factory,404.4,196,169.2,235.2
2766,ORD-2023-12766,2023-09-13,2023-09-16,Second Class,CUST-102,United States,City_3,State_2,98513,Chocolate,Central,PROD-009,Caramel Squares,Sugar Shack,1668.43,352,682.83,985.6
2767,ORD-2023-12767,2023-02-14,2023-02-23,Standard Class,CUST-486,United States,City_2,State_11,21274,Candy,South,PROD-003,Sour Worms,Lot's O' Nuts,536.21,165,321.71,214.5
2768,ORD-2023-12768,2023-04-17,2023-04-21,First Class,CUST-998,United States,City_8,State_13,95419,Nuts,Central,PROD-010,Pistachios,Lot's O' Nuts,3325.97,431,1386.47,1939.5
2769,ORD-2023-12769,2023-06-13,2023-06-16,Second Class,CUST-771,United States,City_14,State_13,88416,Chocolate,West,PROD-004,Peanut Butter Cups,Lot's O' Nuts,3005.01,470,1595.01,1410.0
2770,ORD-2023-12770,2023-01-30,2023-02-03,Standard Class,CUST-153,United States,City_34,State_20,87154,Chocolate,East,PROD-004,Peanut Butter Cups,Lot's O' Nuts,1769.83,379,632.83,1137.0
2771,ORD-2023-12771,2023-01-02,2023-01-11,Standard Class,CUST-974,United States,City_35,State_2,32739,Chocolate,South,PROD-004,Peanut Butter Cups,Lot's O' Nuts,3702.5,424,2430.5,1272.0
2772,ORD-2023-12772,2023-02-03,2023-02-04,First Class,CUST-714,United States,City_49,State_6,91919,Chocolate,Central,PROD-009,Caramel Squares,Wicked Choccy's,1173.56,181,666.76,506.8
2773,ORD-2023-12773,2023-05-15,2023-05-24,Standard Class,CUST-554,United States,City_27,State_14,21602,Nuts,West,PROD-001,Chocolate Almonds,The Other Factory,1698.19,371,770.69,927.5
2774,ORD-2023-12774,2023-10-01,2023-10-02,Second Class,CUST-624,United States,City_6,State_5,27970,Chocolate,South,PROD-004,Peanut Butter Cups,Secret Factory,3540.83,479,2103.83,1437.0
2775,ORD-2023-12775,2023-10-20,2023-10-26,First Class,CUST-814,United States,City_17,State_15,10490,Nuts,East,PROD-007,Cashew Clusters,The Other Factory,1762.01,165,1102.01,660.0
2776,ORD-2023-12776,2023-01-19,2023-01-25,Standard Class,CUST-317,United States,City_44,State_8,11096,Chocolate,East,PROD-006,Dark Chocolate Truffles,Wicked Choccy's,2370.04,188,1430.04,940.0
2777,ORD-2023-12777,2023-11-06,2023-11-08,Second Class,CUST-397,United States,City_9,State_4,83098,Nuts,South,PROD-010,Pistachios,Secret Factory,2611.42,239,1535.92,1075.5
2778,ORD-2023-12778,2023-12-08,2023-12-13,Second Class,CUST-585,United States,City_27,State_12,94887,Nuts,Central,PROD-010,Pistachios,Lot's O' Nuts,2450.57,226,1433.57,1017.0
2779,ORD-2023-12779,2023-08-07,2023-08-11,Same Day,CUST-200,United States,City_33,State_16,72746,Nuts,South,PROD-001,Chocolate Almonds,Lot's O' Nuts,1616.14,255,978.64,637.5
2780,ORD-2023-12780,2023-05-01,2023-05-01,Same Day,CUST-780,United States,City_43,State_12,13221,Nuts,West,PROD-007,Cashew Clusters,Wicked Choccy's,2141.02,231,1217.02,924.0
2781,ORD-2023-12781,2023-07-25,2023-07-28,Same Day,CUST-288,United States,City_28,State_14,67013,Candy,West,PROD-002,Gummy Bears,Secret Factory,280.85,98,163.25,117.6
2782,ORD-2023-12782,2023-08-18,2023-08-26,Second Class,CUST-504,United States,City_21,State_6,34544,Candy,East,PROD-008,Lollipops,The Other Factory,355.21,339,185.71,169.5
2783,ORD-2023-12783,2023-05-30,2023-06-03,Same Day,CUST-927,United States,City_21,State_19,80183,Chocolate,East,PROD-009,Caramel Squares,The Other Factory,2042.06,307,1182.46,859.6
2784,ORD-2023-12784,2023-11-15,2023-11-16,First Class,CUST-255,United States,City_28,State_11,89070,Candy,Central,PROD-002,Gummy Bears,Wicked Choccy's,676.78,254,371.98,304.8
2785,ORD-2023-12785,2023-10-09,2023-10-15,Standard Class,CUST-670,United States,City_24,State_18,13229,Candy,Central,PROD-008,Lollipops,Secret Factory,391.14,439,171.64,219.5
2786,ORD-2023-12786,2023-03-05,2023-03-05,First Class,CUST-899,United States,City_25,State_11,73287,Chocolate,East,PROD-006,Dark Chocolate Truffles,Lot's O' Nuts,4376.48,405,2351.48,2025.0
2787,ORD-2023-12787,2023-03-13,2023-03-21,Standard Class,CUST-983,United States,City_23,State_13,55995,Chocolate,West,PROD-009,Caramel Squares,The Other Factory,2564.8,312,1691.2,873.6
2788,ORD-2023-12788,2023-11-28,2023-12-03,Standard Class,CUST-415,United States,City_34,State_14,15161,Candy,South,PROD-002,Gummy Bears,The Other Factory,225.4,68,143.8,81.6
2789,ORD-2023-12789,2023-11-05,2023-11-12,Standard Class,CUST-708,United States,City_46,State_6,78531,Nuts,East,PROD-001,Chocolate Almonds,Sugar Shack,492.14,104,232.14,260.0
2790,ORD-2023-12790,2023-11-24,2023-11-26,First Class,CUST-741,United States,City_15,State_1,28519,Candy,South,PROD-008,Lollipops,The Other Factory,369.1,247,245.6,123.5
2791,ORD-2023-12791,2023-02-22,2023-03-01,Standard Class,CUST-448,United States,City_41,State_1,18363,Nuts,East,PROD-010,Pistachios,Wicked Choccy's,4865.67,384,3137.67,1728.0
2792,ORD-2023-12792,2023-05-21,2023-05-24,Same Day,CUST-123,United States,City_26,State_20,55171,Chocolate,East,PROD-009,Caramel Squares,Secret Factory,640.28,97,368.68,271.6
2793,ORD-2023-12793,2023-04-07,2023-04-09,Second Class,CUST-940,United States,City_8,State_18,12054,Candy,West,PROD-003,Sour Worms,Wicked Choccy's,682.17,218,398.77,283.4
2794,ORD-2023-12794,2023-09-13,2023-09-18,Standard Class,CUST-239,United States,City_17,State_6,60448,Nuts,East,PROD-007,Cashew Clusters,Wicked Choccy's,2417.43,337,1069.43,1348.0
2795,ORD-2023-12795,2023-07-06,2023-07-07,Same Day,CUST-911,United States,City_48,State_10,13261,Nuts,Central,PROD-007,Cashew Clusters,Wicked Choccy's,1163.9,132,635.9,528.0
2796,ORD-2023-12796,2023-06-06,2023-06-10,First Class,CUST-711,United States,City_24,State_14,98904,Chocolate,East,PROD-006,Dark Chocolate Truffles,Secret Factory,3065.01,210,2015.01,1050.0
2797,ORD-2023-12797,2023-10-05,2023-10-08,Same Day,CUST-313,United States,City_24,State_10,43181,Candy,East,PROD-008,Lollipops,Sugar Shack,528.5,472,292.5,236.0
2798,ORD-2023-12798,2023-02-03,2023-02-03,First Class,CUST-539,United States,City_36,State_18,96856,Chocolate,Central,PROD-006,Dark Chocolate Truffles,Wicked Choccy's,1584.49,153,819.49,765.0
2799,ORD-2023-12799,2023-09-17,2023-09-19,First Class,CUST-675,United States,City_48,State_8,96684,Nuts,West,PROD-007,Cashew Clusters,Sugar Shack,1189.84,111,745.84,444.0
2800,ORD-2023-12800,2023-08-02,2023-08-06,Second Class,CUST-544,United States,City_26,State_10,77840,Chocolate,South,PROD-006,Dark Chocolate Truffles,The Other Factory,4887.09,436,2707.09,2180.0
2801,ORD-2023-12801,2023-12-06,2023-12-11,Standard Class,CUST-473,United States,City_34,State_16,10599,Chocolate,West,PROD-006,Dark Chocolate Truffles,Wicked Choccy's,4656.06,425,2531.06,2125.0
2802,ORD-2023-12802,2023-03-23,2023-03-31,Second Class,CUST-518,United States,City_50,State_20,83512,Chocolate,Central,PROD-009,Caramel Squares,The Other Factory,3204.38,405,2070.38,1134.0
2803,ORD-2023-12803,2023-08-09,2023-08-12,Second Class,CUST-987,United States,City_35,State_2,56665,Chocolate,Central,PROD-004,Peanut Butter Cups,Sugar Shack,2396.3,315,1451.3,945.0
2804,ORD-2023-12804,2023-07-04,2023-07-07,Standard Class,CUST-279,United States,City_35,State_9,62545,Nuts,Central,PROD-001,Chocolate Almonds,Sugar Shack,1466.56,379,519.06,947.5
2805,ORD-2023-12805,2023-08-23,2023-08-29,Standard Class,CUST-876,United States,City_39,State_7,84336,Candy,East,PROD-008,Lollipops,Wicked Choccy's,105.63,110,50.63,55.0
2806,ORD-2023-12806,2023-09-08,2023-09-09,Second Class,CUST-704,United States,City_21,State_9,93222,Nuts,South,PROD-001,Chocolate Almonds,Secret Factory,2029.69,474,844.69,1185.0
2807,ORD-2023-12807,2023-02-02,2023-02-08,Standard Class,CUST-672,United States,City_23,State_4,56445,Chocolate,West,PROD-006,Dark Chocolate Truffles,Lot's O' Nuts,1919.88,225,794.88,1125.0
2808,ORD-2023-12808,2023-06-25,2023-06-26,First Class,CUST-675,United States,City_7,State_10,37488,Nuts,East,PROD-001,Chocolate Almonds,Wicked Choccy's,130.56,21,78.06,52.5
2809,ORD-2023-12809,2023-08-26,2023-08-31,Second Class,CUST-800,United States,City_44,State_8,39333,Chocolate,East,PROD-006,Dark Chocolate Truffles,Wicked Choccy's,2988.14,315,1413.14,1575.0
2810,ORD-2023-12810,2023-02-10,2023-02-15,Second Class,CUST-202,United States,City_8,State_5,41326,Candy,Central,PROD-008,Lollipops,The Other Factory,539.71,418,330.71,209.0
2811,ORD-2023-12811,2023-03-27,2023-04-02,First Class,CUST-571,United States,City_17,State_5,82267,Chocolate,East,PROD-006,Dark Chocolate Truffles,The Other Factory,2189.73,215,1114.73,1075.0
2812,ORD-2023-12812,2023-02-26,2023-03-01,First Class,CUST-472,United States,City_32,State_8,79275,Nuts,West,PROD-007,Cashew Clusters,Secret Factory,2295.63,364,839.63,1456.0
2813,ORD-2023-12813,2023-05-30,2023-06-04,First Class,CUST-365,United States,City_41,State_14,15371,Chocolate,Central,PROD-004,Peanut Butter Cups,The Other Factory,1627.17,185,1072.17,555.0
2814,ORD-2023-12814,2023-02-18,2023-02-20,First Class,CUST-411,United States,City_23,State_12,50981,Nuts,West,PROD-010,Pistachios,Lot's O' Nuts,498.36,50,273.36,225.0
2815,ORD-2023-12815,2023-03-11,2023-03-17,Same Day,CUST-965,United States,City_7,State_14,69720,Chocolate,East,PROD-004,Peanut Butter Cups,Secret Factory,1345.46,252,589.46,756.0
2816,ORD-2023-12816,2023-07-17,2023-07-21,First Class,CUST-243,United States,City_6,State_11,72341,Chocolate,South,PROD-004,Peanut Butter Cups,Wicked Choccy's,521.4,58,347.4,174.0
2817,ORD-2023-12817,2023-05-12,2023-05-15,Same Day,CUST-871,United States,City_28,State_1,77331,Chocolate,West,PROD-006,Dark Chocolate Truffles,Secret Factory,3816.71,462,1506.71,2310.0
2818,ORD-2023-12818,2023-07-20,2023-07-26,Same Day,CUST-736,United States,City_4,State_14,84844,Candy,East,PROD-005,Jelly Beans,The Other Factory,207.64,91,71.14,136.5
2819,ORD-2023-12819,2023-01-11,2023-01-18,Second Class,CUST-733,United States,City_39,State_11,19667,Chocolate,South,PROD-004,Peanut Butter Cups,Lot's O' Nuts,3435.53,414,2193.53,1242.0
2820,ORD-2023-12820,2023-06-21,2023-06-24,First Class,CUST-838,United States,City_40,State_19,80759,Nuts,East,PROD-007,Cashew Clusters,Secret Factory,267.12,26,163.12,104.0
2821,ORD-2023-12821,2023-04-27,2023-04-29,Same Day,CUST-277,United States,City_49,State_7,46752,Candy,South,PROD-003,Sour Worms,Wicked Choccy's,1252.22,356,789.42,462.8
2822,ORD-2023-12822,2023-09-15,2023-09-22,First Class,CUST-192,United States,City_43,State_10,95224,Chocolate,East,PROD-004,Peanut Butter Cups,The Other Factory,1548.62,186,990.62,558.0
2823,ORD-2023-12823,2023-11-08,2023-11-10,First Class,CUST-404,United States,City_24,State_2,99066,Candy,West,PROD-003,Sour Worms,Lot's O' Nuts,1034.39,427,479.29,555.1
2824,ORD-2023-12824,2023-02-24,2023-03-02,Second Class,CUST-582,United States,City_24,State_12,67876,Candy,West,PROD-003,Sour Worms,The Other Factory,332.92,136,156.12,176.8
2825,ORD-2023-12825,2023-02-26,2023-03-05,Standard Class,CUST-704,United States,City_2,State_10,92406,Nuts,West,PROD-007,Cashew Clusters,Secret Factory,3011.25,377,1503.25,1508.0
2826,ORD-2023-12826,2023-11-28,2023-12-04,Second Class,CUST-729,United States,City_24,State_8,21082,Candy,East,PROD-005,Jelly Beans,Wicked Choccy's,457.97,163,213.47,244.5
2827,ORD-2023-12827,2023-03-02,2023-03-06,Same Day,CUST-428,United States,City_2,State_14,29277,Nuts,South,PROD-001,Chocolate Almonds,Wicked Choccy's,2198.92,357,1306.42,892.5
2828,ORD-2023-12828,2023-07-19,2023-07-26,Second Class,CUST-447,United States,City_5,State_15,38000,Nuts,South,PROD-010,Pistachios,Lot's O' Nuts,5678.28,472,3554.28,2124.0
2829,ORD-2023-12829,2023-03-14,2023-03-20,Same Day,CUST-861,United States,City_4,State_17,74116,Candy,East,PROD-003,Sour Worms,The Other Factory,1133.3,360,665.3,468.0
2830,ORD-2023-12830,2023-02-20,2023-02-27,Second Class,CUST-506,United States,City_37,State_3,52239,Chocolate,West,PROD-004,Peanut Butter Cups,The Other Factory,2183.1,313,1244.1,939.0
2831,ORD-2023-12831,2023-09-05,2023-09-06,Same Day,CUST-467,United States,City_9,State_19,77350,Candy,South,PROD-008,Lollipops,Wicked Choccy's,90.42,68,56.42,34.0
2832,ORD-2023-12832,2023-11-26,2023-11-29,Same Day,CUST-709,United States,City_48,State_20,20613,Candy,East,PROD-008,Lollipops,Secret Factory,160.54,159,81.04,79.5
2833,ORD-2023-12833,2023-05-21,2023-05-25,First Class,CUST-928,United States,City_12,State_1,27161,Chocolate,East,PROD-006,Dark Chocolate Truffles,Wicked Choccy's,1355.94,172,495.94,860.0
2834,ORD-2023-12834,2023-10-12,2023-10-16,Same Day,CUST-318,United States,City_48,State_10,93617,Nuts,West,PROD-007,Cashew Clusters,The Other Factory,2004.31,323,712.31,1292.0
2835,ORD-2023-12835,2023-09-15,2023-09-17,First Class,CUST-506,United States,City_4,State_8,95009,Chocolate,West,PROD-006,Dark Chocolate Truffles,Lot's O' Nuts,2331.41,214,1261.41,1070.0
2836,ORD-2023-12836,2023-05-20,2023-05-25,Second Class,CUST-570,United States,City_44,State_12,49006,Nuts,East,PROD-001,Chocolate Almonds,Sugar Shack,1377.36,218,832.36,545.0
2837,ORD-2023-12837,2023-08-06,2023-08-15,Second Class,CUST-145,United States,City_5,State_8,82018,Candy,West,PROD-002,Gummy Bears,The Other Factory,777.48,287,433.08,344.4
2838,ORD-2023-12838,2023-01-25,2023-02-03,Standard Class,CUST-202,United States,City_16,State_8,46807,Candy,West,PROD-003,Sour Worms,Secret Factory,1556.4,456,963.6,592.8
2839,ORD-2023-12839,2023-03-23,2023-03-26,First Class,CUST-340,United States,City_35,State_18,32158,Nuts,East,PROD-007,Cashew Clusters,Lot's O' Nuts,517.51,86,173.51,344.0
2840,ORD-2023-12840,2023-10-09,2023-10-13,Standard Class,CUST-848,United States,City_5,State_13,78546,Chocolate,West,PROD-006,Dark Chocolate Truffles,Wicked Choccy's,3483.23,388,1543.23,1940.0
2841,ORD-2023-12841,2023-01-05,2023-01-08,Same Day,CUST-792,United States,City_43,State_3,95001,Candy,West,PROD-002,Gummy Bears,Secret Factory,362.54,131,205.34,157.2
2842,ORD-2023-12842,2023-08-27,2023-09-02,Standard Class,CUST-823,United States,City_20,State_16,66152,Candy,South,PROD-008,Lollipops,Wicked Choccy's,445.16,393,248.66,196.5
2843,ORD-2023-12843,2023-01-12,2023-01-19,Standard Class,CUST-363,United States,City_45,State_4,16600,Candy,East,PROD-008,Lollipops,Wicked Choccy's,161.79,191,66.29,95.5
2844,ORD-2023-12844,2023-08-11,2023-08-19,Standard Class,CUST-473,United States,City_2,State_18,89515,Candy,South,PROD-008,Lollipops,Lot's O' Nuts,126.58,133,60.08,66.5
2845,ORD-2023-12845,2023-08-23,2023-08-27,Second Class,CUST-182,United States,City_49,State_4,86564,Chocolate,West,PROD-006,Dark Chocolate Truffles,Lot's O' Nuts,149.09,13,84.09,65.0
2846,ORD-2023-12846,2023-07-05,2023-07-07,First Class,CUST-530,United States,City_39,State_16,28581,Candy,Central,PROD-002,Gummy Bears,The Other Factory,494.52,142,324.12,170.4
2847,ORD-2023-12847,2023-07-19,2023-07-20,First Class,CUST-290,United States,City_30,State_14,75341,Nuts,Central,PROD-010,Pistachios,Secret Factory,3243.48,431,1303.98,1939.5
2848,ORD-2023-12848,2023-12-17,2023-12-19,Same Day,CUST-873,United States,City_44,State_17,75598,Candy,South,PROD-002,Gummy Bears,Wicked Choccy's,853.99,425,343.99,510.0
2849,ORD-2023-12849,2023-10-27,2023-11-01,Second Class,CUST-237,United States,City_48,State_13,60027,Nuts,South,PROD-007,Cashew Clusters,Wicked Choccy's,1605.31,191,841.31,764.0
2850,ORD-2023-12850,2023-07-10,2023-07-18,Standard Class,CUST-569,United States,City_7,State_7,81364,Candy,West,PROD-008,Lollipops,The Other Factory,219.68,196,121.68,98.0
2851,ORD-2023-12851,2023-03-26,2023-03-31,Standard Class,CUST-803,United States,City_42,State_10,97453,Chocolate,Central,PROD-009,Caramel Squares,Secret Factory,1833.47,383,761.07,1072.4
2852,ORD-2023-12852,2023-07-20,2023-07-24,First Class,CUST-606,United States,City_28,State_7,38627,Nuts,Central,PROD-007,Cashew Clusters,Lot's O' Nuts,3837.15,463,1985.15,1852.0
2853,ORD-2023-12853,2023-08-23,2023-08-29,Standard Class,CUST-800,United States,City_20,State_6,92078,Nuts,East,PROD-001,Chocolate Almonds,Sugar Shack,1487.8,223,930.3,557.5
2854,ORD-2023-12854,2023-09-19,2023-09-21,First Class,CUST-506,United States,City_35,State_14,37159,Candy,West,PROD-002,Gummy Bears,Sugar Shack,252.36,126,101.16,151.2
2855,ORD-2023-12855,2023-05-09,2023-05-16,Standard Class,CUST-651,United States,City_37,State_13,87746,Nuts,South,PROD-007,Cashew Clusters,Sugar Shack,1638.87,208,806.87,832.0
2856,ORD-2023-12856,2023-07-13,2023-07-19,Second Class,CUST-336,United States,City_1,State_1,46477,Chocolate,East,PROD-009,Caramel Squares,Secret Factory,1911.63,292,1094.03,817.6
2857,ORD-2023-12857,2023-07-25,2023-07-30,Second Class,CUST-963,United States,City_6,State_12,85583,Chocolate,South,PROD-009,Caramel Squares,Wicked Choccy's,1973.77,383,901.37,1072.4
2858,ORD-2023-12858,2023-09-05,2023-09-09,Second Class,CUST-437,United States,City_39,State_8,46721,Candy,East,PROD-003,Sour Worms,Wicked Choccy's,1006.46,488,372.06,634.4
2859,ORD-2023-12859,2023-07-13,2023-07-22,Standard Class,CUST-248,United States,City_38,State_4,20742,Candy,Central,PROD-002,Gummy Bears,Lot's O' Nuts,1359.52,390,891.52,468.0
2860,ORD-2023-12860,2023-09-20,2023-09-26,Second Class,CUST-227,United States,City_34,State_7,12676,Chocolate,West,PROD-009,Caramel Squares,Secret Factory,484.13,90,232.13,252.0
2861,ORD-2023-12861,2023-12-23,2023-12-28,Same Day,CUST-510,United States,City_42,State_2,72974,Candy,East,PROD-002,Gummy Bears,The Other Factory,982.77,308,613.17,369.6
2862,ORD-2023-12862,2023-05-26,2023-05-27,Same Day,CUST-739,United States,City_39,State_2,51382,Chocolate,Central,PROD-006,Dark Chocolate Truffles,Secret Factory,3716.93,307,2181.93,1535.0
2863,ORD-2023-12863,2023-03-05,2023-03-05,Same Day,CUST-974,United States,City_27,State_11,64723,Candy,East,PROD-003,Sour Worms,Wicked Choccy's,164.63,66,78.83,85.8
2864,ORD-2023-12864,2023-01-05,2023-01-16,Standard Class,CUST-316,United States,City_41,State_11,63265,Chocolate,East,PROD-006,Dark Chocolate Truffles,The Other Factory,1865.85,231,710.85,1155.0
2865,ORD-2023-12865,2023-02-18,2023-02-25,Second Class,CUST-475,United States,City_23,State_15,33331,Chocolate,South,PROD-004,Peanut Butter Cups,Lot's O' Nuts,689.64,96,401.64,288.0
2866,ORD-2023-12866,2023-11-08,2023-11-13,First Class,CUST-674,United States,City_33,State_3,21623,Nuts,South,PROD-007,Cashew Clusters,Lot's O' Nuts,1607.65,220,727.65,880.0
2867,ORD-2023-12867,2023-09-29,2023-09-29,Same Day,CUST-148,United States,City_8,State_7,94279,Nuts,East,PROD-010,Pistachios,Wicked Choccy's,3898.2,495,1670.7,2227.5
2868,ORD-2023-12868,2023-09-10,2023-09-13,Same Day,CUST-799,United States,City_45,State_6,25062,Nuts,East,PROD-001,Chocolate Almonds,Secret Factory,837.91,188,367.91,470.0
2869,ORD-2023-12869,2023-03-03,2023-03-03,Same Day,CUST-178,United States,City_31,State_20,79059,Nuts,West,PROD-007,Cashew Clusters,Wicked Choccy's,4630.7,420,2950.7,1680.0
2870,ORD-2023-12870,2023-06-08,2023-06-17,Standard Class,CUST-157,United States,City_16,State_16,98153,Chocolate,East,PROD-006,Dark Chocolate Truffles,Sugar Shack,4349.57,362,2539.57,1810.0
2871,ORD-2023-12871,2023-07-10,2023-07-13,First Class,CUST-615,United States,City_15,State_11,65194,Candy,Central,PROD-003,Sour Worms,The Other Factory,949.2,274,593.0,356.2
2872,ORD-2023-12872,2023-09-04,2023-09-13,Second Class,CUST-850,United States,City_14,State_20,92852,Chocolate,East,PROD-004,Peanut Butter Cups,The Other Factory,2560.1,445,1225.1,1335.0
2873,ORD-2023-12873,2023-02-24,2023-02-24,First Class,CUST-171,United States,City_39,State_6,52293,Candy,Central,PROD-003,Sour Worms,Wicked Choccy's,825.32,234,521.12,304.2
2874,ORD-2023-12874,2023-08-04,2023-08-06,Same Day,CUST-208,United States,City_46,State_6,34624,Chocolate,Central,PROD-009,Caramel Squares,Lot's O' Nuts,2323.39,469,1010.19,1313.2
2875,ORD-2023-12875,2023-04-30,2023-04-30,Same Day,CUST-466,United States,City_17,State_4,37251,Nuts,East,PROD-007,Cashew Clusters,Lot's O' Nuts,2896.0,302,1688.0,1208.0
2876,ORD-2023-12876,2023-02-18,2023-02-20,Second Class,CUST-894,United States,City_4,State_20,41766,Chocolate,Central,PROD-009,Caramel Squares,Sugar Shack,992.18,170,516.18,476.0
2877,ORD-2023-12877,2023-11-15,2023-11-15,First Class,CUST-538,United States,City_45,State_10,57495,Nuts,South,PROD-001,Chocolate Almonds,Secret Factory,204.26,33,121.76,82.5
2878,ORD-2023-12878,2023-11-19,2023-11-22,Second Class,CUST-132,United States,City_36,State_20,89344,Nuts,South,PROD-010,Pistachios,The Other Factory,1964.45,152,1280.45,684.0
2879,ORD-2023-12879,2023-11-22,2023-11-26,Same Day,CUST-436,United States,City_42,State_3,64858,Candy,South,PROD-003,Sour Worms,Lot's O' Nuts,1501.61,407,972.51,529.1
2880,ORD-2023-12880,2023-04-16,2023-04-26,Standard Class,CUST-581,United States,City_13,State_14,69352,Nuts,East,PROD-007,Cashew Clusters,The Other Factory,1413.35,120,933.35,480.0
2881,ORD-2023-12881,2023-09-03,2023-09-08,Standard Class,CUST-400,United States,City_1,State_6,50059,Nuts,West,PROD-001,Chocolate Almonds,Secret Factory,1591.21,346,726.21,865.0
2882,ORD-2023-12882,2023-02-18,2023-02-18,First Class,CUST-910,United States,City_47,State_8,18038,Candy,West,PROD-003,Sour Worms,Wicked Choccy's,1141.25,362,670.65,470.6
2883,ORD-2023-12883,2023-08-11,2023-08-13,Second Class,CUST-114,United States,City_7,State_18,23091,Nuts,West,PROD-007,Cashew Clusters,Wicked Choccy's,1334.71,170,654.71,680.0
2884,ORD-2023-12884,2023-06-01,2023-06-04,Second Class,CUST-993,United States,City_18,State_5,97739,Candy,Central,PROD-005,Jelly Beans,Sugar Shack,1770.38,399,1171.88,598.5
2885,ORD-2023-12885,2023-07-08,2023-07-09,Second Class,CUST-415,United States,City_29,State_14,56011,Nuts,Central,PROD-001,Chocolate Almonds,Wicked Choccy's,82.76,13,50.26,32.5
2886,ORD-2023-12886,2023-06-22,2023-07-01,Standard Class,CUST-108,United States,City_40,State_19,47356,Candy,South,PROD-002,Gummy Bears,Lot's O' Nuts,798.66,223,531.06,267.6
2887,ORD-2023-12887,2023-04-09,2023-04-10,First Class,CUST-823,United States,City_5,State_7,71270,Candy,South,PROD-002,Gummy Bears,Sugar Shack,905.94,327,513.54,392.4
2888,ORD-2023-12888,2023-06-03,2023-06-07,Second Class,CUST-195,United States,City_44,State_20,17314,Nuts,Central,PROD-001,Chocolate Almonds,Sugar Shack,2180.93,439,1083.43,1097.5
2889,ORD-2023-12889,2023-12-08,2023-12-15,Standard Class,CUST-172,United States,City_2,State_7,51721,Chocolate,South,PROD-009,Caramel Squares,Wicked Choccy's,3603.9,471,2285.1,1318.8
2890,ORD-2023-12890,2023-10-23,2023-10-26,Second Class,CUST-136,United States,City_41,State_6,41701,Nuts,Central,PROD-007,Cashew Clusters,Sugar Shack,3737.36,313,2485.36,1252.0
2891,ORD-2023-12891,2023-10-26,2023-10-26,Same Day,CUST-533,United States,City_39,State_6,32004,Candy,South,PROD-008,Lollipops,Secret Factory,506.89,349,332.39,174.5
2892,ORD-2023-12892,2023-10-03,2023-10-05,Second Class,CUST-356,United States,City_6,State_3,91934,Nuts,West,PROD-010,Pistachios,Sugar Shack,1520.19,206,593.19,927.0
2893,ORD-2023-12893,2023-06-06,2023-06-11,Second Class,CUST-746,United States,City_10,State_10,10288,Chocolate,East,PROD-009,Caramel Squares,Wicked Choccy's,397.96,74,190.76,207.2
2894,ORD-2023-12894,2023-05-19,2023-05-25,Second Class,CUST-925,United States,City_20,State_17,80621,Nuts,West,PROD-007,Cashew Clusters,Secret Factory,1565.39,219,689.39,876.0
2895,ORD-2023-12895,2023-04-17,2023-04-18,First Class,CUST-855,United States,City_34,State_13,67170,Nuts,West,PROD-010,Pistachios,Wicked Choccy's,2322.69,251,1193.19,1129.5
2896,ORD-2023-12896,2023-07-05,2023-07-11,Same Day,CUST-391,United States,City_16,State_18,33146,Nuts,East,PROD-010,Pistachios,Sugar Shack,3694.86,425,1782.36,1912.5
2897,ORD-2023-12897,2023-06-25,2023-06-28,First Class,CUST-309,United States,City_22,State_1,85709,Nuts,West,PROD-007,Cashew Clusters,The Other Factory,173.97,20,93.97,80.0
2898,ORD-2023-12898,2023-09-03,2023-09-07,First Class,CUST-108,United States,City_16,State_19,65957,Chocolate,Central,PROD-006,Dark Chocolate Truffles,Wicked Choccy's,5396.37,441,3191.37,2205.0
2899,ORD-2023-12899,2023-04-18,2023-04-20,First Class,CUST-959,United States,City_31,State_13,53009,Nuts,Central,PROD-010,Pistachios,Secret Factory,1891.11,175,1103.61,787.5
2900,ORD-2023-12900,2023-10-09,2023-10-15,Standard Class,CUST-138,United States,City_49,State_19,87162,Nuts,South,PROD-001,Chocolate Almonds,Sugar Shack,1247.96,277,555.46,692.5
2901,ORD-2023-12901,2023-04-19,2023-04-20,Same Day,CUST-391,United States,City_48,State_20,94548,Chocolate,West,PROD-006,Dark Chocolate Truffles,Sugar Shack,4665.66,488,2225.66,2440.0
2902,ORD-2023-12902,2023-08-19,2023-08-19,Same Day,CUST-693,United States,City_17,State_15,12149,Nuts,South,PROD-007,Cashew Clusters,Secret Factory,2871.58,311,1627.58,1244.0
2903,ORD-2023-12903,2023-08-10,2023-08-18,Standard Class,CUST-966,United States,City_17,State_20,67712,Nuts,South,PROD-007,Cashew Clusters,Lot's O' Nuts,1949.46,309,713.46,1236.0
2904,ORD-2023-12904,2023-09-26,2023-09-29,Second Class,CUST-833,United States,City_29,State_4,54134,Candy,East,PROD-002,Gummy Bears,Lot's O' Nuts,462.32,143,290.72,171.6
2905,ORD-2023-12905,2023-08-10,2023-08-10,Same Day,CUST-768,United States,City_22,State_3,81148,Nuts,Central,PROD-007,Cashew Clusters,Secret Factory,3038.72,382,1510.72,1528.0
2906,ORD-2023-12906,2023-07-16,2023-07-26,Standard Class,CUST-367,United States,City_37,State_6,36792,Chocolate,East,PROD-009,Caramel Squares,Secret Factory,1822.09,261,1091.29,730.8
2907,ORD-2023-12907,2023-10-22,2023-10-23,Same Day,CUST-384,United States,City_21,State_1,94634,Candy,Central,PROD-005,Jelly Beans,Wicked Choccy's,818.51,274,407.51,411.0
2908,ORD-2023-12908,2023-09-06,2023-09-07,Second Class,CUST-238,United States,City_46,State_9,33323,Chocolate,South,PROD-006,Dark Chocolate Truffles,Secret Factory,1818.83,185,893.83,925.0
2909,ORD-2023-12909,2023-12-26,2023-12-30,Same Day,CUST-439,United States,City_29,State_4,49408,Chocolate,East,PROD-009,Caramel Squares,Secret Factory,1893.96,284,1098.76,795.2
2910,ORD-2023-12910,2023-12-16,2023-12-23,Standard Class,CUST-431,United States,City_46,State_16,66076,Nuts,Central,PROD-001,Chocolate Almonds,Wicked Choccy's,2089.06,449,966.56,1122.5
2911,ORD-2023-12911,2023-11-19,2023-11-24,Standard Class,CUST-355,United States,City_34,State_10,85100,Candy,Central,PROD-003,Sour Worms,Secret Factory,755.29,220,469.29,286.0
2912,ORD-2023-12912,2023-04-11,2023-04-15,Same Day,CUST-326,United States,City_2,State_3,12848,Chocolate,East,PROD-004,Peanut Butter Cups,Secret Factory,1190.82,175,665.82,525.0
2913,ORD-2023-12913,2023-11-04,2023-11-06,Same Day,CUST-925,United States,City_40,State_7,10201,Candy,South,PROD-002,Gummy Bears,Wicked Choccy's,351.24,180,135.24,216.0
2914,ORD-2023-12914,2023-12-29,2024-01-04,Second Class,CUST-636,United States,City_25,State_16,16392,Candy,Central,PROD-005,Jelly Beans,The Other Factory,853.9,260,463.9,390.0
2915,ORD-2023-12915,2023-03-17,2023-03-19,Same Day,CUST-865,United States,City_28,State_7,43256,Chocolate,Central,PROD-004,Peanut Butter Cups,Secret Factory,315.15,36,207.15,108.0
2916,ORD-2023-12916,2023-07-26,2023-07-30,First Class,CUST-486,United States,City_48,State_8,40491,Candy,West,PROD-005,Jelly Beans,Sugar Shack,1081.89,270,676.89,405.0
2917,ORD-2023-12917,2023-04-11,2023-04-19,Second Class,CUST-795,United States,City_27,State_3,72492,Candy,East,PROD-002,Gummy Bears,The Other Factory,303.49,123,155.89,147.6
2918,ORD-2023-12918,2023-08-17,2023-08-25,Standard Class,CUST-465,United States,City_30,State_15,66099,Nuts,West,PROD-001,Chocolate Almonds,Secret Factory,787.16,164,377.16,410.0
2919,ORD-2023-12919,2023-05-06,2023-05-09,Same Day,CUST-651,United States,City_21,State_2,76773,Candy,West,PROD-003,Sour Worms,Secret Factory,1335.88,492,696.28,639.6
2920,ORD-2023-12920,2023-05-16,2023-05-18,Same Day,CUST-891,United States,City_24,State_20,45732,Nuts,South,PROD-010,Pistachios,The Other Factory,4149.71,411,2300.21,1849.5
2921,ORD-2023-12921,2023-03-12,2023-03-13,First Class,CUST-294,United States,City_29,State_15,43259,Candy,Central,PROD-005,Jelly Beans,Wicked Choccy's,944.51,310,479.51,465.0
2922,ORD-2023-12922,2023-08-27,2023-08-30,Same Day,CUST-388,United States,City_2,State_9,29699,Nuts,South,PROD-001,Chocolate Almonds,Wicked Choccy's,1308.36,224,748.36,560.0
2923,ORD-2023-12923,2023-07-01,2023-07-01,Same Day,CUST-555,United States,City_23,State_7,49065,Nuts,South,PROD-001,Chocolate Almonds,Secret Factory,250.18,51,122.68,127.5
2924,ORD-2023-12924,2023-04-17,2023-04-19,Same Day,CUST-160,United States,City_40,State_19,17626,Candy,Central,PROD-002,Gummy Bears,Lot's O' Nuts,1097.09,343,685.49,411.6
2925,ORD-2023-12925,2023-07-29,2023-08-06,Standard Class,CUST-843,United States,City_33,State_5,41741,Nuts,Central,PROD-001,Chocolate Almonds,Lot's O' Nuts,1048.82,200,548.82,500.0
2926,ORD-2023-12926,2023-09-26,2023-09-29,Second Class,CUST-770,United States,City_43,State_14,57901,Candy,Central,PROD-005,Jelly Beans,Sugar Shack,2025.55,500,1275.55,750.0
2927,ORD-2023-12927,2023-12-13,2023-12-17,Second Class,CUST-540,United States,City_3,State_1,14825,Chocolate,West,PROD-004,Peanut Butter Cups,Sugar Shack,663.99,76,435.99,228.0
2928,ORD-2023-12928,2023-02-05,2023-02-14,Standard Class,CUST-934,United States,City_20,State_19,97251,Candy,East,PROD-005,Jelly Beans,Secret Factory,156.21,40,96.21,60.0
2929,ORD-2023-12929,2023-11-04,2023-11-15,Standard Class,CUST-613,United States,City_37,State_19,62311,Chocolate,East,PROD-006,Dark Chocolate Truffles,Secret Factory,4793.02,362,2983.02,1810.0
2930,ORD-2023-12930,2023-12-16,2023-12-21,Standard Class,CUST-320,United States,City_48,State_15,46265,Chocolate,East,PROD-006,Dark Chocolate Truffles,Lot's O' Nuts,4587.62,464,2267.62,2320.0
2931,ORD-2023-12931,2023-06-06,2023-06-12,First Class,CUST-195,United States,City_33,State_14,76993,Nuts,East,PROD-007,Cashew Clusters,Secret Factory,2173.02,250,1173.02,1000.0
2932,ORD-2023-12932,2023-10-26,2023-10-28,Same Day,CUST-766,United States,City_25,State_18,29301,Candy,Central,PROD-008,Lollipops,Lot's O' Nuts,230.98,220,120.98,110.0
2933,ORD-2023-12933,2023-07-08,2023-07-13,Second Class,CUST-714,United States,City_38,State_12,12198,Nuts,Central,PROD-010,Pistachios,Lot's O' Nuts,1958.23,216,986.23,972.0
2934,ORD-2023-12934,2023-03-26,2023-04-02,First Class,CUST-337,United States,City_1,State_6,85268,Chocolate,East,PROD-009,Caramel Squares,The Other Factory,1910.39,369,877.19,1033.2
2935,ORD-2023-12935,2023-01-09,2023-01-10,First Class,CUST-592,United States,City_44,State_8,91676,Candy,South,PROD-003,Sour Worms,Secret Factory,426.23,171,203.93,222.3
2936,ORD-2023-12936,2023-02-04,2023-02-11,Second Class,CUST-168,United States,City_14,State_3,79721,Chocolate,West,PROD-009,Caramel Squares,Secret Factory,615.79,139,226.59,389.2
2937,ORD-2023-12937,2023-09-06,2023-09-10,First Class,CUST-349,United States,City_14,State_18,87434,Nuts,East,PROD-007,Cashew Clusters,Secret Factory,1453.97,167,785.97,668.0
2938,ORD-2023-12938,2023-03-27,2023-03-29,First Class,CUST-985,United States,City_20,State_5,10349,Candy,South,PROD-002,Gummy Bears,Sugar Shack,374.57,143,202.97,171.6
2939,ORD-2023-12939,2023-02-22,2023-02-22,First Class,CUST-864,United States,City_44,State_6,39613,Chocolate,Central,PROD-004,Peanut Butter Cups,Sugar Shack,156.33,18,102.33,54.0
2940,ORD-2023-12940,2023-02-12,2023-02-15,First Class,CUST-798,United States,City_45,State_14,64213,Chocolate,West,PROD-009,Caramel Squares,Secret Factory,2293.18,285,1495.18,798.0
2941,ORD-2023-12941,2023-02-18,2023-02-19,First Class,CUST-308,United States,City_24,State_3,76254,Candy,South,PROD-005,Jelly Beans,Secret Factory,279.63,114,108.63,171.0
2942,ORD-2023-12942,2023-09-21,2023-09-23,First Class,CUST-528,United States,City_50,State_11,80059,Chocolate,West,PROD-004,Peanut Butter Cups,Lot's O' Nuts,1081.42,201,478.42,603.0
2943,ORD-2023-12943,2023-11-23,2023-11-26,First Class,CUST-600,United States,City_36,State_20,52974,Candy,West,PROD-002,Gummy Bears,Sugar Shack,289.63,95,175.63,114.0
2944,ORD-2023-12944,2023-12-28,2024-01-03,First Class,CUST-177,United States,City_11,State_18,59166,Chocolate,East,PROD-006,Dark Chocolate Truffles,The Other Factory,5824.83,463,3509.83,2315.0
2945,ORD-2023-12945,2023-08-24,2023-08-27,Same Day,CUST-282,United States,City_14,State_18,36939,Chocolate,East,PROD-006,Dark Chocolate Truffles,Sugar Shack,2452.27,186,1522.27,930.0
2946,ORD-2023-12946,2023-09-30,2023-10-04,First Class,CUST-193,United States,City_36,State_2,17272,Candy,West,PROD-002,Gummy Bears,The Other Factory,1407.31,400,927.31,480.0
2947,ORD-2023-12947,2023-07-17,2023-07-24,First Class,CUST-820,United States,City_39,State_6,50862,Chocolate,East,PROD-004,Peanut Butter Cups,The Other Factory,600.6,106,282.6,318.0
2948,ORD-2023-12948,2023-05-04,2023-05-04,Same Day,CUST-960,United States,City_38,State_4,32726,Candy,Central,PROD-003,Sour Worms,Lot's O' Nuts,1440.65,400,920.65,520.0
2949,ORD-2023-12949,2023-08-30,2023-09-04,Second Class,CUST-192,United States,City_6,State_10,62635,Candy,Central,PROD-002,Gummy Bears,The Other Factory,1015.88,473,448.28,567.6
2950,ORD-2023-12950,2023-06-20,2023-06-23,Standard Class,CUST-471,United States,City_13,State_2,18227,Candy,West,PROD-002,Gummy Bears,Wicked Choccy's,1361.8,461,808.6,553.2
2951,ORD-2023-12951,2023-01-31,2023-02-05,Second Class,CUST-110,United States,City_29,State_15,79838,Chocolate,East,PROD-006,Dark Chocolate Truffles,Wicked Choccy's,4147.45,423,2032.45,2115.0
2952,ORD-2023-12952,2023-07-04,2023-07-04,Same Day,CUST-779,United States,City_50,State_11,51912,Candy,East,PROD-002,Gummy Bears,Lot's O' Nuts,903.39,324,514.59,388.8
2953,ORD-2023-12953,2023-06-06,2023-06-09,Second Class,CUST-410,United States,City_8,State_18,34086,Candy,South,PROD-008,Lollipops,Secret Factory,262.41,176,174.41,88.0
2954,ORD-2023-12954,2023-07-28,2023-08-07,Second Class,CUST-712,United States,City_18,State_11,30014,Nuts,East,PROD-010,Pistachios,The Other Factory,5337.89,490,3132.89,2205.0
2955,ORD-2023-12955,2023-11-13,2023-11-18,Standard Class,CUST-205,United States,City_2,State_14,23715,Nuts,Central,PROD-001,Chocolate Almonds,Secret Factory,3114.24,479,1916.74,1197.5
2956,ORD-2023-12956,2023-01-31,2023-02-11,Standard Class,CUST-960,United States,City_45,State_17,93420,Nuts,East,PROD-007,Cashew Clusters,Secret Factory,4924.55,468,3052.55,1872.0
2957,ORD-2023-12957,2023-03-05,2023-03-10,Second Class,CUST-527,United States,City_33,State_5,29915,Candy,Central,PROD-003,Sour Worms,Wicked Choccy's,649.77,217,367.67,282.1
2958,ORD-2023-12958,2023-03-29,2023-03-30,Same Day,CUST-955,United States,City_40,State_19,59998,Candy,Central,PROD-002,Gummy Bears,Secret Factory,1097.1,342,686.7,410.4
2959,ORD-2023-12959,2023-09-12,2023-09-15,First Class,CUST-825,United States,City_6,State_1,11457,Candy,West,PROD-003,Sour Worms,Lot's O' Nuts,1063.31,303,669.41,393.9
2960,ORD-2023-12960,2023-12-05,2023-12-11,Second Class,CUST-748,United States,City_23,State_16,26974,Chocolate,West,PROD-006,Dark Chocolate Truffles,The Other Factory,5135.3,419,3040.3,2095.0
2961,ORD-2023-12961,2023-12-27,2024-01-01,Standard Class,CUST-131,United States,City_3,State_15,45039,Candy,South,PROD-003,Sour Worms,The Other Factory,255.14,113,108.24,146.9
2962,ORD-2023-12962,2023-05-11,2023-05-14,Second Class,CUST-574,United States,City_8,State_5,89961,Chocolate,South,PROD-009,Caramel Squares,Sugar Shack,2111.59,422,929.99,1181.6
2963,ORD-2023-12963,2023-04-06,2023-04-09,First Class,CUST-145,United States,City_22,State_17,94216,Chocolate,Central,PROD-006,Dark Chocolate Truffles,Lot's O' Nuts,6066.07,471,3711.07,2355.0
2964,ORD-2023-12964,2023-07-14,2023-07-20,Standard Class,CUST-129,United States,City_12,State_6,44360,Nuts,South,PROD-001,Chocolate Almonds,Wicked Choccy's,154.56,32,74.56,80.0
2965,ORD-2023-12965,2023-09-02,2023-09-05,First Class,CUST-923,United States,City_26,State_20,54704,Nuts,Central,PROD-001,Chocolate Almonds,Secret Factory,783.62,144,423.62,360.0
2966,ORD-2023-12966,2023-02-12,2023-02-18,First Class,CUST-846,United States,City_38,State_17,53316,Nuts,East,PROD-001,Chocolate Almonds,The Other Factory,1882.1,334,1047.1,835.0
2967,ORD-2023-12967,2023-01-19,2023-01-23,Second Class,CUST-437,United States,City_41,State_12,66546,Nuts,Central,PROD-007,Cashew Clusters,Secret Factory,661.4,58,429.4,232.0
2968,ORD-2023-12968,2023-07-15,2023-07-17,Same Day,CUST-728,United States,City_40,State_8,19708,Candy,South,PROD-003,Sour Worms,Wicked Choccy's,519.83,187,276.73,243.1
2969,ORD-2023-12969,2023-11-28,2023-11-30,Same Day,CUST-241,United States,City_38,State_1,21558,Chocolate,East,PROD-004,Peanut Butter Cups,Secret Factory,636.2,75,411.2,225.0
2970,ORD-2023-12970,2023-05-24,2023-06-01,Standard Class,CUST-383,United States,City_43,State_15,20438,Candy,South,PROD-002,Gummy Bears,Wicked Choccy's,843.59,256,536.39,307.2
2971,ORD-2023-12971,2023-09-18,2023-09-25,Second Class,CUST-224,United States,City_49,State_9,78295,Nuts,East,PROD-010,Pistachios,The Other Factory,146.69,18,65.69,81.0
2972,ORD-2023-12972,2023-10-19,2023-10-23,Second Class,CUST-703,United States,City_46,State_4,44028,Nuts,West,PROD-010,Pistachios,Sugar Shack,1395.02,158,684.02,711.0
2973,ORD-2023-12973,2023-04-30,2023-05-05,First Class,CUST-674,United States,City_16,State_19,56977,Candy,East,PROD-008,Lollipops,The Other Factory,180.42,167,96.92,83.5
2974,ORD-2023-12974,2023-11-24,2023-11-28,Second Class,CUST-439,United States,City_47,State_8,26527,Candy,South,PROD-002,Gummy Bears,Secret Factory,124.49,38,78.89,45.6
2975,ORD-2023-12975,2023-09-19,2023-09-25,First Class,CUST-934,United States,City_41,State_17,64246,Nuts,East,PROD-007,Cashew Clusters,Secret Factory,3622.76,398,2030.76,1592.0
2976,ORD-2023-12976,2023-07-08,2023-07-14,Second Class,CUST-778,United States,City_35,State_6,30820,Chocolate,West,PROD-006,Dark Chocolate Truffles,Secret Factory,5065.46,406,3035.46,2030.0
2977,ORD-2023-12977,2023-09-27,2023-10-04,Standard Class,CUST-482,United States,City_14,State_2,67250,Chocolate,East,PROD-009,Caramel Squares,Wicked Choccy's,586.6,121,247.8,338.8
2978,ORD-2023-12978,2023-10-02,2023-10-04,Same Day,CUST-951,United States,City_28,State_16,63674,Chocolate,Central,PROD-009,Caramel Squares,The Other Factory,2082.55,382,1012.95,1069.6
2979,ORD-2023-12979,2023-05-23,2023-05-29,Same Day,CUST-324,United States,City_31,State_9,46795,Candy,East,PROD-008,Lollipops,The Other Factory,236.47,175,148.97,87.5
2980,ORD-2023-12980,2023-03-17,2023-03-19,First Class,CUST-751,United States,City_13,State_3,72596,Nuts,South,PROD-010,Pistachios,Sugar Shack,415.48,50,190.48,225.0
2981,ORD-2023-12981,2023-09-15,2023-09-18,Second Class,CUST-381,United States,City_35,State_15,46232,Chocolate,Central,PROD-006,Dark Chocolate Truffles,Sugar Shack,4478.52,368,2638.52,1840.0
2982,ORD-2023-12982,2023-12-17,2023-12-21,Same Day,CUST-260,United States,City_28,State_15,52366,Candy,Central,PROD-002,Gummy Bears,Lot's O' Nuts,1656.0,464,1099.2,556.8
2983,ORD-2023-12983,2023-05-12,2023-05-17,Same Day,CUST-727,United States,City_27,State_12,51719,Candy,South,PROD-002,Gummy Bears,Lot's O' Nuts,398.79,181,181.59,217.2
2984,ORD-2023-12984,2023-02-27,2023-03-01,First Class,CUST-642,United States,City_39,State_14,41140,Candy,South,PROD-002,Gummy Bears,Sugar Shack,815.88,323,428.28,387.6
2985,ORD-2023-12985,2023-09-16,2023-09-16,First Class,CUST-955,United States,City_8,State_13,35122,Nuts,West,PROD-001,Chocolate Almonds,Lot's O' Nuts,1899.82,428,829.82,1070.0
2986,ORD-2023-12986,2023-11-30,2023-12-02,Same Day,CUST-387,United States,City_10,State_5,78724,Nuts,Central,PROD-001,Chocolate Almonds,Lot's O' Nuts,1459.93,337,617.43,842.5
2987,ORD-2023-12987,2023-12-06,2023-12-11,First Class,CUST-490,United States,City_27,State_18,16398,Candy,West,PROD-005,Jelly Beans,The Other Factory,832.64,317,357.14,475.5
2988,ORD-2023-12988,2023-12-02,2023-12-05,Same Day,CUST-184,United States,City_41,State_17,14402,Nuts,Central,PROD-010,Pistachios,The Other Factory,2585.25,365,942.75,1642.5
2989,ORD-2023-12989,2023-06-03,2023-06-06,Second Class,CUST-958,United States,City_22,State_8,67492,Candy,West,PROD-005,Jelly Beans,Lot's O' Nuts,662.55,293,223.05,439.5
2990,ORD-2023-12990,2023-09-06,2023-09-09,Same Day,CUST-434,United States,City_17,State_9,64634,Chocolate,South,PROD-004,Peanut Butter Cups,Sugar Shack,546.74,63,357.74,189.0
2991,ORD-2023-12991,2023-07-21,2023-07-27,Second Class,CUST-547,United States,City_32,State_9,62808,Nuts,West,PROD-001,Chocolate Almonds,Sugar Shack,181.69,30,106.69,75.0
2992,ORD-2023-12992,2023-11-19,2023-11-27,Standard Class,CUST-504,United States,City_45,State_10,91795,Candy,West,PROD-003,Sour Worms,Secret Factory,614.03,180,380.03,234.0
2993,ORD-2023-12993,2023-12-30,2024-01-02,Second Class,CUST-457,United States,City_27,State_15,92121,Nuts,East,PROD-010,Pistachios,Lot's O' Nuts,3454.0,281,2189.5,1264.5
2994,ORD-2023-12994,2023-03-29,2023-04-05,Standard Class,CUST-465,United States,City_21,State_7,83017,Candy,Central,PROD-003,Sour Worms,The Other Factory,194.24,53,125.34,68.9
2995,ORD-2023-12995,2023-06-24,2023-06-27,Same Day,CUST-242,United States,City_6,State_6,60630,Chocolate,South,PROD-004,Peanut Butter Cups,Lot's O' Nuts,2714.63,457,1343.63,1371.0
2996,ORD-2023-12996,2023-11-07,2023-11-11,Second Class,CUST-756,United States,City_33,State_9,47823,Candy,Central,PROD-003,Sour Worms,Secret Factory,542.36,199,283.66,258.7
2997,ORD-2023-12997,2023-09-04,2023-09-13,Standard Class,CUST-782,United States,City_37,State_19,23114,Nuts,South,PROD-007,Cashew Clusters,Lot's O' Nuts,3506.26,435,1766.26,1740.0
2998,ORD-2023-12998,2023-09-05,2023-09-09,Same Day,CUST-256,United States,City_37,State_9,49182,Nuts,East,PROD-010,Pistachios,The Other Factory,1859.19,201,954.69,904.5
2999,ORD-2023-12999,2023-04-16,2023-04-18,First Class,CUST-382,United States,City_40,State_18,33310,Candy,West,PROD-002,Gummy Bears,Sugar Shack,701.12,354,276.32,424.8
3000,ORD-2023-13000,2023-05-20,2023-05-21,Same Day,CUST-458,United States,City_25,State_11,86329,Chocolate,Central,PROD-009,Caramel Squares,Wicked Choccy's,1426.16,235,768.16,658.0
3001,ORD-2023-13001,2023-06-16,2023-06-19,First Class,CUST-369,United States,City_42,State_7,93708,Nuts,East,PROD-001,Chocolate Almonds,Secret Factory,1067.52,165,655.02,412.5
3002,ORD-2023-13002,2023-12-03,2023-12-05,Same Day,CUST-980,United States,City_27,State_19,32901,Candy,South,PROD-005,Jelly Beans,Wicked Choccy's,649.54,262,256.54,393.0
3003,ORD-2023-13003,2023-09-07,2023-09-14,Standard Class,CUST-810,United States,City_16,State_10,24752,Candy,Central,PROD-003,Sour Worms,Lot's O' Nuts,823.71,217,541.61,282.1
3004,ORD-2023-13004,2023-08-27,2023-08-30,Same Day,CUST-779,United States,City_4,State_4,26130,Chocolate,Central,PROD-006,Dark Chocolate Truffles,Wicked Choccy's,1091.77,73,726.77,365.0
3005,ORD-2023-13005,2023-04-28,2023-04-30,Same Day,CUST-369,United States,City_16,State_3,96410,Chocolate,South,PROD-006,Dark Chocolate Truffles,Sugar Shack,3882.53,402,1872.53,2010.0
3006,ORD-2023-13006,2023-03-30,2023-04-02,Second Class,CUST-579,United States,City_33,State_11,62597,Candy,South,PROD-005,Jelly Beans,The Other Factory,830.45,190,545.45,285.0
3007,ORD-2023-13007,2023-05-19,2023-05-21,First Class,CUST-749,United States,City_32,State_10,22482,Candy,West,PROD-005,Jelly Beans,Lot's O' Nuts,1508.72,341,997.22,511.5
3008,ORD-2023-13008,2023-08-28,2023-08-30,First Class,CUST-421,United States,City_10,State_8,28948,Nuts,Central,PROD-007,Cashew Clusters,The Other Factory,1156.38,119,680.38,476.0
3009,ORD-2023-13009,2023-10-10,2023-10-12,First Class,CUST-790,United States,City_48,State_19,55090,Chocolate,Central,PROD-009,Caramel Squares,Sugar Shack,146.35,19,93.15,53.2
3010,ORD-2023-13010,2023-07-05,2023-07-07,Same Day,CUST-769,United States,City_27,State_13,15807,Candy,Central,PROD-008,Lollipops,The Other Factory,546.2,485,303.7,242.5
3011,ORD-2023-13011,2023-04-10,2023-04-17,Standard Class,CUST-318,United States,City_48,State_10,68201,Candy,Central,PROD-003,Sour Worms,The Other Factory,500.92,220,214.92,286.0
3012,ORD-2023-13012,2023-02-22,2023-02-26,Same Day,CUST-707,United States,City_29,State_4,43355,Nuts,East,PROD-001,Chocolate Almonds,Sugar Shack,724.73,138,379.73,345.0
3013,ORD-2023-13013,2023-05-29,2023-06-01,Second Class,CUST-830,United States,City_21,State_19,54570,Candy,South,PROD-008,Lollipops,The Other Factory,85.19,73,48.69,36.5
3014,ORD-2023-13014,2023-05-26,2023-05-29,Same Day,CUST-512,United States,City_3,State_4,70487,Nuts,West,PROD-001,Chocolate Almonds,The Other Factory,1285.41,200,785.41,500.0
3015,ORD-2023-13015,2023-01-10,2023-01-17,Standard Class,CUST-730,United States,City_44,State_1,96383,Nuts,South,PROD-001,Chocolate Almonds,Wicked Choccy's,268.3,49,145.8,122.5
3016,ORD-2023-13016,2023-07-16,2023-07-26,Standard Class,CUST-761,United States,City_18,State_19,14383,Nuts,South,PROD-001,Chocolate Almonds,Lot's O' Nuts,1444.99,245,832.49,612.5
3017,ORD-2023-13017,2023-09-28,2023-09-30,Second Class,CUST-200,United States,City_26,State_5,24397,Candy,South,PROD-008,Lollipops,The Other Factory,167.51,170,82.51,85.0
3018,ORD-2023-13018,2023-08-16,2023-08-17,Same Day,CUST-461,United States,City_13,State_14,73806,Chocolate,West,PROD-006,Dark Chocolate Truffles,The Other Factory,2703.93,215,1628.93,1075.0
3019,ORD-2023-13019,2023-01-24,2023-01-24,Same Day,CUST-231,United States,City_9,State_18,80560,Chocolate,Central,PROD-004,Peanut Butter Cups,Sugar Shack,1237.62,260,457.62,780.0
3020,ORD-2023-13020,2023-04-29,2023-05-05,Second Class,CUST-209,United States,City_49,State_7,90228,Chocolate,East,PROD-004,Peanut Butter Cups,Sugar Shack,2542.82,420,1282.82,1260.0
3021,ORD-2023-13021,2023-01-25,2023-02-01,Second Class,CUST-977,United States,City_20,State_6,74552,Nuts,Central,PROD-001,Chocolate Almonds,Lot's O' Nuts,1756.21,319,958.71,797.5
3022,ORD-2023-13022,2023-07-27,2023-07-31,Same Day,CUST-330,United States,City_21,State_16,84419,Candy,West,PROD-005,Jelly Beans,The Other Factory,1674.46,445,1006.96,667.5
3023,ORD-2023-13023,2023-09-24,2023-09-29,First Class,CUST-886,United States,City_43,State_1,97057,Nuts,East,PROD-007,Cashew Clusters,Secret Factory,150.7,21,66.7,84.0
3024,ORD-2023-13024,2023-11-18,2023-11-23,First Class,CUST-674,United States,City_10,State_13,13301,Nuts,West,PROD-001,Chocolate Almonds,Secret Factory,1610.74,233,1028.24,582.5
3025,ORD-2023-13025,2023-12-09,2023-12-11,Second Class,CUST-846,United States,City_31,State_19,44657,Chocolate,Central,PROD-009,Caramel Squares,Wicked Choccy's,1153.64,222,532.04,621.6
3026,ORD-2023-13026,2023-10-26,2023-10-28,Same Day,CUST-229,United States,City_44,State_5,35706,Candy,South,PROD-002,Gummy Bears,Wicked Choccy's,123.43,63,47.83,75.6
3027,ORD-2023-13027,2023-06-15,2023-06-21,Second Class,CUST-486,United States,City_6,State_4,86753,Candy,Central,PROD-003,Sour Worms,Lot's O' Nuts,1023.86,453,434.96,588.9
3028,ORD-2023-13028,2023-11-13,2023-11-18,First Class,CUST-876,United States,City_49,State_11,69179,Candy,West,PROD-008,Lollipops,The Other Factory,442.78,452,216.78,226.0
3029,ORD-2023-13029,2023-12-25,2023-12-26,First Class,CUST-802,United States,City_21,State_9,47540,Candy,South,PROD-005,Jelly Beans,Sugar Shack,316.18,119,137.68,178.5
3030,ORD-2023-13030,2023-02-13,2023-02-14,First Class,CUST-560,United States,City_13,State_17,12397,Candy,East,PROD-002,Gummy Bears,Lot's O' Nuts,296.03,119,153.23,142.8
3031,ORD-2023-13031,2023-10-10,2023-10-12,Second Class,CUST-652,United States,City_7,State_19,38362,Chocolate,East,PROD-006,Dark Chocolate Truffles,Wicked Choccy's,5339.74,432,3179.74,2160.0
3032,ORD-2023-13032,2023-10-02,2023-10-07,Standard Class,CUST-982,United States,City_32,State_3,44101,Candy,Central,PROD-008,Lollipops,Secret Factory,580.73,408,376.73,204.0
3033,ORD-2023-13033,2023-02-08,2023-02-13,Standard Class,CUST-349,United States,City_13,State_8,52420,Nuts,West,PROD-007,Cashew Clusters,Wicked Choccy's,1425.89,143,853.89,572.0
3034,ORD-2023-13034,2023-04-05,2023-04-09,Standard Class,CUST-312,United States,City_25,State_1,35637,Candy,East,PROD-005,Jelly Beans,Lot's O' Nuts,620.73,236,266.73,354.0
3035,ORD-2023-13035,2023-05-30,2023-05-31,Same Day,CUST-147,United States,City_47,State_19,11385,Nuts,South,PROD-001,Chocolate Almonds,The Other Factory,1781.54,249,1159.04,622.5
3036,ORD-2023-13036,2023-10-06,2023-10-11,Standard Class,CUST-486,United States,City_10,State_20,58912,Nuts,South,PROD-007,Cashew Clusters,Secret Factory,1395.53,131,871.53,524.0
3037,ORD-2023-13037,2023-12-19,2023-12-19,Same Day,CUST-526,United States,City_12,State_4,75403,Nuts,South,PROD-001,Chocolate Almonds,Secret Factory,1754.38,439,656.88,1097.5
3038,ORD-2023-13038,2023-10-15,2023-10-18,Same Day,CUST-205,United States,City_33,State_13,85275,Candy,Central,PROD-003,Sour Worms,Lot's O' Nuts,113.07,35,67.57,45.5
3039,ORD-2023-13039,2023-07-18,2023-07-21,Second Class,CUST-436,United States,City_26,State_9,90577,Chocolate,West,PROD-004,Peanut Butter Cups,Lot's O' Nuts,2580.47,442,1254.47,1326.0
3040,ORD-2023-13040,2023-10-29,2023-11-04,Standard Class,CUST-137,United States,City_21,State_8,89852,Nuts,Central,PROD-007,Cashew Clusters,Secret Factory,2099.46,323,807.46,1292.0
3041,ORD-2023-13041,2023-10-17,2023-10-24,Standard Class,CUST-598,United States,City_42,State_1,40076,Nuts,Central,PROD-001,Chocolate Almonds,Secret Factory,2423.44,378,1478.44,945.0
3042,ORD-2023-13042,2023-12-28,2024-01-03,Standard Class,CUST-154,United States,City_8,State_18,19063,Candy,Central,PROD-005,Jelly Beans,Wicked Choccy's,1028.13,315,555.63,472.5
3043,ORD-2023-13043,2023-07-23,2023-07-31,Second Class,CUST-500,United States,City_30,State_1,70603,Chocolate,East,PROD-006,Dark Chocolate Truffles,The Other Factory,2467.16,288,1027.16,1440.0
3044,ORD-2023-13044,2023-05-07,2023-05-09,First Class,CUST-752,United States,City_26,State_5,54686,Candy,East,PROD-005,Jelly Beans,Wicked Choccy's,158.24,44,92.24,66.0
3045,ORD-2023-13045,2023-03-31,2023-04-08,Second Class,CUST-852,United States,City_49,State_1,82142,Candy,East,PROD-003,Sour Worms,Secret Factory,185.97,67,98.87,87.1
3046,ORD-2023-13046,2023-09-21,2023-09-21,First Class,CUST-963,United States,City_39,State_8,36081,Chocolate,Central,PROD-009,Caramel Squares,Secret Factory,71.92,15,29.92,42.0
3047,ORD-2023-13047,2023-04-09,2023-04-15,First Class,CUST-754,United States,City_6,State_1,63510,Chocolate,West,PROD-006,Dark Chocolate Truffles,The Other Factory,4952.04,359,3157.04,1795.0
3048,ORD-2023-13048,2023-02-13,2023-02-16,First Class,CUST-359,United States,City_25,State_19,38530,Chocolate,West,PROD-006,Dark Chocolate Truffles,Secret Factory,2508.24,255,1233.24,1275.0
3049,ORD-2023-13049,2023-02-11,2023-02-14,Second Class,CUST-927,United States,City_49,State_3,29731,Chocolate,East,PROD-006,Dark Chocolate Truffles,Lot's O' Nuts,1295.77,165,470.77,825.0
3050,ORD-2023-13050,2023-10-20,2023-10-26,Standard Class,CUST-750,United States,City_38,State_16,84221,Chocolate,West,PROD-009,Caramel Squares,Wicked Choccy's,1028.19,179,526.99,501.2
3051,ORD-2023-13051,2023-11-05,2023-11-06,First Class,CUST-604,United States,City_6,State_16,13516,Nuts,West,PROD-010,Pistachios,Lot's O' Nuts,1796.79,242,707.79,1089.0
3052,ORD-2023-13052,2023-09-14,2023-09-16,Same Day,CUST-686,United States,City_20,State_3,26982,Chocolate,Central,PROD-004,Peanut Butter Cups,Lot's O' Nuts,2068.74,241,1345.74,723.0
3053,ORD-2023-13053,2023-02-17,2023-02-22,First Class,CUST-928,United States,City_15,State_18,87410,Candy,East,PROD-005,Jelly Beans,Secret Factory,592.22,210,277.22,315.0
3054,ORD-2023-13054,2023-07-17,2023-07-17,Same Day,CUST-874,United States,City_36,State_15,62915,Chocolate,West,PROD-006,Dark Chocolate Truffles,Wicked Choccy's,2794.69,296,1314.69,1480.0
3055,ORD-2023-13055,2023-01-05,2023-01-11,Standard Class,CUST-417,United States,City_21,State_19,69643,Candy,South,PROD-008,Lollipops,Secret Factory,199.65,208,95.65,104.0
3056,ORD-2023-13056,2023-01-23,2023-01-29,Second Class,CUST-370,United States,City_38,State_14,69138,Chocolate,South,PROD-004,Peanut Butter Cups,Lot's O' Nuts,695.03,126,317.03,378.0
3057,ORD-2023-13057,2023-03-01,2023-03-02,First Class,CUST-655,United States,City_18,State_18,15660,Chocolate,Central,PROD-006,Dark Chocolate Truffles,Secret Factory,3068.49,409,1023.49,2045.0
3058,ORD-2023-13058,2023-03-01,2023-03-05,Second Class,CUST-452,United States,City_25,State_1,54683,Nuts,South,PROD-010,Pistachios,Sugar Shack,2116.89,287,825.39,1291.5
3059,ORD-2023-13059,2023-08-21,2023-08-27,Standard Class,CUST-697,United States,City_24,State_19,49176,Candy,South,PROD-005,Jelly Beans,Wicked Choccy's,1257.18,314,786.18,471.0
3060,ORD-2023-13060,2023-02-25,2023-03-06,Standard Class,CUST-689,United States,City_31,State_13,50196,Candy,East,PROD-008,Lollipops,Secret Factory,40.07,36,22.07,18.0
3061,ORD-2023-13061,2023-08-03,2023-08-04,First Class,CUST-624,United States,City_37,State_15,29883,Candy,Central,PROD-008,Lollipops,Sugar Shack,201.66,184,109.66,92.0
3062,ORD-2023-13062,2023-09-17,2023-09-20,First Class,CUST-796,United States,City_2,State_7,86017,Candy,West,PROD-003,Sour Worms,Secret Factory,450.14,182,213.54,236.6
3063,ORD-2023-13063,2023-09-28,2023-09-30,Same Day,CUST-526,United States,City_1,State_14,59670,Nuts,Central,PROD-001,Chocolate Almonds,The Other Factory,2271.17,449,1148.67,1122.5
3064,ORD-2023-13064,2023-02-04,2023-02-07,Same Day,CUST-519,United States,City_36,State_16,14426,Nuts,West,PROD-010,Pistachios,The Other Factory,1240.97,121,696.47,544.5
3065,ORD-2023-13065,2023-08-13,2023-08-13,Same Day,CUST-141,United States,City_49,State_7,84645,Nuts,South,PROD-010,Pistachios,Secret Factory,2922.71,315,1505.21,1417.5
3066,ORD-2023-13066,2023-04-25,2023-04-28,Same Day,CUST-288,United States,City_48,State_15,19143,Nuts,West,PROD-010,Pistachios,Secret Factory,2616.75,264,1428.75,1188.0
3067,ORD-2023-13067,2023-07-03,2023-07-12,Second Class,CUST-711,United States,City_27,State_6,34567,Candy,South,PROD-002,Gummy Bears,Lot's O' Nuts,148.48,73,60.88,87.6
3068,ORD-2023-13068,2023-04-14,2023-04-18,First Class,CUST-800,United States,City_50,State_8,16800,Nuts,West,PROD-001,Chocolate Almonds,Secret Factory,429.6,93,197.1,232.5
3069,ORD-2023-13069,2023-05-24,2023-05-25,First Class,CUST-510,United States,City_46,State_1,59525,Candy,West,PROD-003,Sour Worms,Wicked Choccy's,406.77,204,141.57,265.2
3070,ORD-2023-13070,2023-07-24,2023-07-31,Standard Class,CUST-233,United States,City_13,State_11,67363,Nuts,West,PROD-010,Pistachios,Sugar Shack,2929.8,323,1476.3,1453.5
3071,ORD-2023-13071,2023-11-03,2023-11-06,Second Class,CUST-617,United States,City_22,State_8,73228,Chocolate,Central,PROD-009,Caramel Squares,Secret Factory,760.19,166,295.39,464.8
3072,ORD-2023-13072,2023-05-10,2023-05-17,First Class,CUST-669,United States,City_22,State_10,79692,Nuts,South,PROD-001,Chocolate Almonds,Lot's O' Nuts,1987.14,281,1284.64,702.5
3073,ORD-2023-13073,2023-03-01,2023-03-07,Standard Class,CUST-883,United States,City_34,State_1,43544,Candy,West,PROD-008,Lollipops,Sugar Shack,374.49,306,221.49,153.0
3074,ORD-2023-13074,2023-03-15,2023-03-17,First Class,CUST-431,United States,City_16,State_15,63765,Candy,Central,PROD-003,Sour Worms,Sugar Shack,987.49,281,622.19,365.3
3075,ORD-2023-13075,2023-01-16,2023-01-17,First Class,CUST-534,United States,City_36,State_17,93563,Candy,Central,PROD-005,Jelly Beans,Wicked Choccy's,893.4,255,510.9,382.5
3076,ORD-2023-13076,2023-12-14,2023-12-22,Standard Class,CUST-839,United States,City_38,State_5,32122,Candy,South,PROD-008,Lollipops,The Other Factory,79.72,102,28.72,51.0
3077,ORD-2023-13077,2023-01-18,2023-01-20,Same Day,CUST-736,United States,City_46,State_11,83424,Candy,East,PROD-002,Gummy Bears,Wicked Choccy's,1610.25,471,1045.05,565.2
3078,ORD-2023-13078,2023-10-04,2023-10-10,Second Class,CUST-637,United States,City_50,State_16,30903,Nuts,West,PROD-007,Cashew Clusters,Secret Factory,3753.54,425,2053.54,1700.0
3079,ORD-2023-13079,2023-05-09,2023-05-17,Standard Class,CUST-417,United States,City_37,State_12,63568,Chocolate,West,PROD-009,Caramel Squares,Secret Factory,2041.84,420,865.84,1176.0
3080,ORD-2023-13080,2023-12-08,2023-12-13,Same Day,CUST-407,United States,City_8,State_14,11093,Candy,East,PROD-003,Sour Worms,The Other Factory,828.07,305,431.57,396.5
3081,ORD-2023-13081,2023-08-30,2023-09-05,Standard Class,CUST-180,United States,City_45,State_2,33435,Chocolate,West,PROD-004,Peanut Butter Cups,Wicked Choccy's,55.05,12,19.05,36.0
3082,ORD-2023-13082,2023-12-17,2023-12-19,First Class,CUST-121,United States,City_10,State_6,95994,Chocolate,Central,PROD-009,Caramel Squares,Secret Factory,241.51,50,101.51,140.0
3083,ORD-2023-13083,2023-06-02,2023-06-05,First Class,CUST-168,United States,City_26,State_9,79445,Nuts,South,PROD-001,Chocolate Almonds,Lot's O' Nuts,1438.43,197,945.93,492.5
3084,ORD-2023-13084,2023-01-29,2023-02-06,Standard Class,CUST-515,United States,City_27,State_5,71140,Candy,West,PROD-008,Lollipops,The Other Factory,642.88,454,415.88,227.0
3085,ORD-2023-13085,2023-03-29,2023-03-29,First Class,CUST-684,United States,City_29,State_9,46146,Chocolate,East,PROD-006,Dark Chocolate Truffles,Lot's O' Nuts,2735.74,217,1650.74,1085.0
3086,ORD-2023-13086,2023-01-29,2023-01-30,Same Day,CUST-885,United States,City_22,State_10,81152,Candy,West,PROD-003,Sour Worms,Lot's O' Nuts,766.05,256,433.25,332.8
3087,ORD-2023-13087,2023-09-17,2023-09-19,First Class,CUST-343,United States,City_45,State_18,38333,Chocolate,East,PROD-004,Peanut Butter Cups,Wicked Choccy's,3340.01,497,1849.01,1491.0
3088,ORD-2023-13088,2023-01-26,2023-02-02,Same Day,CUST-365,United States,City_22,State_15,87911,Nuts,East,PROD-007,Cashew Clusters,The Other Factory,2721.99,417,1053.99,1668.0
3089,ORD-2023-13089,2023-09-06,2023-09-06,Same Day,CUST-779,United States,City_35,State_11,75557,Candy,West,PROD-003,Sour Worms,Wicked Choccy's,118.67,48,56.27,62.4
3090,ORD-2023-13090,2023-02-18,2023-02-24,Standard Class,CUST-209,United States,City_37,State_14,75057,Candy,South,PROD-002,Gummy Bears,The Other Factory,368.42,196,133.22,235.2
3091,ORD-2023-13091,2023-11-13,2023-11-19,Standard Class,CUST-685,United States,City_9,State_2,25618,Nuts,West,PROD-010,Pistachios,Secret Factory,692.75,76,350.75,342.0
3092,ORD-2023-13092,2023-05-02,2023-05-07,Second Class,CUST-678,United States,City_29,State_1,45212,Chocolate,Central,PROD-009,Caramel Squares,Wicked Choccy's,902.3,126,549.5,352.8
3093,ORD-2023-13093,2023-09-16,2023-09-19,First Class,CUST-205,United States,City_22,State_18,92789,Nuts,South,PROD-010,Pistachios,Wicked Choccy's,989.5,92,575.5,414.0
3094,ORD-2023-13094,2023-08-08,2023-08-16,Standard Class,CUST-718,United States,City_42,State_15,20915,Chocolate,East,PROD-006,Dark Chocolate Truffles,Sugar Shack,4005.42,441,1800.42,2205.0
3095,ORD-2023-13095,2023-08-27,2023-09-04,Standard Class,CUST-570,United States,City_20,State_4,50602,Candy,West,PROD-005,Jelly Beans,The Other Factory,745.47,181,473.97,271.5
3096,ORD-2023-13096,2023-10-26,2023-10-31,Second Class,CUST-233,United States,City_23,State_20,20450,Candy,South,PROD-003,Sour Worms,Sugar Shack,496.98,220,210.98,286.0
3097,ORD-2023-13097,2023-04-02,2023-04-12,Standard Class,CUST-910,United States,City_31,State_15,40885,Chocolate,West,PROD-009,Caramel Squares,The Other Factory,1131.74,163,675.34,456.4
3098,ORD-2023-13098,2023-05-13,2023-05-16,Second Class,CUST-413,United States,City_13,State_11,49885,Nuts,South,PROD-007,Cashew Clusters,Secret Factory,1157.91,162,509.91,648.0
3099,ORD-2023-13099,2023-11-06,2023-11-08,Second Class,CUST-587,United States,City_8,State_11,63228,Nuts,South,PROD-010,Pistachios,Secret Factory,4208.66,453,2170.16,2038.5
3100,ORD-2023-13100,2023-11-11,2023-11-16,Second Class,CUST-881,United States,City_15,State_9,79984,Candy,East,PROD-005,Jelly Beans,Wicked Choccy's,1689.99,478,972.99,717.0
3101,ORD-2023-13101,2023-08-30,2023-08-31,First Class,CUST-151,United States,City_41,State_1,16532,Nuts,West,PROD-001,Chocolate Almonds,Sugar Shack,2146.1,307,1378.6,767.5
3102,ORD-2023-13102,2023-08-03,2023-08-11,Standard Class,CUST-333,United States,City_31,State_14,26704,Nuts,East,PROD-010,Pistachios,Sugar Shack,3355.03,367,1703.53,1651.5
3103,ORD-2023-13103,2023-12-22,2023-12-26,Same Day,CUST-953,United States,City_9,State_5,57968,Candy,South,PROD-005,Jelly Beans,Wicked Choccy's,1807.55,408,1195.55,612.0
3104,ORD-2023-13104,2023-04-24,2023-05-04,Standard Class,CUST-336,United States,City_4,State_20,21079,Candy,West,PROD-005,Jelly Beans,The Other Factory,886.04,221,554.54,331.5
3105,ORD-2023-13105,2023-03-17,2023-03-17,First Class,CUST-827,United States,City_8,State_15,34162,Candy,East,PROD-005,Jelly Beans,Lot's O' Nuts,692.88,248,320.88,372.0
3106,ORD-2023-13106,2023-05-13,2023-05-19,Standard Class,CUST-436,United States,City_27,State_19,11670,Candy,Central,PROD-003,Sour Worms,Secret Factory,997.54,261,658.24,339.3
3107,ORD-2023-13107,2023-11-09,2023-11-13,Second Class,CUST-437,United States,City_40,State_17,45769,Nuts,Central,PROD-001,Chocolate Almonds,Lot's O' Nuts,1916.7,418,871.7,1045.0
3108,ORD-2023-13108,2023-10-22,2023-10-27,Second Class,CUST-954,United States,City_49,State_11,90800,Candy,West,PROD-008,Lollipops,Sugar Shack,349.99,285,207.49,142.5
3109,ORD-2023-13109,2023-02-12,2023-02-12,Same Day,CUST-709,United States,City_2,State_6,31779,Nuts,South,PROD-007,Cashew Clusters,Secret Factory,1424.08,190,664.08,760.0
3110,ORD-2023-13110,2023-05-01,2023-05-01,Same Day,CUST-143,United States,City_47,State_7,28776,Nuts,Central,PROD-007,Cashew Clusters,Wicked Choccy's,1716.48,216,852.48,864.0
3111,ORD-2023-13111,2023-12-27,2024-01-05,Standard Class,CUST-407,United States,City_30,State_14,18854,Nuts,East,PROD-010,Pistachios,The Other Factory,2386.98,335,879.48,1507.5
3112,ORD-2023-13112,2023-09-15,2023-09-16,Same Day,CUST-855,United States,City_46,State_11,51693,Candy,West,PROD-005,Jelly Beans,Sugar Shack,730.91,260,340.91,390.0
3113,ORD-2023-13113,2023-11-25,2023-11-30,Second Class,CUST-734,United States,City_32,State_20,28823,Candy,Central,PROD-005,Jelly Beans,Lot's O' Nuts,346.76,137,141.26,205.5
3114,ORD-2023-13114,2023-05-18,2023-05-18,First Class,CUST-736,United States,City_13,State_10,40303,Nuts,South,PROD-001,Chocolate Almonds,Secret Factory,2910.1,494,1675.1,1235.0
3115,ORD-2023-13115,2023-06-13,2023-06-18,First Class,CUST-896,United States,City_43,State_19,34015,Nuts,East,PROD-010,Pistachios,Secret Factory,3656.94,447,1645.44,2011.5
3116,ORD-2023-13116,2023-06-21,2023-06-27,Second Class,CUST-947,United States,City_33,State_4,39008,Chocolate,South,PROD-006,Dark Chocolate Truffles,Wicked Choccy's,2183.59,243,968.59,1215.0
3117,ORD-2023-13117,2023-05-22,2023-05-29,Second Class,CUST-958,United States,City_44,State_7,16615,Chocolate,South,PROD-004,Peanut Butter Cups,Lot's O' Nuts,1033.8,184,481.8,552.0
3118,ORD-2023-13118,2023-02-21,2023-02-24,First Class,CUST-400,United States,City_49,State_16,43226,Candy,South,PROD-003,Sour Worms,Wicked Choccy's,1015.93,442,441.33,574.6
3119,ORD-2023-13119,2024-01-01,2024-01-08,Second Class,CUST-156,United States,City_16,State_8,55461,Nuts,Central,PROD-001,Chocolate Almonds,The Other Factory,2346.58,429,1274.08,1072.5
3120,ORD-2023-13120,2023-01-25,2023-01-29,Same Day,CUST-235,United States,City_21,State_4,13714,Nuts,East,PROD-001,Chocolate Almonds,Sugar Shack,346.47,74,161.47,185.0
3121,ORD-2023-13121,2023-06-16,2023-06-19,First Class,CUST-155,United States,City_38,State_9,93106,Candy,Central,PROD-008,Lollipops,Lot's O' Nuts,394.62,283,253.12,141.5
3122,ORD-2023-13122,2023-11-28,2023-12-01,Second Class,CUST-406,United States,City_22,State_13,50048,Nuts,West,PROD-001,Chocolate Almonds,Sugar Shack,2707.76,428,1637.76,1070.0
3123,ORD-2023-13123,2023-07-10,2023-07-12,First Class,CUST-428,United States,City_15,State_17,14665,Candy,West,PROD-002,Gummy Bears,Lot's O' Nuts,877.04,448,339.44,537.6
3124,ORD-2023-13124,2023-05-08,2023-05-18,Standard Class,CUST-453,United States,City_2,State_12,39257,Candy,East,PROD-008,Lollipops,The Other Factory,639.15,431,423.65,215.5
3125,ORD-2023-13125,2023-11-12,2023-11-19,Standard Class,CUST-212,United States,City_22,State_16,51164,Candy,Central,PROD-005,Jelly Beans,The Other Factory,1581.6,375,1019.1,562.5
3126,ORD-2023-13126,2023-08-10,2023-08-15,Same Day,CUST-627,United States,City_41,State_5,46394,Chocolate,East,PROD-006,Dark Chocolate Truffles,Secret Factory,3857.98,418,1767.98,2090.0
3127,ORD-2023-13127,2023-03-03,2023-03-03,Same Day,CUST-965,United States,City_5,State_18,96131,Nuts,East,PROD-007,Cashew Clusters,Wicked Choccy's,3309.07,391,1745.07,1564.0
3128,ORD-2023-13128,2023-03-09,2023-03-14,First Class,CUST-100,United States,City_30,State_14,19588,Chocolate,West,PROD-006,Dark Chocolate Truffles,Secret Factory,196.77,14,126.77,70.0
3129,ORD-2023-13129,2023-01-29,2023-02-04,Second Class,CUST-775,United States,City_25,State_17,56989,Chocolate,Central,PROD-006,Dark Chocolate Truffles,Lot's O' Nuts,2049.07,170,1199.07,850.0
3130,ORD-2023-13130,2023-02-09,2023-02-10,Same Day,CUST-320,United States,City_45,State_14,13142,Nuts,South,PROD-007,Cashew Clusters,The Other Factory,1185.09,166,521.09,664.0
3131,ORD-2023-13131,2023-01-23,2023-01-27,Standard Class,CUST-883,United States,City_49,State_14,22589,Chocolate,East,PROD-009,Caramel Squares,Lot's O' Nuts,402.46,50,262.46,140.0
3132,ORD-2023-13132,2023-09-20,2023-09-20,Same Day,CUST-200,United States,City_35,State_20,37148,Nuts,West,PROD-001,Chocolate Almonds,Wicked Choccy's,1564.62,278,869.62,695.0
3133,ORD-2023-13133,2023-07-17,2023-07-21,Standard Class,CUST-635,United States,City_8,State_14,76618,Nuts,South,PROD-001,Chocolate Almonds,Sugar Shack,2284.15,490,1059.15,1225.0
3134,ORD-2023-13134,2023-09-28,2023-10-07,Standard Class,CUST-530,United States,City_39,State_2,55943,Candy,Central,PROD-008,Lollipops,The Other Factory,540.9,428,326.9,214.0
3135,ORD-2023-13135,2023-07-24,2023-07-26,First Class,CUST-876,United States,City_11,State_13,72735,Nuts,South,PROD-001,Chocolate Almonds,The Other Factory,2323.53,398,1328.53,995.0
3136,ORD-2023-13136,2023-09-03,2023-09-14,Standard Class,CUST-599,United States,City_11,State_1,93665,Candy,East,PROD-003,Sour Worms,The Other Factory,1118.16,496,473.36,644.8
3137,ORD-2023-13137,2023-03-21,2023-03-24,Same Day,CUST-315,United States,City_23,State_14,47056,Chocolate,Central,PROD-009,Caramel Squares,Lot's O' Nuts,1668.75,333,736.35,932.4
3138,ORD-2023-13138,2023-10-01,2023-10-07,Standard Class,CUST-509,United States,City_39,State_15,78213,Nuts,West,PROD-001,Chocolate Almonds,Secret Factory,484.18,123,176.68,307.5
3139,ORD-2023-13139,2023-11-25,2023-12-03,Standard Class,CUST-390,United States,City_39,State_18,36793,Nuts,Central,PROD-010,Pistachios,The Other Factory,1272.61,140,642.61,630.0
3140,ORD-2023-13140,2023-07-18,2023-07-23,First Class,CUST-136,United States,City_28,State_13,79055,Nuts,East,PROD-007,Cashew Clusters,Secret Factory,1940.64,256,916.64,1024.0
3141,ORD-2023-13141,2023-02-05,2023-02-06,First Class,CUST-881,United States,City_32,State_4,21010,Chocolate,South,PROD-009,Caramel Squares,Secret Factory,2976.87,454,1705.67,1271.2
3142,ORD-2023-13142,2023-01-24,2023-01-24,Same Day,CUST-914,United States,City_24,State_13,37161,Nuts,Central,PROD-007,Cashew Clusters,Sugar Shack,1892.46,189,1136.46,756.0
3143,ORD-2023-13143,2023-11-17,2023-11-23,Standard Class,CUST-702,United States,City_10,State_1,14243,Candy,East,PROD-005,Jelly Beans,Wicked Choccy's,1116.94,345,599.44,517.5
3144,ORD-2023-13144,2023-06-19,2023-06-19,Same Day,CUST-345,United States,City_50,State_16,72497,Candy,Central,PROD-003,Sour Worms,Sugar Shack,1390.0,398,872.6,517.4
3145,ORD-2023-13145,2023-02-20,2023-02-24,Second Class,CUST-670,United States,City_31,State_4,87581,Candy,East,PROD-008,Lollipops,Wicked Choccy's,227.63,203,126.13,101.5
3146,ORD-2023-13146,2023-05-25,2023-05-30,First Class,CUST-257,United States,City_1,State_4,28818,Candy,East,PROD-003,Sour Worms,Secret Factory,837.22,290,460.22,377.0
3147,ORD-2023-13147,2023-05-29,2023-05-30,First Class,CUST-773,United States,City_4,State_11,48769,Candy,West,PROD-005,Jelly Beans,Lot's O' Nuts,541.05,182,268.05,273.0
3148,ORD-2023-13148,2023-10-18,2023-10-20,Second Class,CUST-746,United States,City_30,State_8,78213,Nuts,East,PROD-010,Pistachios,Lot's O' Nuts,4473.34,443,2479.84,1993.5
3149,ORD-2023-13149,2023-07-13,2023-07-16,First Class,CUST-113,United States,City_13,State_10,42601,Chocolate,West,PROD-009,Caramel Squares,Secret Factory,344.87,59,179.67,165.2
3150,ORD-2023-13150,2023-01-16,2023-01-21,Standard Class,CUST-328,United States,City_21,State_6,90620,Chocolate,East,PROD-009,Caramel Squares,Wicked Choccy's,1391.87,307,532.27,859.6
3151,ORD-2023-13151,2023-09-09,2023-09-19,Standard Class,CUST-384,United States,City_7,State_15,84467,Candy,West,PROD-005,Jelly Beans,The Other Factory,1616.43,364,1070.43,546.0
3152,ORD-2023-13152,2023-07-31,2023-08-02,First Class,CUST-624,United States,City_40,State_16,35513,Nuts,Central,PROD-010,Pistachios,Secret Factory,3708.75,396,1926.75,1782.0
3153,ORD-2023-13153,2023-03-16,2023-03-20,Second Class,CUST-896,United States,City_21,State_13,17298,Chocolate,South,PROD-006,Dark Chocolate Truffles,Lot's O' Nuts,1576.85,182,666.85,910.0
3154,ORD-2023-13154,2023-01-20,2023-01-22,Second Class,CUST-393,United States,City_3,State_12,60101,Nuts,West,PROD-001,Chocolate Almonds,Wicked Choccy's,348.97,76,158.97,190.0
3155,ORD-2023-13155,2023-07-04,2023-07-10,Second Class,CUST-631,United States,City_37,State_2,44392,Candy,East,PROD-008,Lollipops,Secret Factory,62.22,50,37.22,25.0
3156,ORD-2023-13156,2023-06-22,2023-06-29,Standard Class,CUST-541,United States,City_3,State_18,25041,Candy,West,PROD-002,Gummy Bears,The Other Factory,114.44,45,60.44,54.0
3157,ORD-2023-13157,2023-09-27,2023-09-27,Same Day,CUST-382,United States,City_32,State_20,14409,Candy,West,PROD-003,Sour Worms,Wicked Choccy's,739.28,293,358.38,380.9
3158,ORD-2023-13158,2023-08-02,2023-08-06,Second Class,CUST-585,United States,City_26,State_20,52330,Nuts,South,PROD-010,Pistachios,The Other Factory,465.56,52,231.56,234.0
3159,ORD-2023-13159,2023-03-21,2023-03-23,First Class,CUST-918,United States,City_17,State_18,29552,Chocolate,Central,PROD-009,Caramel Squares,Sugar Shack,81.73,17,34.13,47.6
3160,ORD-2023-13160,2023-02-06,2023-02-10,Second Class,CUST-340,United States,City_30,State_3,49348,Candy,South,PROD-005,Jelly Beans,The Other Factory,567.5,135,365.0,202.5
3161,ORD-2023-13161,2023-02-26,2023-03-03,Standard Class,CUST-812,United States,City_10,State_13,99003,Chocolate,West,PROD-006,Dark Chocolate Truffles,Lot's O' Nuts,5484.36,477,3099.36,2385.0
3162,ORD-2023-13162,2023-03-04,2023-03-11,First Class,CUST-785,United States,City_37,State_14,10839,Nuts,East,PROD-007,Cashew Clusters,The Other Factory,3372.91,319,2096.91,1276.0
3163,ORD-2023-13163,2023-08-21,2023-08-21,First Class,CUST-194,United States,City_33,State_19,26271,Nuts,East,PROD-007,Cashew Clusters,Lot's O' Nuts,5197.8,486,3253.8,1944.0
3164,ORD-2023-13164,2023-07-13,2023-07-17,First Class,CUST-713,United States,City_10,State_10,73727,Candy,West,PROD-002,Gummy Bears,The Other Factory,1489.02,499,890.22,598.8
3165,ORD-2023-13165,2023-02-02,2023-02-06,First Class,CUST-180,United States,City_18,State_3,35952,Nuts,West,PROD-007,Cashew Clusters,The Other Factory,241.65,33,109.65,132.0
3166,ORD-2023-13166,2023-10-15,2023-10-24,Standard Class,CUST-109,United States,City_22,State_3,40337,Candy,East,PROD-002,Gummy Bears,The Other Factory,663.47,334,262.67,400.8
3167,ORD-2023-13167,2023-10-28,2023-10-30,Same Day,CUST-419,United States,City_29,State_2,75841,Candy,East,PROD-003,Sour Worms,Sugar Shack,687.93,352,230.33,457.6
3168,ORD-2023-13168,2023-01-25,2023-01-30,First Class,CUST-495,United States,City_30,State_4,48785,Chocolate,East,PROD-006,Dark Chocolate Truffles,Secret Factory,6342.86,423,4227.86,2115.0
3169,ORD-2023-13169,2023-01-12,2023-01-19,Standard Class,CUST-928,United States,City_23,State_13,45620,Chocolate,West,PROD-009,Caramel Squares,Secret Factory,514.95,111,204.15,310.8
3170,ORD-2023-13170,2023-08-23,2023-08-28,Second Class,CUST-583,United States,City_39,State_9,17163,Chocolate,West,PROD-006,Dark Chocolate Truffles,Secret Factory,2205.5,177,1320.5,885.0
3171,ORD-2023-13171,2023-04-20,2023-04-25,Second Class,CUST-560,United States,City_17,State_9,91033,Candy,East,PROD-008,Lollipops,Sugar Shack,671.19,449,446.69,224.5
3172,ORD-2023-13172,2023-11-06,2023-11-13,Standard Class,CUST-723,United States,City_7,State_8,61535,Nuts,South,PROD-010,Pistachios,The Other Factory,4083.74,492,1869.74,2214.0
3173,ORD-2023-13173,2023-11-19,2023-11-23,Second Class,CUST-172,United States,City_1,State_13,12217,Nuts,East,PROD-010,Pistachios,Sugar Shack,2876.0,217,1899.5,976.5
3174,ORD-2023-13174,2023-06-29,2023-07-02,Same Day,CUST-819,United States,City_42,State_18,15960,Chocolate,South,PROD-004,Peanut Butter Cups,Wicked Choccy's,1126.35,129,739.35,387.0
3175,ORD-2023-13175,2023-02-14,2023-02-15,Second Class,CUST-183,United States,City_2,State_18,88978,Chocolate,South,PROD-006,Dark Chocolate Truffles,Secret Factory,4958.59,360,3158.59,1800.0
3176,ORD-2023-13176,2023-02-18,2023-02-18,Same Day,CUST-505,United States,City_3,State_13,47830,Nuts,Central,PROD-007,Cashew Clusters,Sugar Shack,745.68,94,369.68,376.0
3177,ORD-2023-13177,2023-05-29,2023-05-30,Same Day,CUST-575,United States,City_39,State_10,83587,Nuts,Central,PROD-001,Chocolate Almonds,Lot's O' Nuts,2829.16,496,1589.16,1240.0
3178,ORD-2023-13178,2023-09-22,2023-09-25,First Class,CUST-765,United States,City_16,State_13,23962,Nuts,Central,PROD-007,Cashew Clusters,The Other Factory,396.17,45,216.17,180.0
3179,ORD-2023-13179,2023-01-03,2023-01-08,Same Day,CUST-597,United States,City_49,State_8,95700,Nuts,South,PROD-001,Chocolate Almonds,Lot's O' Nuts,1587.63,395,600.13,987.5
3180,ORD-2023-13180,2023-04-14,2023-04-17,Second Class,CUST-137,United States,City_29,State_17,23534,Candy,Central,PROD-008,Lollipops,Sugar Shack,637.37,427,423.87,213.5
3181,ORD-2023-13181,2023-10-21,2023-10-31,Standard Class,CUST-952,United States,City_4,State_2,46442,Candy,South,PROD-002,Gummy Bears,Lot's O' Nuts,1171.42,370,727.42,444.0
3182,ORD-2023-13182,2023-05-18,2023-05-25,Standard Class,CUST-929,United States,City_23,State_11,87583,Nuts,West,PROD-010,Pistachios,Lot's O' Nuts,1362.29,156,660.29,702.0
3183,ORD-2023-13183,2023-04-29,2023-05-02,Second Class,CUST-631,United States,City_20,State_19,63366,Nuts,Central,PROD-007,Cashew Clusters,Secret Factory,1289.16,129,773.16,516.0
3184,ORD-2023-13184,2023-10-18,2023-10-22,Second Class,CUST-796,United States,City_2,State_7,40688,Chocolate,West,PROD-006,Dark Chocolate Truffles,Sugar Shack,721.52,65,396.52,325.0
3185,ORD-2023-13185,2023-06-09,2023-06-14,Standard Class,CUST-699,United States,City_38,State_6,60426,Chocolate,East,PROD-006,Dark Chocolate Truffles,Wicked Choccy's,4143.62,326,2513.62,1630.0
3186,ORD-2023-13186,2023-02-27,2023-03-01,Same Day,CUST-589,United States,City_42,State_15,40848,Nuts,West,PROD-007,Cashew Clusters,Sugar Shack,5219.1,500,3219.1,2000.0
3187,ORD-2023-13187,2023-08-07,2023-08-09,First Class,CUST-379,United States,City_33,State_16,29953,Candy,West,PROD-002,Gummy Bears,Secret Factory,1256.87,365,818.87,438.0
3188,ORD-2023-13188,2023-06-18,2023-06-21,Same Day,CUST-736,United States,City_10,State_16,96357,Chocolate,Central,PROD-004,Peanut Butter Cups,The Other Factory,1947.48,348,903.48,1044.0
3189,ORD-2023-13189,2023-05-14,2023-05-21,Standard Class,CUST-347,United States,City_18,State_19,36313,Nuts,South,PROD-007,Cashew Clusters,The Other Factory,2387.23,369,911.23,1476.0
3190,ORD-2023-13190,2023-01-18,2023-01-19,Same Day,CUST-472,United States,City_36,State_4,72611,Candy,South,PROD-002,Gummy Bears,Secret Factory,416.43,230,140.43,276.0
3191,ORD-2023-13191,2023-03-02,2023-03-06,Second Class,CUST-497,United States,City_9,State_11,13210,Chocolate,South,PROD-004,Peanut Butter Cups,Sugar Shack,3554.39,460,2174.39,1380.0
3192,ORD-2023-13192,2023-05-15,2023-05-21,First Class,CUST-313,United States,City_38,State_18,88114,Nuts,West,PROD-007,Cashew Clusters,The Other Factory,1648.66,211,804.66,844.0
3193,ORD-2023-13193,2023-12-06,2023-12-09,First Class,CUST-469,United States,City_32,State_1,40248,Candy,East,PROD-008,Lollipops,Lot's O' Nuts,408.59,331,243.09,165.5
3194,ORD-2023-13194,2023-09-01,2023-09-04,Second Class,CUST-201,United States,City_47,State_18,61789,Nuts,Central,PROD-010,Pistachios,Wicked Choccy's,4545.54,366,2898.54,1647.0
3195,ORD-2023-13195,2023-06-14,2023-06-17,First Class,CUST-972,United States,City_42,State_2,53157,Nuts,West,PROD-007,Cashew Clusters,The Other Factory,712.33,74,416.33,296.0
3196,ORD-2023-13196,2023-01-28,2023-01-30,Same Day,CUST-182,United States,City_8,State_2,20900,Nuts,West,PROD-001,Chocolate Almonds,The Other Factory,51.09,13,18.59,32.5
3197,ORD-2023-13197,2023-02-06,2023-02-11,Same Day,CUST-297,United States,City_36,State_9,43079,Chocolate,East,PROD-006,Dark Chocolate Truffles,Secret Factory,5267.56,443,3052.56,2215.0
3198,ORD-2023-13198,2023-02-14,2023-02-21,Second Class,CUST-148,United States,City_44,State_18,77108,Nuts,East,PROD-010,Pistachios,The Other Factory,3714.2,447,1702.7,2011.5
3199,ORD-2023-13199,2023-10-21,2023-10-22,Same Day,CUST-796,United States,City_44,State_18,63068,Candy,Central,PROD-003,Sour Worms,Wicked Choccy's,674.42,329,246.72,427.7
3200,ORD-2023-13200,2023-02-07,2023-02-10,Second Class,CUST-368,United States,City_34,State_4,74722,Candy,West,PROD-008,Lollipops,Wicked Choccy's,38.86,41,18.36,20.5
3201,ORD-2023-13201,2023-06-12,2023-06-16,First Class,CUST-720,United States,City_9,State_5,19413,Candy,South,PROD-008,Lollipops,Wicked Choccy's,405.48,381,214.98,190.5
3202,ORD-2023-13202,2023-01-11,2023-01-18,Second Class,CUST-183,United States,City_34,State_13,47673,Chocolate,West,PROD-009,Caramel Squares,The Other Factory,1121.11,220,505.11,616.0
3203,ORD-2023-13203,2023-11-23,2023-11-28,Standard Class,CUST-835,United States,City_15,State_1,30387,Candy,South,PROD-002,Gummy Bears,Secret Factory,972.52,332,574.12,398.4
3204,ORD-2023-13204,2023-12-20,2023-12-27,Standard Class,CUST-344,United States,City_28,State_17,34808,Chocolate,Central,PROD-004,Peanut Butter Cups,Secret Factory,2139.46,331,1146.46,993.0
3205,ORD-2023-13205,2023-08-25,2023-08-30,Same Day,CUST-956,United States,City_16,State_5,39534,Chocolate,East,PROD-006,Dark Chocolate Truffles,The Other Factory,2216.61,232,1056.61,1160.0
3206,ORD-2023-13206,2023-06-25,2023-06-28,Second Class,CUST-646,United States,City_10,State_13,69534,Nuts,West,PROD-010,Pistachios,Lot's O' Nuts,977.8,81,613.3,364.5
3207,ORD-2023-13207,2023-08-25,2023-08-30,Second Class,CUST-966,United States,City_40,State_19,52058,Candy,South,PROD-002,Gummy Bears,Wicked Choccy's,698.56,308,328.96,369.6
3208,ORD-2023-13208,2023-11-11,2023-11-16,Second Class,CUST-364,United States,City_20,State_17,46493,Candy,Central,PROD-003,Sour Worms,Wicked Choccy's,762.6,222,474.0,288.6
3209,ORD-2023-13209,2023-03-01,2023-03-06,Standard Class,CUST-327,United States,City_15,State_2,65847,Chocolate,South,PROD-004,Peanut Butter Cups,Secret Factory,282.77,48,138.77,144.0
3210,ORD-2023-13210,2023-10-15,2023-10-16,First Class,CUST-961,United States,City_22,State_11,55576,Candy,East,PROD-005,Jelly Beans,Lot's O' Nuts,881.8,265,484.3,397.5
3211,ORD-2023-13211,2023-09-04,2023-09-12,Second Class,CUST-724,United States,City_4,State_6,56704,Nuts,South,PROD-010,Pistachios,Lot's O' Nuts,2805.12,281,1540.62,1264.5
3212,ORD-2023-13212,2024-01-01,2024-01-06,Standard Class,CUST-499,United States,City_16,State_15,32059,Nuts,West,PROD-010,Pistachios,Lot's O' Nuts,3274.08,383,1550.58,1723.5
3213,ORD-2023-13213,2023-07-22,2023-07-26,Same Day,CUST-249,United States,City_13,State_11,76678,Candy,West,PROD-002,Gummy Bears,Secret Factory,701.22,381,244.02,457.2
3214,ORD-2023-13214,2023-11-15,2023-11-19,Second Class,CUST-734,United States,City_38,State_19,74186,Candy,East,PROD-005,Jelly Beans,Lot's O' Nuts,523.42,173,263.92,259.5
3215,ORD-2023-13215,2023-11-05,2023-11-11,Second Class,CUST-600,United States,City_38,State_11,55384,Candy,South,PROD-008,Lollipops,Wicked Choccy's,443.37,435,225.87,217.5
3216,ORD-2023-13216,2023-08-20,2023-08-27,First Class,CUST-175,United States,City_5,State_16,98527,Candy,West,PROD-002,Gummy Bears,The Other Factory,445.11,147,268.71,176.4
3217,ORD-2023-13217,2023-04-22,2023-04-25,Standard Class,CUST-251,United States,City_23,State_13,95581,Chocolate,South,PROD-004,Peanut Butter Cups,Secret Factory,2564.25,373,1445.25,1119.0
3218,ORD-2023-13218,2023-03-24,2023-04-01,Standard Class,CUST-398,United States,City_47,State_6,36907,Candy,East,PROD-008,Lollipops,Secret Factory,286.37,196,188.37,98.0
3219,ORD-2023-13219,2023-07-05,2023-07-09,Standard Class,CUST-132,United States,City_48,State_17,29156,Chocolate,East,PROD-004,Peanut Butter Cups,Lot's O' Nuts,1875.06,213,1236.06,639.0
3220,ORD-2023-13220,2023-09-19,2023-09-24,Second Class,CUST-958,United States,City_11,State_4,15153,Nuts,Central,PROD-010,Pistachios,Wicked Choccy's,2047.59,248,931.59,1116.0
3221,ORD-2023-13221,2023-03-29,2023-04-06,Standard Class,CUST-833,United States,City_28,State_12,48090,Candy,West,PROD-008,Lollipops,The Other Factory,362.15,335,194.65,167.5
3222,ORD-2023-13222,2023-01-02,2023-01-07,Second Class,CUST-165,United States,City_40,State_15,12949,Chocolate,West,PROD-009,Caramel Squares,Sugar Shack,1195.18,251,492.38,702.8
3223,ORD-2023-13223,2023-05-10,2023-05-12,Same Day,CUST-547,United States,City_44,State_6,74232,Chocolate,West,PROD-009,Caramel Squares,Sugar Shack,3050.31,434,1835.11,1215.2
3224,ORD-2023-13224,2023-06-17,2023-06-20,Same Day,CUST-848,United States,City_47,State_11,56331,Nuts,West,PROD-010,Pistachios,Secret Factory,335.82,43,142.32,193.5
3225,ORD-2023-13225,2023-07-06,2023-07-11,Standard Class,CUST-625,United States,City_8,State_20,49790,Chocolate,East,PROD-006,Dark Chocolate Truffles,Lot's O' Nuts,3752.95,463,1437.95,2315.0
3226,ORD-2023-13226,2023-08-08,2023-08-11,Second Class,CUST-806,United States,City_4,State_1,37499,Chocolate,West,PROD-009,Caramel Squares,Sugar Shack,2261.15,459,975.95,1285.2
3227,ORD-2023-13227,2023-03-08,2023-03-14,Second Class,CUST-257,United States,City_48,State_17,40266,Nuts,South,PROD-007,Cashew Clusters,Lot's O' Nuts,1055.15,133,523.15,532.0
3228,ORD-2023-13228,2023-11-24,2023-11-29,Second Class,CUST-567,United States,City_22,State_7,85276,Nuts,Central,PROD-001,Chocolate Almonds,Wicked Choccy's,673.59,150,298.59,375.0
3229,ORD-2023-13229,2023-11-07,2023-11-15,Standard Class,CUST-826,United States,City_26,State_8,26248,Candy,West,PROD-002,Gummy Bears,Secret Factory,225.67,67,145.27,80.4
3230,ORD-2023-13230,2023-12-13,2023-12-13,Same Day,CUST-311,United States,City_1,State_9,58996,Nuts,South,PROD-007,Cashew Clusters,Secret Factory,1005.21,166,341.21,664.0
3231,ORD-2023-13231,2023-07-19,2023-07-26,Standard Class,CUST-370,United States,City_38,State_15,10561,Candy,East,PROD-005,Jelly Beans,Sugar Shack,193.85,60,103.85,90.0
3232,ORD-2023-13232,2023-06-19,2023-06-20,First Class,CUST-437,United States,City_47,State_4,74199,Nuts,Central,PROD-001,Chocolate Almonds,The Other Factory,1125.08,292,395.08,730.0
3233,ORD-2023-13233,2023-12-21,2023-12-21,Same Day,CUST-700,United States,City_9,State_10,22568,Nuts,West,PROD-007,Cashew Clusters,Sugar Shack,882.15,97,494.15,388.0
3234,ORD-2023-13234,2023-01-10,2023-01-15,First Class,CUST-925,United States,City_27,State_20,85123,Candy,East,PROD-002,Gummy Bears,Sugar Shack,996.81,344,584.01,412.8
3235,ORD-2023-13235,2023-06-18,2023-06-23,Standard Class,CUST-439,United States,City_24,State_6,42052,Nuts,West,PROD-007,Cashew Clusters,Lot's O' Nuts,3054.86,438,1302.86,1752.0
3236,ORD-2023-13236,2023-09-15,2023-09-17,First Class,CUST-566,United States,City_42,State_15,93356,Candy,East,PROD-003,Sour Worms,Wicked Choccy's,1322.36,438,752.96,569.4
3237,ORD-2023-13237,2023-01-30,2023-02-02,First Class,CUST-830,United States,City_20,State_16,63030,Candy,Central,PROD-005,Jelly Beans,Wicked Choccy's,1904.22,498,1157.22,747.0
3238,ORD-2023-13238,2023-01-24,2023-01-25,First Class,CUST-218,United States,City_22,State_6,52549,Candy,West,PROD-003,Sour Worms,Sugar Shack,873.86,405,347.36,526.5
3239,ORD-2023-13239,2023-08-26,2023-08-30,Second Class,CUST-665,United States,City_35,State_6,62673,Chocolate,South,PROD-006,Dark Chocolate Truffles,The Other Factory,3041.86,238,1851.86,1190.0
3240,ORD-2023-13240,2023-05-22,2023-05-24,Same Day,CUST-343,United States,City_2,State_9,57021,Nuts,East,PROD-001,Chocolate Almonds,Wicked Choccy's,1678.85,282,973.85,705.0
3241,ORD-2023-13241,2023-03-02,2023-03-08,Same Day,CUST-169,United States,City_20,State_5,33342,Chocolate,East,PROD-009,Caramel Squares,The Other Factory,2839.55,438,1613.15,1226.4
3242,ORD-2023-13242,2023-12-21,2023-12-26,First Class,CUST-848,United States,City_24,State_20,33730,Nuts,Central,PROD-010,Pistachios,Wicked Choccy's,3522.77,403,1709.27,1813.5
3243,ORD-2023-13243,2023-08-15,2023-08-15,Same Day,CUST-713,United States,City_39,State_3,24021,Nuts,Central,PROD-001,Chocolate Almonds,Sugar Shack,942.81,174,507.81,435.0
3244,ORD-2023-13244,2023-12-29,2024-01-07,Standard Class,CUST-578,United States,City_27,State_5,67953,Chocolate,West,PROD-004,Peanut Butter Cups,Secret Factory,1313.67,166,815.67,498.0
3245,ORD-2023-13245,2023-07-19,2023-07-26,Standard Class,CUST-969,United States,City_23,State_17,84768,Candy,East,PROD-005,Jelly Beans,Sugar Shack,34.86,10,19.86,15.0
3246,ORD-2023-13246,2023-12-04,2023-12-05,First Class,CUST-285,United States,City_8,State_7,36400,Candy,East,PROD-008,Lollipops,Lot's O' Nuts,714.5,485,472.0,242.5
3247,ORD-2023-13247,2023-01-04,2023-01-10,Standard Class,CUST-378,United States,City_30,State_14,99228,Nuts,South,PROD-007,Cashew Clusters,The Other Factory,4342.2,478,2430.2,1912.0
3248,ORD-2023-13248,2023-12-18,2023-12-22,Standard Class,CUST-499,United States,City_7,State_4,42298,Candy,West,PROD-002,Gummy Bears,Wicked Choccy's,1295.1,481,717.9,577.2
3249,ORD-2023-13249,2023-08-27,2023-08-31,Second Class,CUST-436,United States,City_45,State_13,16375,Nuts,South,PROD-010,Pistachios,The Other Factory,694.6,63,411.1,283.5
3250,ORD-2023-13250,2023-03-16,2023-03-18,First Class,CUST-758,United States,City_36,State_20,77122,Chocolate,South,PROD-004,Peanut Butter Cups,Wicked Choccy's,1671.37,272,855.37,816.0
3251,ORD-2023-13251,2023-05-01,2023-05-08,First Class,CUST-813,United States,City_16,State_2,84510,Nuts,East,PROD-007,Cashew Clusters,The Other Factory,2676.56,304,1460.56,1216.0
3252,ORD-2023-13252,2023-09-12,2023-09-19,Second Class,CUST-696,United States,City_40,State_10,46266,Nuts,South,PROD-001,Chocolate Almonds,Lot's O' Nuts,1493.31,310,718.31,775.0
3253,ORD-2023-13253,2023-05-22,2023-05-25,First Class,CUST-144,United States,City_29,State_13,86222,Chocolate,Central,PROD-006,Dark Chocolate Truffles,Secret Factory,915.75,66,585.75,330.0
3254,ORD-2023-13254,2023-11-24,2023-11-28,Same Day,CUST-391,United States,City_42,State_8,49022,Candy,West,PROD-003,Sour Worms,Secret Factory,1517.5,404,992.3,525.2
3255,ORD-2023-13255,2023-01-16,2023-01-19,Same Day,CUST-365,United States,City_16,State_11,85987,Candy,East,PROD-008,Lollipops,Sugar Shack,660.27,489,415.77,244.5
3256,ORD-2023-13256,2023-08-25,2023-08-31,Standard Class,CUST-901,United States,City_37,State_14,57693,Chocolate,Central,PROD-009,Caramel Squares,Wicked Choccy's,2866.66,425,1676.66,1190.0
3257,ORD-2023-13257,2023-12-11,2023-12-14,Second Class,CUST-781,United States,City_36,State_3,59599,Chocolate,South,PROD-009,Caramel Squares,Sugar Shack,1474.56,264,735.36,739.2
3258,ORD-2023-13258,2023-06-06,2023-06-11,Second Class,CUST-961,United States,City_45,State_7,17443,Candy,Central,PROD-008,Lollipops,The Other Factory,277.4,356,99.4,178.0
3259,ORD-2023-13259,2023-07-18,2023-07-23,Same Day,CUST-802,United States,City_41,State_7,51458,Candy,South,PROD-008,Lollipops,Lot's O' Nuts,81.79,58,52.79,29.0
3260,ORD-2023-13260,2023-07-18,2023-07-26,Second Class,CUST-295,United States,City_13,State_17,52145,Nuts,South,PROD-001,Chocolate Almonds,Lot's O' Nuts,1336.01,308,566.01,770.0
3261,ORD-2023-13261,2023-07-29,2023-08-02,Second Class,CUST-448,United States,City_9,State_18,53650,Candy,West,PROD-005,Jelly Beans,Lot's O' Nuts,1096.82,307,636.32,460.5
3262,ORD-2023-13262,2023-03-12,2023-03-17,Standard Class,CUST-920,United States,City_26,State_11,35633,Nuts,West,PROD-001,Chocolate Almonds,Wicked Choccy's,3319.43,486,2104.43,1215.0
3263,ORD-2023-13263,2023-12-22,2023-12-25,First Class,CUST-928,United States,City_8,State_10,91666,Candy,West,PROD-003,Sour Worms,Secret Factory,1177.72,353,718.82,458.9
3264,ORD-2023-13264,2023-04-07,2023-04-14,Standard Class,CUST-351,United States,City_18,State_16,73871,Candy,Central,PROD-008,Lollipops,Wicked Choccy's,119.59,81,79.09,40.5
3265,ORD-2023-13265,2023-01-18,2023-01-21,First Class,CUST-465,United States,City_21,State_12,55177,Candy,South,PROD-002,Gummy Bears,Sugar Shack,691.37,309,320.57,370.8
3266,ORD-2023-13266,2023-01-21,2023-01-29,Standard Class,CUST-357,United States,City_5,State_7,64800,Candy,West,PROD-008,Lollipops,Lot's O' Nuts,183.74,220,73.74,110.0
3267,ORD-2023-13267,2023-08-29,2023-08-29,First Class,CUST-884,United States,City_11,State_4,82222,Candy,Central,PROD-005,Jelly Beans,Sugar Shack,1311.96,419,683.46,628.5
3268,ORD-2023-13268,2023-09-02,2023-09-06,Second Class,CUST-904,United States,City_1,State_14,52588,Nuts,East,PROD-010,Pistachios,Wicked Choccy's,4163.0,356,2561.0,1602.0
3269,ORD-2023-13269,2023-03-20,2023-03-25,Standard Class,CUST-654,United States,City_42,State_8,96011,Nuts,South,PROD-001,Chocolate Almonds,Secret Factory,672.95,96,432.95,240.0
3270,ORD-2023-13270,2023-05-26,2023-05-29,First Class,CUST-461,United States,City_16,State_1,43642,Nuts,South,PROD-001,Chocolate Almonds,Sugar Shack,1308.26,224,748.26,560.0
3271,ORD-2023-13271,2023-10-25,2023-10-25,First Class,CUST-517,United States,City_14,State_11,66191,Chocolate,Central,PROD-006,Dark Chocolate Truffles,Sugar Shack,1418.92,180,518.92,900.0
3272,ORD-2023-13272,2023-10-03,2023-10-03,Same Day,CUST-419,United States,City_14,State_8,94694,Nuts,South,PROD-001,Chocolate Almonds,Secret Factory,2162.41,320,1362.41,800.0
3273,ORD-2023-13273,2023-10-23,2023-10-26,Second Class,CUST-369,United States,City_44,State_14,14635,Candy,South,PROD-003,Sour Worms,Secret Factory,1186.05,380,692.05,494.0
3274,ORD-2023-13274,2023-07-24,2023-08-01,Second Class,CUST-776,United States,City_10,State_14,83768,Nuts,West,PROD-001,Chocolate Almonds,The Other Factory,1543.99,299,796.49,747.5
3275,ORD-2023-13275,2023-02-01,2023-02-03,Second Class,CUST-445,United States,City_44,State_1,62482,Nuts,West,PROD-001,Chocolate Almonds,Wicked Choccy's,1613.81,298,868.81,745.0
3276,ORD-2023-13276,2023-11-26,2023-12-01,Same Day,CUST-124,United States,City_47,State_3,54664,Candy,East,PROD-002,Gummy Bears,Secret Factory,1689.92,490,1101.92,588.0
3277,ORD-2023-13277,2023-04-17,2023-04-24,Standard Class,CUST-358,United States,City_20,State_20,14346,Candy,East,PROD-002,Gummy Bears,Wicked Choccy's,1028.05,309,657.25,370.8
3278,ORD-2023-13278,2023-02-28,2023-03-03,Second Class,CUST-175,United States,City_36,State_7,99897,Candy,South,PROD-008,Lollipops,Secret Factory,181.78,205,79.28,102.5
3279,ORD-2023-13279,2023-10-23,2023-10-27,Second Class,CUST-764,United States,City_40,State_5,24742,Chocolate,East,PROD-004,Peanut Butter Cups,Wicked Choccy's,2976.32,480,1536.32,1440.0
3280,ORD-2023-13280,2023-09-03,2023-09-10,Standard Class,CUST-527,United States,City_3,State_2,83298,Nuts,West,PROD-001,Chocolate Almonds,Sugar Shack,230.47,53,97.97,132.5
3281,ORD-2023-13281,2023-08-16,2023-08-16,Same Day,CUST-564,United States,City_50,State_2,51360,Candy,West,PROD-003,Sour Worms,Wicked Choccy's,980.72,393,469.82,510.9
3282,ORD-2023-13282,2023-10-05,2023-10-08,Same Day,CUST-908,United States,City_11,State_18,29043,Candy,Central,PROD-005,Jelly Beans,The Other Factory,1207.16,284,781.16,426.0
3283,ORD-2023-13283,2023-03-23,2023-03-26,Second Class,CUST-950,United States,City_45,State_1,20374,Nuts,West,PROD-001,Chocolate Almonds,Secret Factory,2266.22,364,1356.22,910.0
3284,ORD-2023-13284,2023-05-13,2023-05-19,First Class,CUST-474,United States,City_33,State_19,52473,Candy,East,PROD-003,Sour Worms,Secret Factory,737.53,222,448.93,288.6
3285,ORD-2023-13285,2023-01-07,2023-01-07,Same Day,CUST-938,United States,City_45,State_1,94768,Candy,South,PROD-003,Sour Worms,Sugar Shack,1351.35,442,776.75,574.6
3286,ORD-2023-13286,2023-12-22,2023-12-28,Second Class,CUST-936,United States,City_22,State_6,57420,Nuts,South,PROD-007,Cashew Clusters,Sugar Shack,2496.54,331,1172.54,1324.0
3287,ORD-2023-13287,2023-12-22,2023-12-24,Same Day,CUST-660,United States,City_35,State_9,11847,Candy,South,PROD-008,Lollipops,Wicked Choccy's,152.07,138,83.07,69.0
3288,ORD-2023-13288,2023-06-12,2023-06-14,Same Day,CUST-894,United States,City_4,State_14,21326,Candy,Central,PROD-008,Lollipops,Lot's O' Nuts,280.77,255,153.27,127.5
3289,ORD-2023-13289,2023-10-07,2023-10-10,Second Class,CUST-634,United States,City_4,State_20,27869,Candy,South,PROD-003,Sour Worms,The Other Factory,373.89,166,158.09,215.8
3290,ORD-2023-13290,2023-12-29,2024-01-05,Standard Class,CUST-363,United States,City_8,State_15,13518,Chocolate,South,PROD-009,Caramel Squares,Wicked Choccy's,2500.04,339,1550.84,949.2
3291,ORD-2023-13291,2023-02-08,2023-02-10,Same Day,CUST-534,United States,City_3,State_11,60750,Nuts,West,PROD-001,Chocolate Almonds,Sugar Shack,1932.83,340,1082.83,850.0
3292,ORD-2023-13292,2023-02-08,2023-02-14,Second Class,CUST-756,United States,City_26,State_13,50057,Nuts,East,PROD-007,Cashew Clusters,The Other Factory,4006.06,363,2554.06,1452.0
3293,ORD-2023-13293,2023-03-15,2023-03-24,Standard Class,CUST-295,United States,City_8,State_6,44407,Candy,Central,PROD-008,Lollipops,The Other Factory,294.37,248,170.37,124.0
3294,ORD-2023-13294,2023-07-11,2023-07-17,Second Class,CUST-185,United States,City_26,State_1,21107,Candy,Central,PROD-003,Sour Worms,The Other Factory,1163.62,354,703.42,460.2
3295,ORD-2023-13295,2023-10-12,2023-10-17,First Class,CUST-102,United States,City_45,State_4,71771,Nuts,East,PROD-010,Pistachios,The Other Factory,205.51,20,115.51,90.0
3296,ORD-2023-13296,2023-02-22,2023-02-22,Same Day,CUST-591,United States,City_30,State_4,17184,Nuts,South,PROD-001,Chocolate Almonds,The Other Factory,864.74,197,372.24,492.5
3297,ORD-2023-13297,2023-04-26,2023-05-01,First Class,CUST-661,United States,City_38,State_12,68016,Candy,East,PROD-008,Lollipops,Sugar Shack,133.56,125,71.06,62.5
3298,ORD-2023-13298,2023-11-28,2023-11-30,Second Class,CUST-185,United States,City_43,State_2,52929,Nuts,South,PROD-010,Pistachios,Secret Factory,4156.56,476,2014.56,2142.0
3299,ORD-2023-13299,2023-01-27,2023-01-30,Standard Class,CUST-934,United States,City_7,State_16,82780,Candy,East,PROD-002,Gummy Bears,Lot's O' Nuts,941.32,356,514.12,427.2
3300,ORD-2023-13300,2023-07-10,2023-07-17,Standard Class,CUST-781,United States,City_19,State_19,72069,Chocolate,West,PROD-006,Dark Chocolate Truffles,Lot's O' Nuts,292.89,34,122.89,170.0
3301,ORD-2023-13301,2023-02-11,2023-02-16,Standard Class,CUST-276,United States,City_40,State_16,57772,Candy,West,PROD-003,Sour Worms,Wicked Choccy's,62.08,16,41.28,20.8
3302,ORD-2023-13302,2023-11-28,2023-11-29,First Class,CUST-769,United States,City_43,State_11,93886,Nuts,South,PROD-010,Pistachios,The Other Factory,2769.1,245,1666.6,1102.5
3303,ORD-2023-13303,2023-11-01,2023-11-03,First Class,CUST-562,United States,City_48,State_10,43345,Chocolate,South,PROD-004,Peanut Butter Cups,The Other Factory,3564.26,453,2205.26,1359.0
3304,ORD-2023-13304,2023-12-06,2023-12-06,Same Day,CUST-881,United States,City_48,State_9,97680,Candy,West,PROD-003,Sour Worms,Sugar Shack,1169.85,357,705.75,464.1
3305,ORD-2023-13305,2023-07-27,2023-08-05,Standard Class,CUST-897,United States,City_47,State_7,67777,Candy,Central,PROD-003,Sour Worms,Lot's O' Nuts,336.41,155,134.91,201.5
3306,ORD-2023-13306,2023-04-07,2023-04-16,Standard Class,CUST-899,United States,City_40,State_8,68214,Candy,Central,PROD-005,Jelly Beans,Lot's O' Nuts,433.2,132,235.2,198.0
3307,ORD-2023-13307,2023-10-01,2023-10-01,Same Day,CUST-485,United States,City_50,State_1,79493,Nuts,South,PROD-007,Cashew Clusters,Secret Factory,711.37,68,439.37,272.0
3308,ORD-2023-13308,2023-08-23,2023-08-29,Standard Class,CUST-147,United States,City_24,State_17,49095,Chocolate,South,PROD-006,Dark Chocolate Truffles,Sugar Shack,1966.42,164,1146.42,820.0
3309,ORD-2023-13309,2023-05-20,2023-05-27,First Class,CUST-627,United States,City_4,State_7,54224,Nuts,East,PROD-010,Pistachios,Secret Factory,3384.57,311,1985.07,1399.5
3310,ORD-2023-13310,2023-01-24,2023-01-27,First Class,CUST-361,United States,City_17,State_11,13513,Chocolate,West,PROD-009,Caramel Squares,Secret Factory,2021.03,355,1027.03,994.0
3311,ORD-2023-13311,2023-04-04,2023-04-07,Second Class,CUST-349,United States,City_21,State_5,67851,Nuts,South,PROD-010,Pistachios,The Other Factory,1316.87,142,677.87,639.0
3312,ORD-2023-13312,2023-02-16,2023-02-21,Standard Class,CUST-817,United States,City_34,State_12,19282,Nuts,East,PROD-010,Pistachios,Lot's O' Nuts,4822.59,364,3184.59,1638.0
3313,ORD-2023-13313,2023-09-19,2023-09-22,Same Day,CUST-844,United States,City_21,State_20,39146,Chocolate,South,PROD-009,Caramel Squares,Sugar Shack,2101.5,322,1199.9,901.6
3314,ORD-2023-13314,2023-10-23,2023-10-24,First Class,CUST-781,United States,City_14,State_2,96386,Candy,West,PROD-003,Sour Worms,Lot's O' Nuts,479.53,220,193.53,286.0
3315,ORD-2023-13315,2023-01-21,2023-01-27,Standard Class,CUST-772,United States,City_27,State_9,30298,Candy,Central,PROD-008,Lollipops,Wicked Choccy's,400.62,462,169.62,231.0
3316,ORD-2023-13316,2023-01-05,2023-01-09,Second Class,CUST-403,United States,City_35,State_6,85293,Chocolate,South,PROD-006,Dark Chocolate Truffles,The Other Factory,2513.5,181,1608.5,905.0
3317,ORD-2023-13317,2023-02-02,2023-02-09,Second Class,CUST-388,United States,City_31,State_9,89803,Chocolate,East,PROD-009,Caramel Squares,Secret Factory,3301.78,447,2050.18,1251.6
3318,ORD-2023-13318,2023-07-17,2023-07-18,First Class,CUST-697,United States,City_16,State_15,23591,Chocolate,South,PROD-009,Caramel Squares,Sugar Shack,65.25,12,31.65,33.6
3319,ORD-2023-13319,2023-04-03,2023-04-07,Same Day,CUST-180,United States,City_30,State_6,75409,Candy,Central,PROD-008,Lollipops,The Other Factory,48.28,51,22.78,25.5
3320,ORD-2023-13320,2023-06-26,2023-07-05,First Class,CUST-952,United States,City_12,State_14,68459,Chocolate,East,PROD-006,Dark Chocolate Truffles,The Other Factory,3595.2,419,1500.2,2095.0
3321,ORD-2023-13321,2023-08-29,2023-08-30,Same Day,CUST-437,United States,City_33,State_9,69233,Nuts,South,PROD-007,Cashew Clusters,The Other Factory,1388.89,179,672.89,716.0
3322,ORD-2023-13322,2023-01-03,2023-01-04,First Class,CUST-239,United States,City_47,State_19,37922,Candy,West,PROD-005,Jelly Beans,Lot's O' Nuts,297.78,69,194.28,103.5
3323,ORD-2023-13323,2023-04-04,2023-04-05,Same Day,CUST-779,United States,City_5,State_19,37367,Nuts,Central,PROD-007,Cashew Clusters,Lot's O' Nuts,3192.28,366,1728.28,1464.0
3324,ORD-2023-13324,2023-02-26,2023-03-06,Standard Class,CUST-961,United States,City_34,State_10,48614,Candy,West,PROD-005,Jelly Beans,Secret Factory,364.38,88,232.38,132.0
3325,ORD-2023-13325,2023-12-09,2023-12-14,Same Day,CUST-171,United States,City_24,State_14,82664,Candy,West,PROD-008,Lollipops,The Other Factory,198.4,188,104.4,94.0
3326,ORD-2023-13326,2023-02-01,2023-02-04,Second Class,CUST-128,United States,City_43,State_14,53946,Nuts,West,PROD-007,Cashew Clusters,Wicked Choccy's,5347.22,492,3379.22,1968.0
3327,ORD-2023-13327,2023-04-29,2023-05-02,First Class,CUST-234,United States,City_46,State_5,68918,Nuts,East,PROD-010,Pistachios,Sugar Shack,577.01,62,298.01,279.0
3328,ORD-2023-13328,2023-04-20,2023-04-24,Standard Class,CUST-791,United States,City_12,State_16,18835,Candy,West,PROD-005,Jelly Beans,Wicked Choccy's,1419.11,438,762.11,657.0
3329,ORD-2023-13329,2023-06-02,2023-06-04,First Class,CUST-460,United States,City_27,State_7,18208,Chocolate,West,PROD-009,Caramel Squares,Secret Factory,1910.77,243,1230.37,680.4
3330,ORD-2023-13330,2023-10-06,2023-10-11,Second Class,CUST-657,United States,City_12,State_18,73998,Candy,East,PROD-002,Gummy Bears,Wicked Choccy's,670.07,367,229.67,440.4
3331,ORD-2023-13331,2023-02-09,2023-02-14,Same Day,CUST-405,United States,City_23,State_20,76932,Chocolate,South,PROD-009,Caramel Squares,Lot's O' Nuts,1233.01,173,748.61,484.4
3332,ORD-2023-13332,2023-04-29,2023-04-29,Same Day,CUST-825,United States,City_19,State_3,78535,Chocolate,South,PROD-006,Dark Chocolate Truffles,The Other Factory,2052.78,191,1097.78,955.0
3333,ORD-2023-13333,2023-03-13,2023-03-15,First Class,CUST-778,United States,City_34,State_18,59968,Nuts,West,PROD-001,Chocolate Almonds,Wicked Choccy's,348.87,48,228.87,120.0
3334,ORD-2023-13334,2023-11-11,2023-11-18,First Class,CUST-831,United States,City_39,State_17,50653,Nuts,East,PROD-007,Cashew Clusters,The Other Factory,1242.76,149,646.76,596.0
3335,ORD-2023-13335,2023-08-18,2023-08-24,First Class,CUST-257,United States,City_3,State_8,20386,Candy,West,PROD-003,Sour Worms,The Other Factory,933.34,462,332.74,600.6
3336,ORD-2023-13336,2023-03-27,2023-04-02,Standard Class,CUST-117,United States,City_14,State_14,60021,Chocolate,South,PROD-004,Peanut Butter Cups,Wicked Choccy's,919.16,117,568.16,351.0
3337,ORD-2023-13337,2023-08-15,2023-08-18,Second Class,CUST-592,United States,City_35,State_13,27849,Chocolate,Central,PROD-009,Caramel Squares,Secret Factory,3814.69,485,2456.69,1358.0
3338,ORD-2023-13338,2023-08-30,2023-09-04,Second Class,CUST-856,United States,City_25,State_1,41876,Nuts,Central,PROD-007,Cashew Clusters,The Other Factory,761.53,83,429.53,332.0
3339,ORD-2023-13339,2023-10-15,2023-10-20,Same Day,CUST-548,United States,City_6,State_1,63306,Candy,South,PROD-003,Sour Worms,Lot's O' Nuts,446.35,125,283.85,162.5
3340,ORD-2023-13340,2023-05-17,2023-05-26,Second Class,CUST-932,United States,City_49,State_12,72958,Candy,West,PROD-003,Sour Worms,The Other Factory,1070.14,336,633.34,436.8
3341,ORD-2023-13341,2023-04-09,2023-04-14,Second Class,CUST-979,United States,City_29,State_16,94451,Chocolate,South,PROD-004,Peanut Butter Cups,Sugar Shack,3698.49,498,2204.49,1494.0
3342,ORD-2023-13342,2023-04-20,2023-04-23,First Class,CUST-822,United States,City_38,State_16,38616,Nuts,Central,PROD-001,Chocolate Almonds,Lot's O' Nuts,1050.47,183,592.97,457.5
3343,ORD-2023-13343,2023-11-22,2023-11-26,Second Class,CUST-274,United States,City_36,State_12,68741,Nuts,South,PROD-001,Chocolate Almonds,Wicked Choccy's,2408.89,352,1528.89,880.0
3344,ORD-2023-13344,2023-01-22,2023-01-25,First Class,CUST-256,United States,City_22,State_11,54269,Nuts,West,PROD-001,Chocolate Almonds,Sugar Shack,2590.23,400,1590.23,1000.0
3345,ORD-2023-13345,2023-08-23,2023-08-25,Same Day,CUST-206,United States,City_7,State_14,72478,Candy,West,PROD-005,Jelly Beans,Secret Factory,799.26,342,286.26,513.0
3346,ORD-2023-13346,2023-10-26,2023-11-03,First Class,CUST-984,United States,City_19,State_13,94531,Chocolate,East,PROD-009,Caramel Squares,The Other Factory,1547.56,225,917.56,630.0
3347,ORD-2023-13347,2023-07-14,2023-07-17,First Class,CUST-385,United States,City_33,State_9,97966,Candy,South,PROD-008,Lollipops,Wicked Choccy's,243.2,321,82.7,160.5
3348,ORD-2023-13348,2023-04-06,2023-04-13,Second Class,CUST-968,United States,City_5,State_6,47148,Nuts,West,PROD-007,Cashew Clusters,Secret Factory,2644.14,374,1148.14,1496.0
3349,ORD-2023-13349,2023-10-01,2023-10-05,First Class,CUST-548,United States,City_2,State_1,96407,Chocolate,Central,PROD-009,Caramel Squares,The Other Factory,1997.81,248,1303.41,694.4
3350,ORD-2023-13350,2023-06-10,2023-06-10,First Class,CUST-793,United States,City_18,State_6,65279,Nuts,West,PROD-007,Cashew Clusters,Wicked Choccy's,3400.88,308,2168.88,1232.0
3351,ORD-2023-13351,2023-01-13,2023-01-16,Same Day,CUST-430,United States,City_14,State_2,21159,Candy,South,PROD-005,Jelly Beans,Lot's O' Nuts,1172.2,335,669.7,502.5
3352,ORD-2023-13352,2023-10-22,2023-10-26,Second Class,CUST-220,United States,City_16,State_17,75378,Candy,West,PROD-003,Sour Worms,Lot's O' Nuts,543.74,271,191.44,352.3
3353,ORD-2023-13353,2023-05-07,2023-05-13,Second Class,CUST-739,United States,City_4,State_11,81842,Candy,West,PROD-002,Gummy Bears,Secret Factory,492.24,192,261.84,230.4
3354,ORD-2023-13354,2023-07-07,2023-07-12,Standard Class,CUST-568,United States,City_18,State_7,52739,Candy,East,PROD-002,Gummy Bears,Lot's O' Nuts,940.89,429,426.09,514.8
3355,ORD-2023-13355,2023-11-22,2023-11-28,Second Class,CUST-269,United States,City_33,State_15,19290,Nuts,East,PROD-007,Cashew Clusters,Secret Factory,3001.19,345,1621.19,1380.0
3356,ORD-2023-13356,2023-12-04,2023-12-05,Same Day,CUST-813,United States,City_38,State_10,56327,Chocolate,Central,PROD-006,Dark Chocolate Truffles,Secret Factory,3355.24,327,1720.24,1635.0
3357,ORD-2023-13357,2023-07-08,2023-07-09,First Class,CUST-431,United States,City_42,State_8,92469,Candy,Central,PROD-008,Lollipops,Sugar Shack,32.62,23,21.12,11.5
3358,ORD-2023-13358,2023-02-28,2023-02-28,Same Day,CUST-996,United States,City_19,State_3,83289,Nuts,East,PROD-007,Cashew Clusters,Wicked Choccy's,1480.64,163,828.64,652.0
3359,ORD-2023-13359,2023-12-20,2023-12-26,Second Class,CUST-973,United States,City_43,State_12,28797,Chocolate,Central,PROD-004,Peanut Butter Cups,The Other Factory,865.2,170,355.2,510.0
3360,ORD-2023-13360,2023-07-21,2023-07-28,Standard Class,CUST-994,United States,City_5,State_20,92464,Nuts,West,PROD-001,Chocolate Almonds,Secret Factory,1684.35,342,829.35,855.0
3361,ORD-2023-13361,2023-09-09,2023-09-11,First Class,CUST-427,United States,City_10,State_2,36805,Candy,Central,PROD-003,Sour Worms,Lot's O' Nuts,537.02,161,327.72,209.3
3362,ORD-2023-13362,2023-11-15,2023-11-16,Same Day,CUST-307,United States,City_2,State_17,81686,Nuts,South,PROD-001,Chocolate Almonds,Wicked Choccy's,2181.82,461,1029.32,1152.5
3363,ORD-2023-13363,2023-07-05,2023-07-09,Second Class,CUST-276,United States,City_47,State_3,32089,Candy,East,PROD-003,Sour Worms,Sugar Shack,1300.86,359,834.16,466.7
3364,ORD-2023-13364,2023-10-26,2023-10-30,Second Class,CUST-546,United States,City_15,State_10,94408,Candy,East,PROD-005,Jelly Beans,Sugar Shack,503.66,112,335.66,168.0
3365,ORD-2023-13365,2023-04-01,2023-04-08,Standard Class,CUST-942,United States,City_36,State_2,57408,Nuts,Central,PROD-001,Chocolate Almonds,The Other Factory,2690.69,418,1645.69,1045.0
3366,ORD-2023-13366,2023-10-26,2023-10-30,First Class,CUST-127,United States,City_19,State_16,89663,Candy,South,PROD-003,Sour Worms,Sugar Shack,620.76,300,230.76,390.0
3367,ORD-2023-13367,2023-03-20,2023-03-23,Second Class,CUST-108,United States,City_6,State_18,87901,Candy,West,PROD-005,Jelly Beans,Lot's O' Nuts,515.78,176,251.78,264.0
3368,ORD-2023-13368,2023-04-30,2023-05-02,First Class,CUST-827,United States,City_24,State_16,18999,Candy,West,PROD-002,Gummy Bears,Lot's O' Nuts,466.83,144,294.03,172.8
3369,ORD-2023-13369,2023-08-25,2023-08-31,Second Class,CUST-189,United States,City_12,State_16,41354,Chocolate,South,PROD-004,Peanut Butter Cups,Wicked Choccy's,1587.08,228,903.08,684.0
3370,ORD-2023-13370,2023-03-19,2023-03-25,Standard Class,CUST-734,United States,City_6,State_7,75863,Candy,East,PROD-005,Jelly Beans,Wicked Choccy's,91.77,23,57.27,34.5
3371,ORD-2023-13371,2023-05-29,2023-06-04,Standard Class,CUST-673,United States,City_3,State_6,91011,Candy,East,PROD-002,Gummy Bears,Wicked Choccy's,1047.53,313,671.93,375.6
3372,ORD-2023-13372,2023-10-24,2023-11-02,Standard Class,CUST-409,United States,City_24,State_6,34675,Chocolate,East,PROD-009,Caramel Squares,The Other Factory,1437.22,204,866.02,571.2
3373,ORD-2023-13373,2023-09-20,2023-10-02,Standard Class,CUST-322,United States,City_13,State_11,61452,Candy,East,PROD-002,Gummy Bears,The Other Factory,169.5,88,63.9,105.6
3374,ORD-2023-13374,2023-03-19,2023-03-22,Same Day,CUST-983,United States,City_41,State_13,74101,Chocolate,East,PROD-009,Caramel Squares,Wicked Choccy's,953.77,129,592.57,361.2
3375,ORD-2023-13375,2023-02-13,2023-02-14,Same Day,CUST-322,United States,City_45,State_18,83817,Nuts,East,PROD-001,Chocolate Almonds,Sugar Shack,104.53,15,67.03,37.5
3376,ORD-2023-13376,2023-05-29,2023-06-02,Same Day,CUST-987,United States,City_2,State_4,41349,Candy,East,PROD-002,Gummy Bears,The Other Factory,66.58,28,32.98,33.6
3377,ORD-2023-13377,2023-05-20,2023-05-24,Second Class,CUST-706,United States,City_24,State_14,13645,Chocolate,East,PROD-004,Peanut Butter Cups,Wicked Choccy's,4023.49,497,2532.49,1491.0
3378,ORD-2023-13378,2023-07-20,2023-07-22,Same Day,CUST-832,United States,City_32,State_15,55449,Candy,Central,PROD-008,Lollipops,Lot's O' Nuts,147.6,186,54.6,93.0
3379,ORD-2023-13379,2023-04-26,2023-05-01,Second Class,CUST-874,United States,City_48,State_7,25423,Candy,South,PROD-003,Sour Worms,Sugar Shack,170.87,48,108.47,62.4
3380,ORD-2023-13380,2023-11-25,2023-11-25,Same Day,CUST-195,United States,City_42,State_2,51347,Nuts,West,PROD-007,Cashew Clusters,Lot's O' Nuts,2768.4,267,1700.4,1068.0
3381,ORD-2023-13381,2023-04-16,2023-04-19,Same Day,CUST-990,United States,City_30,State_1,11791,Candy,West,PROD-008,Lollipops,Lot's O' Nuts,42.74,40,22.74,20.0
3382,ORD-2023-13382,2023-11-02,2023-11-06,Same Day,CUST-506,United States,City_26,State_20,42186,Chocolate,Central,PROD-006,Dark Chocolate Truffles,The Other Factory,6214.66,451,3959.66,2255.0
3383,ORD-2023-13383,2023-01-31,2023-01-31,Same Day,CUST-860,United States,City_44,State_11,78539,Candy,West,PROD-003,Sour Worms,Wicked Choccy's,69.88,24,38.68,31.2
3384,ORD-2023-13384,2023-05-21,2023-05-31,Standard Class,CUST-530,United States,City_13,State_8,33934,Nuts,South,PROD-001,Chocolate Almonds,Lot's O' Nuts,1356.57,345,494.07,862.5
3385,ORD-2023-13385,2023-07-27,2023-08-03,Standard Class,CUST-896,United States,City_32,State_10,47396,Chocolate,West,PROD-004,Peanut Butter Cups,Sugar Shack,1547.54,182,1001.54,546.0
3386,ORD-2023-13386,2023-05-05,2023-05-11,Second Class,CUST-849,United States,City_1,State_19,74603,Chocolate,West,PROD-009,Caramel Squares,The Other Factory,1396.2,249,699.0,697.2
3387,ORD-2023-13387,2023-12-18,2023-12-21,Second Class,CUST-445,United States,City_48,State_9,56670,Candy,Central,PROD-003,Sour Worms,Wicked Choccy's,607.68,201,346.38,261.3
3388,ORD-2023-13388,2023-10-22,2023-10-28,Standard Class,CUST-124,United States,City_14,State_10,78076,Chocolate,West,PROD-006,Dark Chocolate Truffles,Lot's O' Nuts,5306.8,498,2816.8,2490.0
3389,ORD-2023-13389,2023-10-05,2023-10-08,Same Day,CUST-660,United States,City_46,State_16,35618,Candy,South,PROD-003,Sour Worms,Wicked Choccy's,1105.53,297,719.43,386.1
3390,ORD-2023-13390,2023-05-04,2023-05-11,Second Class,CUST-364,United States,City_45,State_8,63896,Nuts,West,PROD-007,Cashew Clusters,The Other Factory,1720.75,282,592.75,1128.0
3391,ORD-2023-13391,2023-07-31,2023-07-31,First Class,CUST-380,United States,City_34,State_14,72863,Candy,Central,PROD-005,Jelly Beans,Secret Factory,961.16,225,623.66,337.5
3392,ORD-2023-13392,2023-09-09,2023-09-15,Second Class,CUST-139,United States,City_26,State_8,23847,Candy,South,PROD-005,Jelly Beans,Lot's O' Nuts,984.4,402,381.4,603.0
3393,ORD-2023-13393,2023-10-22,2023-10-24,Second Class,CUST-138,United States,City_8,State_9,56969,Candy,Central,PROD-008,Lollipops,Sugar Shack,262.1,236,144.1,118.0
3394,ORD-2023-13394,2023-02-26,2023-03-05,Standard Class,CUST-359,United States,City_6,State_12,67594,Chocolate,East,PROD-009,Caramel Squares,Sugar Shack,2931.88,393,1831.48,1100.4
3395,ORD-2023-13395,2023-12-31,2024-01-08,First Class,CUST-170,United States,City_5,State_14,80649,Candy,East,PROD-003,Sour Worms,The Other Factory,395.19,119,240.49,154.7
3396,ORD-2023-13396,2023-07-17,2023-07-17,First Class,CUST-303,United States,City_25,State_3,21708,Nuts,East,PROD-007,Cashew Clusters,Lot's O' Nuts,2963.23,479,1047.23,1916.0
3397,ORD-2023-13397,2023-01-12,2023-01-17,Same Day,CUST-447,United States,City_46,State_9,59687,Chocolate,West,PROD-009,Caramel Squares,The Other Factory,2295.16,410,1147.16,1148.0
3398,ORD-2023-13398,2023-09-14,2023-09-16,Same Day,CUST-871,United States,City_17,State_8,75513,Chocolate,West,PROD-006,Dark Chocolate Truffles,Sugar Shack,1407.37,136,727.37,680.0
3399,ORD-2023-13399,2023-04-12,2023-04-22,Standard Class,CUST-792,United States,City_18,State_11,46806,Candy,Central,PROD-008,Lollipops,Lot's O' Nuts,222.46,158,143.46,79.0
3400,ORD-2023-13400,2023-08-06,2023-08-08,Same Day,CUST-107,United States,City_6,State_3,88770,Chocolate,Central,PROD-006,Dark Chocolate Truffles,The Other Factory,181.6,24,61.6,120.0
3401,ORD-2023-13401,2023-03-18,2023-03-18,Same Day,CUST-635,United States,City_25,State_19,71810,Nuts,West,PROD-007,Cashew Clusters,Wicked Choccy's,3654.32,499,1658.32,1996.0
3402,ORD-2023-13402,2023-04-17,2023-04-19,Same Day,CUST-337,United States,City_35,State_12,96261,Candy,East,PROD-005,Jelly Beans,Wicked Choccy's,845.44,209,531.94,313.5
3403,ORD-2023-13403,2023-01-11,2023-01-14,Same Day,CUST-364,United States,City_2,State_20,85181,Nuts,Central,PROD-001,Chocolate Almonds,The Other Factory,2461.45,414,1426.45,1035.0
3404,ORD-2023-13404,2023-10-06,2023-10-12,Standard Class,CUST-521,United States,City_45,State_9,12524,Candy,Central,PROD-002,Gummy Bears,Secret Factory,130.92,68,49.32,81.6
3405,ORD-2023-13405,2023-04-07,2023-04-08,First Class,CUST-585,United States,City_30,State_2,12044,Chocolate,Central,PROD-004,Peanut Butter Cups,Sugar Shack,3581.78,456,2213.78,1368.0
3406,ORD-2023-13406,2023-12-31,2024-01-01,First Class,CUST-997,United States,City_46,State_4,49961,Nuts,South,PROD-007,Cashew Clusters,Wicked Choccy's,3291.53,348,1899.53,1392.0
3407,ORD-2023-13407,2023-05-26,2023-05-30,First Class,CUST-538,United States,City_37,State_11,48493,Candy,Central,PROD-003,Sour Worms,The Other Factory,1101.51,323,681.61,419.9
3408,ORD-2023-13408,2023-08-11,2023-08-16,First Class,CUST-272,United States,City_33,State_1,11570,Candy,South,PROD-003,Sour Worms,Lot's O' Nuts,218.54,76,119.74,98.8
3409,ORD-2023-13409,2023-04-15,2023-04-19,Same Day,CUST-693,United States,City_43,State_10,51802,Candy,East,PROD-002,Gummy Bears,Secret Factory,347.93,148,170.33,177.6
3410,ORD-2023-13410,2023-12-12,2023-12-15,First Class,CUST-828,United States,City_14,State_18,39878,Nuts,West,PROD-010,Pistachios,Wicked Choccy's,858.11,70,543.11,315.0
3411,ORD-2023-13411,2023-02-16,2023-02-16,Same Day,CUST-972,United States,City_3,State_2,21861,Candy,Central,PROD-003,Sour Worms,Secret Factory,1376.61,361,907.31,469.3
3412,ORD-2023-13412,2023-03-06,2023-03-15,Standard Class,CUST-390,United States,City_41,State_11,68782,Candy,South,PROD-008,Lollipops,Lot's O' Nuts,460.98,359,281.48,179.5
3413,ORD-2023-13413,2023-05-19,2023-05-27,Standard Class,CUST-679,United States,City_20,State_18,46941,Nuts,West,PROD-007,Cashew Clusters,Lot's O' Nuts,5481.46,457,3653.46,1828.0
3414,ORD-2023-13414,2023-06-10,2023-06-13,Second Class,CUST-253,United States,City_35,State_7,93873,Candy,West,PROD-002,Gummy Bears,Sugar Shack,911.66,375,461.66,450.0
3415,ORD-2023-13415,2024-01-01,2024-01-03,Same Day,CUST-774,United States,City_32,State_19,82718,Chocolate,West,PROD-004,Peanut Butter Cups,Secret Factory,1614.93,193,1035.93,579.0
3416,ORD-2023-13416,2023-08-01,2023-08-05,Second Class,CUST-380,United States,City_41,State_15,71912,Candy,East,PROD-002,Gummy Bears,Wicked Choccy's,1104.85,463,549.25,555.6
3417,ORD-2023-13417,2023-02-03,2023-02-09,Second Class,CUST-579,United States,City_3,State_17,87924,Candy,Central,PROD-002,Gummy Bears,Lot's O' Nuts,1199.32,437,674.92,524.4
3418,ORD-2023-13418,2023-10-23,2023-10-23,Same Day,CUST-526,United States,City_8,State_3,49412,Candy,East,PROD-005,Jelly Beans,Lot's O' Nuts,178.28,71,71.78,106.5
3419,ORD-2023-13419,2023-12-31,2023-12-31,Same Day,CUST-205,United States,City_38,State_17,41603,Nuts,Central,PROD-007,Cashew Clusters,Sugar Shack,2219.7,342,851.7,1368.0
3420,ORD-2023-13420,2023-06-05,2023-06-06,First Class,CUST-409,United States,City_32,State_7,97885,Nuts,South,PROD-001,Chocolate Almonds,The Other Factory,636.31,98,391.31,245.0
3421,ORD-2023-13421,2023-05-04,2023-05-09,Second Class,CUST-785,United States,City_31,State_10,83343,Chocolate,Central,PROD-009,Caramel Squares,The Other Factory,2217.59,264,1478.39,739.2
3422,ORD-2023-13422,2023-08-29,2023-09-07,Standard Class,CUST-223,United States,City_41,State_5,54647,Candy,East,PROD-008,Lollipops,Secret Factory,346.43,296,198.43,148.0
3423,ORD-2023-13423,2023-03-22,2023-03-28,Standard Class,CUST-844,United States,City_50,State_18,14036,Chocolate,Central,PROD-004,Peanut Butter Cups,Wicked Choccy's,425.48,54,263.48,162.0
3424,ORD-2023-13424,2023-09-05,2023-09-05,Same Day,CUST-161,United States,City_40,State_14,97273,Chocolate,West,PROD-009,Caramel Squares,Wicked Choccy's,2500.76,302,1655.16,845.6
3425,ORD-2023-13425,2023-10-05,2023-10-10,Second Class,CUST-836,United States,City_14,State_18,38181,Nuts,East,PROD-007,Cashew Clusters,Secret Factory,1877.61,230,957.61,920.0
3426,ORD-2023-13426,2023-07-29,2023-08-05,Standard Class,CUST-945,United States,City_43,State_17,27510,Nuts,South,PROD-010,Pistachios,Sugar Shack,1580.98,167,829.48,751.5
3427,ORD-2023-13427,2023-12-16,2023-12-19,Second Class,CUST-951,United States,City_49,State_19,12775,Candy,East,PROD-002,Gummy Bears,Lot's O' Nuts,1036.27,391,567.07,469.2
3428,ORD-2023-13428,2023-09-24,2023-09-26,Same Day,CUST-746,United States,City_33,State_14,66969,Candy,West,PROD-008,Lollipops,Lot's O' Nuts,323.8,407,120.3,203.5
3429,ORD-2023-13429,2023-09-13,2023-09-18,Standard Class,CUST-870,United States,City_46,State_2,84794,Nuts,West,PROD-010,Pistachios,Wicked Choccy's,5205.83,419,3320.33,1885.5
3430,ORD-2023-13430,2023-11-01,2023-11-04,First Class,CUST-808,United States,City_28,State_16,49907,Chocolate,Central,PROD-009,Caramel Squares,Wicked Choccy's,625.14,89,375.94,249.2
3431,ORD-2023-13431,2023-11-12,2023-11-15,Second Class,CUST-972,United States,City_31,State_10,98237,Chocolate,South,PROD-009,Caramel Squares,Secret Factory,1239.53,219,626.33,613.2
3432,ORD-2023-13432,2023-08-15,2023-08-18,First Class,CUST-504,United States,City_24,State_9,21771,Candy,South,PROD-005,Jelly Beans,Sugar Shack,250.45,78,133.45,117.0
3433,ORD-2023-13433,2023-08-17,2023-08-27,Standard Class,CUST-588,United States,City_37,State_12,10457,Nuts,West,PROD-010,Pistachios,The Other Factory,2660.5,310,1265.5,1395.0
3434,ORD-2023-13434,2023-03-09,2023-03-11,First Class,CUST-290,United States,City_28,State_6,62062,Nuts,Central,PROD-001,Chocolate Almonds,Wicked Choccy's,1706.51,396,716.51,990.0
3435,ORD-2023-13435,2023-03-06,2023-03-12,Second Class,CUST-779,United States,City_17,State_12,32522,Nuts,East,PROD-010,Pistachios,Wicked Choccy's,5200.81,442,3211.81,1989.0
3436,ORD-2023-13436,2023-01-06,2023-01-12,Second Class,CUST-877,United States,City_3,State_15,43804,Chocolate,West,PROD-006,Dark Chocolate Truffles,Secret Factory,4628.24,323,3013.24,1615.0
3437,ORD-2023-13437,2023-02-14,2023-02-18,First Class,CUST-250,United States,City_42,State_5,45620,Nuts,West,PROD-001,Chocolate Almonds,Secret Factory,1312.32,231,734.82,577.5
3438,ORD-2023-13438,2023-03-04,2023-03-04,First Class,CUST-671,United States,City_13,State_16,92952,Candy,South,PROD-008,Lollipops,Secret Factory,74.51,74,37.51,37.0
3439,ORD-2023-13439,2023-07-03,2023-07-12,Standard Class,CUST-314,United States,City_26,State_14,88706,Nuts,East,PROD-010,Pistachios,The Other Factory,5459.7,440,3479.7,1980.0
3440,ORD-2023-13440,2023-08-11,2023-08-11,Same Day,CUST-364,United States,City_9,State_5,79833,Chocolate,West,PROD-004,Peanut Butter Cups,Wicked Choccy's,701.05,128,317.05,384.0
3441,ORD-2023-13441,2023-08-27,2023-09-02,Second Class,CUST-952,United States,City_15,State_16,98364,Chocolate,West,PROD-006,Dark Chocolate Truffles,Secret Factory,1151.34,81,746.34,405.0
3442,ORD-2023-13442,2023-02-22,2023-02-25,Second Class,CUST-334,United States,City_46,State_16,16973,Candy,Central,PROD-003,Sour Worms,Wicked Choccy's,67.33,28,30.93,36.4
3443,ORD-2023-13443,2023-12-02,2023-12-08,Second Class,CUST-134,United States,City_14,State_15,11460,Nuts,Central,PROD-001,Chocolate Almonds,The Other Factory,544.18,116,254.18,290.0
3444,ORD-2023-13444,2023-04-11,2023-04-15,Second Class,CUST-741,United States,City_35,State_17,37596,Candy,West,PROD-005,Jelly Beans,Wicked Choccy's,907.74,359,369.24,538.5
3445,ORD-2023-13445,2023-11-21,2023-11-21,Same Day,CUST-230,United States,City_24,State_16,81752,Chocolate,Central,PROD-009,Caramel Squares,Sugar Shack,3323.22,402,2197.62,1125.6
3446,ORD-2023-13446,2023-08-14,2023-08-17,Second Class,CUST-920,United States,City_46,State_12,98805,Nuts,South,PROD-001,Chocolate Almonds,Sugar Shack,364.27,61,211.77,152.5
3447,ORD-2023-13447,2023-10-04,2023-10-04,Same Day,CUST-768,United States,City_41,State_13,48770,Candy,South,PROD-002,Gummy Bears,Secret Factory,61.35,18,39.75,21.6
3448,ORD-2023-13448,2023-12-20,2023-12-20,First Class,CUST-601,United States,City_43,State_18,39157,Chocolate,Central,PROD-006,Dark Chocolate Truffles,Sugar Shack,682.17,83,267.17,415.0
3449,ORD-2023-13449,2023-05-29,2023-06-02,Same Day,CUST-830,United States,City_10,State_15,35980,Candy,West,PROD-008,Lollipops,The Other Factory,24.81,25,12.31,12.5
3450,ORD-2023-13450,2023-05-15,2023-05-19,Second Class,CUST-638,United States,City_36,State_7,93317,Nuts,Central,PROD-010,Pistachios,Secret Factory,5044.63,381,3330.13,1714.5
3451,ORD-2023-13451,2023-11-11,2023-11-12,Same Day,CUST-793,United States,City_44,State_17,38533,Nuts,West,PROD-010,Pistachios,Lot's O' Nuts,5163.9,476,3021.9,2142.0
3452,ORD-2023-13452,2023-05-02,2023-05-08,Standard Class,CUST-622,United States,City_24,State_19,98367,Chocolate,Central,PROD-004,Peanut Butter Cups,Lot's O' Nuts,463.02,94,181.02,282.0
3453,ORD-2023-13453,2023-12-15,2023-12-19,Standard Class,CUST-230,United States,City_22,State_1,61920,Nuts,Central,PROD-007,Cashew Clusters,Sugar Shack,3731.37,360,2291.37,1440.0
3454,ORD-2023-13454,2023-07-26,2023-07-30,Standard Class,CUST-404,United States,City_32,State_14,71739,Nuts,South,PROD-007,Cashew Clusters,Secret Factory,2973.8,340,1613.8,1360.0
3455,ORD-2023-13455,2023-03-14,2023-03-15,Second Class,CUST-841,United States,City_40,State_3,10127,Candy,South,PROD-002,Gummy Bears,Sugar Shack,843.73,296,488.53,355.2
3456,ORD-2023-13456,2023-06-08,2023-06-16,Second Class,CUST-490,United States,City_11,State_5,23521,Chocolate,Central,PROD-004,Peanut Butter Cups,The Other Factory,710.12,85,455.12,255.0
3457,ORD-2023-13457,2023-12-13,2023-12-18,Second Class,CUST-686,United States,City_44,State_14,39865,Chocolate,South,PROD-006,Dark Chocolate Truffles,Sugar Shack,2292.07,236,1112.07,1180.0
3458,ORD-2023-13458,2023-11-02,2023-11-05,First Class,CUST-669,United States,City_37,State_12,51993,Nuts,Central,PROD-010,Pistachios,The Other Factory,1067.4,157,360.9,706.5
3459,ORD-2023-13459,2023-12-06,2023-12-07,Same Day,CUST-176,United States,City_31,State_2,77311,Candy,Central,PROD-005,Jelly Beans,Secret Factory,1058.83,344,542.83,516.0
3460,ORD-2023-13460,2023-03-18,2023-03-23,Standard Class,CUST-116,United States,City_43,State_5,71307,Candy,East,PROD-008,Lollipops,Wicked Choccy's,538.98,388,344.98,194.0
3461,ORD-2023-13461,2023-12-16,2023-12-20,Second Class,CUST-459,United States,City_48,State_13,96089,Chocolate,South,PROD-004,Peanut Butter Cups,Secret Factory,3462.57,390,2292.57,1170.0
3462,ORD-2023-13462,2023-04-15,2023-04-19,Second Class,CUST-562,United States,City_18,State_19,38026,Candy,West,PROD-008,Lollipops,Wicked Choccy's,222.98,155,145.48,77.5
3463,ORD-2023-13463,2023-01-03,2023-01-07,Same Day,CUST-226,United States,City_3,State_20,11360,Nuts,South,PROD-010,Pistachios,Lot's O' Nuts,3092.47,418,1211.47,1881.0
3464,ORD-2023-13464,2023-01-12,2023-01-14,Same Day,CUST-979,United States,City_48,State_5,64178,Candy,South,PROD-005,Jelly Beans,The Other Factory,1272.17,392,684.17,588.0
3465,ORD-2023-13465,2023-12-07,2023-12-11,Second Class,CUST-728,United States,City_24,State_9,21975,Candy,South,PROD-005,Jelly Beans,Sugar Shack,851.68,250,476.68,375.0
3466,ORD-2023-13466,2023-11-03,2023-11-11,Standard Class,CUST-524,United States,City_19,State_12,93689,Candy,East,PROD-008,Lollipops,Secret Factory,124.51,111,69.01,55.5
3467,ORD-2023-13467,2023-06-29,2023-06-29,First Class,CUST-352,United States,City_46,State_9,64849,Chocolate,East,PROD-009,Caramel Squares,Lot's O' Nuts,2467.05,394,1363.85,1103.2
3468,ORD-2023-13468,2023-09-10,2023-09-14,First Class,CUST-339,United States,City_35,State_15,81971,Nuts,Central,PROD-007,Cashew Clusters,The Other Factory,3021.39,415,1361.39,1660.0
3469,ORD-2023-13469,2023-12-04,2023-12-10,Standard Class,CUST-453,United States,City_6,State_18,35084,Nuts,West,PROD-001,Chocolate Almonds,Sugar Shack,932.36,179,484.86,447.5
3470,ORD-2023-13470,2023-08-15,2023-08-17,Same Day,CUST-871,United States,City_35,State_17,40984,Candy,Central,PROD-008,Lollipops,The Other Factory,66.92,56,38.92,28.0
3471,ORD-2023-13471,2023-07-01,2023-07-03,First Class,CUST-512,United States,City_33,State_11,91129,Candy,West,PROD-008,Lollipops,Sugar Shack,38.55,32,22.55,16.0
3472,ORD-2023-13472,2023-03-22,2023-03-27,Same Day,CUST-253,United States,City_16,State_2,77043,Chocolate,East,PROD-004,Peanut Butter Cups,The Other Factory,2334.42,392,1158.42,1176.0
3473,ORD-2023-13473,2023-07-21,2023-07-23,First Class,CUST-755,United States,City_11,State_9,39136,Nuts,South,PROD-010,Pistachios,The Other Factory,4559.42,420,2669.42,1890.0
3474,ORD-2023-13474,2023-09-28,2023-09-29,First Class,CUST-281,United States,City_8,State_6,23385,Candy,Central,PROD-005,Jelly Beans,Wicked Choccy's,778.69,217,453.19,325.5
3475,ORD-2023-13475,2023-09-16,2023-09-22,Second Class,CUST-633,United States,City_35,State_2,37469,Chocolate,East,PROD-006,Dark Chocolate Truffles,Secret Factory,1922.27,241,717.27,1205.0
3476,ORD-2023-13476,2023-07-15,2023-07-16,First Class,CUST-406,United States,City_38,State_2,37779,Chocolate,South,PROD-006,Dark Chocolate Truffles,Sugar Shack,1711.18,228,571.18,1140.0
3477,ORD-2023-13477,2023-05-22,2023-05-24,Same Day,CUST-696,United States,City_8,State_3,65840,Candy,Central,PROD-008,Lollipops,Secret Factory,262.82,245,140.32,122.5
3478,ORD-2023-13478,2023-06-23,2023-06-25,Standard Class,CUST-343,United States,City_47,State_19,99204,Candy,West,PROD-002,Gummy Bears,Wicked Choccy's,114.34,32,75.94,38.4
3479,ORD-2023-13479,2023-12-30,2023-12-31,Same Day,CUST-818,United States,City_5,State_19,93732,Nuts,Central,PROD-007,Cashew Clusters,Sugar Shack,2740.95,267,1672.95,1068.0
3480,ORD-2023-13480,2023-06-10,2023-06-19,Standard Class,CUST-320,United States,City_14,State_12,27173,Nuts,Central,PROD-001,Chocolate Almonds,Lot's O' Nuts,1658.25,276,968.25,690.0
3481,ORD-2023-13481,2023-02-21,2023-02-25,Standard Class,CUST-421,United States,City_21,State_1,13396,Chocolate,South,PROD-009,Caramel Squares,Secret Factory,2194.09,427,998.49,1195.6
3482,ORD-2023-13482,2023-04-09,2023-04-09,Same Day,CUST-208,United States,City_2,State_3,34164,Candy,Central,PROD-003,Sour Worms,The Other Factory,1226.01,414,687.81,538.2
3483,ORD-2023-13483,2023-10-05,2023-10-11,Standard Class,CUST-672,United States,City_4,State_13,95730,Candy,South,PROD-005,Jelly Beans,Sugar Shack,245.11,57,159.61,85.5
3484,ORD-2023-13484,2023-04-08,2023-04-15,Standard Class,CUST-903,United States,City_47,State_12,14742,Candy,Central,PROD-002,Gummy Bears,The Other Factory,1203.05,477,630.65,572.4
3485,ORD-2023-13485,2023-12-10,2023-12-16,Standard Class,CUST-707,United States,City_15,State_19,63973,Chocolate,East,PROD-006,Dark Chocolate Truffles,Sugar Shack,5558.33,426,3428.33,2130.0
3486,ORD-2023-13486,2023-12-05,2023-12-08,Same Day,CUST-107,United States,City_35,State_1,94149,Chocolate,East,PROD-009,Caramel Squares,Secret Factory,1184.91,262,451.31,733.6
3487,ORD-2023-13487,2023-12-29,2024-01-07,Second Class,CUST-970,United States,City_36,State_12,12263,Candy,West,PROD-005,Jelly Beans,The Other Factory,366.44,93,226.94,139.5
3488,ORD-2023-13488,2023-03-20,2023-03-30,Standard Class,CUST-932,United States,City_9,State_3,35521,Candy,South,PROD-008,Lollipops,Lot's O' Nuts,285.48,312,129.48,156.0
3489,ORD-2023-13489,2023-03-11,2023-03-16,Second Class,CUST-980,United States,City_50,State_9,15419,Candy,Central,PROD-005,Jelly Beans,The Other Factory,108.99,31,62.49,46.5
3490,ORD-2023-13490,2023-08-30,2023-09-05,Standard Class,CUST-669,United States,City_23,State_13,30250,Nuts,South,PROD-001,Chocolate Almonds,Wicked Choccy's,1344.47,263,686.97,657.5
3491,ORD-2023-13491,2023-07-24,2023-07-26,Same Day,CUST-285,United States,City_27,State_5,14302,Candy,East,PROD-008,Lollipops,Sugar Shack,51.28,64,19.28,32.0
3492,ORD-2023-13492,2023-02-07,2023-02-12,First Class,CUST-789,United States,City_6,State_6,24439,Chocolate,South,PROD-004,Peanut Butter Cups,Lot's O' Nuts,1358.2,229,671.2,687.0
3493,ORD-2023-13493,2023-11-26,2023-12-02,Standard Class,CUST-224,United States,City_43,State_5,97578,Candy,South,PROD-002,Gummy Bears,The Other Factory,116.58,42,66.18,50.4
3494,ORD-2023-13494,2023-01-31,2023-02-06,Second Class,CUST-697,United States,City_48,State_17,74922,Chocolate,West,PROD-004,Peanut Butter Cups,The Other Factory,613.93,103,304.93,309.0
3495,ORD-2023-13495,2023-03-19,2023-03-21,Same Day,CUST-391,United States,City_43,State_11,88647,Nuts,East,PROD-010,Pistachios,Wicked Choccy's,925.75,123,372.25,553.5
3496,ORD-2023-13496,2023-10-26,2023-11-07,Standard Class,CUST-210,United States,City_37,State_13,81771,Nuts,East,PROD-007,Cashew Clusters,The Other Factory,3078.92,370,1598.92,1480.0
3497,ORD-2023-13497,2023-06-26,2023-07-01,Standard Class,CUST-244,United States,City_49,State_2,38462,Nuts,Central,PROD-001,Chocolate Almonds,Sugar Shack,379.81,93,147.31,232.5
3498,ORD-2023-13498,2023-05-21,2023-05-21,Same Day,CUST-805,United States,City_36,State_1,43183,Nuts,East,PROD-007,Cashew Clusters,Lot's O' Nuts,2694.06,407,1066.06,1628.0
3499,ORD-2023-13499,2023-12-21,2023-12-30,Standard Class,CUST-204,United States,City_17,State_2,82326,Candy,East,PROD-005,Jelly Beans,Secret Factory,1086.43,322,603.43,483.0
3500,ORD-2023-13500,2023-05-15,2023-05-17,First Class,CUST-460,United States,City_2,State_13,11514,Chocolate,South,PROD-004,Peanut Butter Cups,Sugar Shack,1078.22,153,619.22,459.0
3501,ORD-2023-13501,2023-03-09,2023-03-13,Same Day,CUST-368,United States,City_22,State_13,66649,Nuts,East,PROD-010,Pistachios,Sugar Shack,4778.04,364,3140.04,1638.0
3502,ORD-2023-13502,2023-10-20,2023-10-24,First Class,CUST-364,United States,City_10,State_20,45937,Nuts,West,PROD-010,Pistachios,The Other Factory,2416.32,344,868.32,1548.0
3503,ORD-2023-13503,2023-05-29,2023-06-04,Standard Class,CUST-980,United States,City_42,State_15,66502,Candy,West,PROD-002,Gummy Bears,Sugar Shack,799.96,327,407.56,392.4
3504,ORD-2023-13504,2023-08-21,2023-08-23,First Class,CUST-719,United States,City_6,State_20,55271,Candy,West,PROD-003,Sour Worms,Sugar Shack,741.68,217,459.58,282.1
3505,ORD-2023-13505,2023-05-27,2023-05-27,Same Day,CUST-745,United States,City_26,State_4,71526,Chocolate,East,PROD-004,Peanut Butter Cups,Lot's O' Nuts,1347.99,263,558.99,789.0
3506,ORD-2023-13506,2023-03-10,2023-03-15,Standard Class,CUST-496,United States,City_9,State_20,68456,Candy,Central,PROD-005,Jelly Beans,Secret Factory,1809.88,410,1194.88,615.0
3507,ORD-2023-13507,2023-07-18,2023-07-18,Same Day,CUST-653,United States,City_26,State_14,11032,Nuts,East,PROD-007,Cashew Clusters,Lot's O' Nuts,848.99,80,528.99,320.0
3508,ORD-2023-13508,2023-07-24,2023-07-26,First Class,CUST-746,United States,City_44,State_14,73323,Chocolate,West,PROD-004,Peanut Butter Cups,Sugar Shack,3191.24,458,1817.24,1374.0
3509,ORD-2023-13509,2023-07-13,2023-07-19,First Class,CUST-863,United States,City_32,State_10,15872,Nuts,South,PROD-001,Chocolate Almonds,Lot's O' Nuts,620.73,90,395.73,225.0
3510,ORD-2023-13510,2023-03-09,2023-03-11,Same Day,CUST-251,United States,City_21,State_5,45850,Candy,Central,PROD-003,Sour Worms,Lot's O' Nuts,243.7,115,94.2,149.5
3511,ORD-2023-13511,2023-06-24,2023-06-29,Second Class,CUST-951,United States,City_3,State_1,78288,Candy,Central,PROD-003,Sour Worms,Wicked Choccy's,1471.51,433,908.61,562.9
3512,ORD-2023-13512,2023-02-02,2023-02-04,Same Day,CUST-470,United States,City_4,State_11,29686,Chocolate,Central,PROD-006,Dark Chocolate Truffles,The Other Factory,2132.4,241,927.4,1205.0
3513,ORD-2023-13513,2023-04-12,2023-04-16,First Class,CUST-836,United States,City_8,State_17,45677,Nuts,West,PROD-001,Chocolate Almonds,Sugar Shack,1639.64,402,634.64,1005.0
3514,ORD-2023-13514,2023-11-10,2023-11-13,First Class,CUST-395,United States,City_43,State_5,41745,Chocolate,East,PROD-006,Dark Chocolate Truffles,Secret Factory,5285.07,434,3115.07,2170.0
3515,ORD-2023-13515,2023-11-06,2023-11-12,Standard Class,CUST-999,United States,City_38,State_9,43835,Candy,East,PROD-003,Sour Worms,Wicked Choccy's,194.63,53,125.73,68.9
3516,ORD-2023-13516,2023-05-24,2023-06-01,Standard Class,CUST-651,United States,City_32,State_17,39156,Chocolate,Central,PROD-004,Peanut Butter Cups,Lot's O' Nuts,2092.35,451,739.35,1353.0
3517,ORD-2023-13517,2023-10-30,2023-11-01,Same Day,CUST-805,United States,City_20,State_2,29475,Candy,South,PROD-005,Jelly Beans,Wicked Choccy's,1389.59,400,789.59,600.0
3518,ORD-2023-13518,2023-04-27,2023-05-04,Second Class,CUST-737,United States,City_37,State_17,20591,Candy,South,PROD-002,Gummy Bears,Lot's O' Nuts,124.87,57,56.47,68.4
3519,ORD-2023-13519,2023-12-15,2023-12-21,Standard Class,CUST-982,United States,City_20,State_6,63529,Chocolate,East,PROD-009,Caramel Squares,Lot's O' Nuts,1742.41,300,902.41,840.0
3520,ORD-2023-13520,2023-12-14,2023-12-14,Second Class,CUST-584,United States,City_29,State_10,55459,Chocolate,South,PROD-006,Dark Chocolate Truffles,Secret Factory,1838.19,180,938.19,900.0
3521,ORD-2023-13521,2023-09-15,2023-09-19,First Class,CUST-247,United States,City_13,State_16,92112,Candy,West,PROD-003,Sour Worms,Secret Factory,1053.48,277,693.38,360.1
3522,ORD-2023-13522,2023-04-06,2023-04-06,First Class,CUST-307,United States,City_21,State_4,18861,Candy,Central,PROD-003,Sour Worms,Sugar Shack,239.76,75,142.26,97.5
3523,ORD-2023-13523,2023-06-19,2023-06-27,Standard Class,CUST-357,United States,City_22,State_12,40199,Candy,West,PROD-008,Lollipops,The Other Factory,49.13,33,32.63,16.5
3524,ORD-2023-13524,2023-03-23,2023-03-29,Same Day,CUST-551,United States,City_26,State_16,67035,Chocolate,West,PROD-009,Caramel Squares,The Other Factory,108.49,13,72.09,36.4
3525,ORD-2023-13525,2023-10-04,2023-10-10,Second Class,CUST-406,United States,City_21,State_17,68555,Nuts,East,PROD-007,Cashew Clusters,Secret Factory,3415.75,289,2259.75,1156.0
3526,ORD-2023-13526,2023-06-10,2023-06-10,Same Day,CUST-962,United States,City_14,State_13,82803,Candy,East,PROD-002,Gummy Bears,Wicked Choccy's,223.89,116,84.69,139.2
3527,ORD-2023-13527,2023-07-10,2023-07-19,Standard Class,CUST-239,United States,City_26,State_5,22488,Chocolate,West,PROD-006,Dark Chocolate Truffles,The Other Factory,5342.07,407,3307.07,2035.0
3528,ORD-2023-13528,2023-05-12,2023-05-20,Standard Class,CUST-325,United States,City_1,State_4,11995,Nuts,Central,PROD-001,Chocolate Almonds,Secret Factory,3034.66,414,1999.66,1035.0
3529,ORD-2023-13529,2023-07-02,2023-07-04,First Class,CUST-988,United States,City_39,State_13,50093,Nuts,Central,PROD-007,Cashew Clusters,Lot's O' Nuts,782.71,82,454.71,328.0
3530,ORD-2023-13530,2023-04-15,2023-04-16,First Class,CUST-914,United States,City_40,State_16,22672,Chocolate,Central,PROD-006,Dark Chocolate Truffles,Secret Factory,954.2,119,359.2,595.0
3531,ORD-2023-13531,2023-05-05,2023-05-10,Second Class,CUST-694,United States,City_29,State_6,91555,Candy,West,PROD-002,Gummy Bears,Sugar Shack,1066.24,464,509.44,556.8
3532,ORD-2023-13532,2023-02-17,2023-02-25,Standard Class,CUST-864,United States,City_14,State_10,39659,Nuts,South,PROD-007,Cashew Clusters,The Other Factory,231.0,22,143.0,88.0
3533,ORD-2023-13533,2023-12-31,2024-01-02,First Class,CUST-933,United States,City_36,State_14,92168,Candy,South,PROD-005,Jelly Beans,Sugar Shack,1098.43,287,667.93,430.5
3534,ORD-2023-13534,2023-09-20,2023-09-24,Same Day,CUST-827,United States,City_9,State_4,58019,Candy,East,PROD-002,Gummy Bears,The Other Factory,409.67,216,150.47,259.2
3535,ORD-2023-13535,2023-11-07,2023-11-13,Same Day,CUST-547,United States,City_15,State_17,26720,Nuts,West,PROD-010,Pistachios,The Other Factory,1150.4,140,520.4,630.0
3536,ORD-2023-13536,2023-04-20,2023-04-27,Second Class,CUST-290,United States,City_15,State_20,52138,Candy,East,PROD-008,Lollipops,Sugar Shack,60.91,70,25.91,35.0
3537,ORD-2023-13537,2023-01-08,2023-01-14,Same Day,CUST-802,United States,City_8,State_10,78860,Candy,East,PROD-005,Jelly Beans,The Other Factory,515.64,158,278.64,237.0
3538,ORD-2023-13538,2023-08-24,2023-08-24,First Class,CUST-608,United States,City_17,State_1,70167,Chocolate,South,PROD-004,Peanut Butter Cups,Secret Factory,1946.19,251,1193.19,753.0
3539,ORD-2023-13539,2023-07-30,2023-08-01,Same Day,CUST-880,United States,City_23,State_13,11641,Nuts,South,PROD-001,Chocolate Almonds,Wicked Choccy's,3371.65,450,2246.65,1125.0
3540,ORD-2023-13540,2023-03-24,2023-03-26,Second Class,CUST-972,United States,City_10,State_4,33722,Nuts,South,PROD-001,Chocolate Almonds,Secret Factory,3339.88,447,2222.38,1117.5
3541,ORD-2023-13541,2023-09-15,2023-09-19,Second Class,CUST-650,United States,City_11,State_16,82823,Chocolate,East,PROD-009,Caramel Squares,Wicked Choccy's,1739.12,222,1117.52,621.6
3542,ORD-2023-13542,2023-05-14,2023-05-18,Same Day,CUST-713,United States,City_14,State_7,11454,Candy,West,PROD-005,Jelly Beans,Secret Factory,1498.6,372,940.6,558.0
3543,ORD-2023-13543,2023-12-06,2023-12-11,Second Class,CUST-511,United States,City_26,State_13,14254,Candy,South,PROD-005,Jelly Beans,Sugar Shack,930.68,399,332.18,598.5
3544,ORD-2023-13544,2023-02-18,2023-02-22,Second Class,CUST-769,United States,City_17,State_7,54571,Candy,Central,PROD-005,Jelly Beans,The Other Factory,278.65,103,124.15,154.5
3545,ORD-2023-13545,2023-09-24,2023-10-03,Standard Class,CUST-980,United States,City_28,State_12,22855,Chocolate,East,PROD-009,Caramel Squares,Sugar Shack,1902.66,346,933.86,968.8
3546,ORD-2023-13546,2023-01-15,2023-01-21,Standard Class,CUST-340,United States,City_30,State_18,99418,Candy,West,PROD-003,Sour Worms,Sugar Shack,1234.92,456,642.12,592.8
3547,ORD-2023-13547,2023-10-14,2023-10-20,First Class,CUST-330,United States,City_25,State_9,92040,Candy,East,PROD-002,Gummy Bears,Secret Factory,1158.73,373,711.13,447.6
3548,ORD-2023-13548,2023-06-23,2023-06-24,Same Day,CUST-470,United States,City_48,State_18,91975,Chocolate,East,PROD-009,Caramel Squares,Lot's O' Nuts,1734.52,306,877.72,856.8
3549,ORD-2023-13549,2023-02-07,2023-02-11,Second Class,CUST-687,United States,City_49,State_7,23684,Chocolate,Central,PROD-006,Dark Chocolate Truffles,The Other Factory,3066.99,328,1426.99,1640.0
3550,ORD-2023-13550,2023-06-22,2023-06-24,Same Day,CUST-600,United States,City_26,State_15,66055,Chocolate,West,PROD-004,Peanut Butter Cups,Secret Factory,2054.01,305,1139.01,915.0
3551,ORD-2023-13551,2023-07-07,2023-07-07,Same Day,CUST-907,United States,City_36,State_14,19424,Chocolate,South,PROD-009,Caramel Squares,Secret Factory,1524.1,300,684.1,840.0
3552,ORD-2023-13552,2023-05-12,2023-05-13,Same Day,CUST-454,United States,City_15,State_18,13078,Chocolate,East,PROD-004,Peanut Butter Cups,Sugar Shack,1516.11,314,574.11,942.0
3553,ORD-2023-13553,2023-08-10,2023-08-16,Second Class,CUST-233,United States,City_13,State_7,89666,Chocolate,Central,PROD-009,Caramel Squares,The Other Factory,2580.7,412,1427.1,1153.6
3554,ORD-2023-13554,2023-02-28,2023-03-07,Same Day,CUST-133,United States,City_7,State_3,20747,Nuts,South,PROD-010,Pistachios,Lot's O' Nuts,2468.57,196,1586.57,882.0
3555,ORD-2023-13555,2023-06-07,2023-06-12,First Class,CUST-415,United States,City_19,State_6,36058,Chocolate,East,PROD-004,Peanut Butter Cups,The Other Factory,2469.59,279,1632.59,837.0
3556,ORD-2023-13556,2023-02-08,2023-02-12,Second Class,CUST-718,United States,City_1,State_3,10332,Nuts,South,PROD-007,Cashew Clusters,Sugar Shack,1709.84,143,1137.84,572.0
3557,ORD-2023-13557,2023-05-09,2023-05-14,Same Day,CUST-720,United States,City_2,State_10,92423,Chocolate,East,PROD-009,Caramel Squares,Secret Factory,2649.51,432,1439.91,1209.6
3558,ORD-2023-13558,2023-09-04,2023-09-11,First Class,CUST-127,United States,City_25,State_15,90359,Nuts,East,PROD-010,Pistachios,The Other Factory,1280.87,124,722.87,558.0
3559,ORD-2023-13559,2023-07-18,2023-07-20,Second Class,CUST-137,United States,City_38,State_13,25488,Nuts,South,PROD-010,Pistachios,Secret Factory,1922.02,241,837.52,1084.5
3560,ORD-2023-13560,2023-04-03,2023-04-03,Same Day,CUST-790,United States,City_12,State_2,57688,Nuts,West,PROD-001,Chocolate Almonds,Wicked Choccy's,1130.93,231,553.43,577.5
3561,ORD-2023-13561,2023-05-17,2023-05-20,Second Class,CUST-580,United States,City_7,State_12,57436,Chocolate,South,PROD-009,Caramel Squares,Secret Factory,2725.05,476,1392.25,1332.8
3562,ORD-2023-13562,2023-09-08,2023-09-14,Second Class,CUST-218,United States,City_44,State_11,50403,Candy,West,PROD-008,Lollipops,The Other Factory,188.08,249,63.58,124.5
3563,ORD-2023-13563,2023-04-16,2023-04-18,Same Day,CUST-847,United States,City_27,State_1,86839,Nuts,South,PROD-010,Pistachios,Lot's O' Nuts,4028.15,330,2543.15,1485.0
3564,ORD-2023-13564,2023-09-18,2023-09-22,Same Day,CUST-988,United States,City_42,State_18,65063,Nuts,Central,PROD-007,Cashew Clusters,The Other Factory,2957.13,292,1789.13,1168.0
3565,ORD-2023-13565,2023-04-13,2023-04-16,Same Day,CUST-487,United States,City_31,State_19,48449,Candy,Central,PROD-002,Gummy Bears,Lot's O' Nuts,1192.7,492,602.3,590.4
3566,ORD-2023-13566,2023-05-20,2023-05-24,First Class,CUST-272,United States,City_25,State_7,29710,Chocolate,South,PROD-004,Peanut Butter Cups,Wicked Choccy's,3110.57,462,1724.57,1386.0
3567,ORD-2023-13567,2023-06-29,2023-06-29,Same Day,CUST-992,United States,City_17,State_11,77927,Candy,South,PROD-008,Lollipops,Secret Factory,328.22,314,171.22,157.0
3568,ORD-2023-13568,2023-10-26,2023-10-28,First Class,CUST-553,United States,City_48,State_3,55727,Candy,South,PROD-008,Lollipops,Secret Factory,316.9,334,149.9,167.0
3569,ORD-2023-13569,2023-05-10,2023-05-11,Same Day,CUST-136,United States,City_46,State_5,43185,Chocolate,Central,PROD-006,Dark Chocolate Truffles,Wicked Choccy's,4473.84,452,2213.84,2260.0
3570,ORD-2023-13570,2023-09-11,2023-09-13,Same Day,CUST-105,United States,City_36,State_9,99027,Nuts,West,PROD-001,Chocolate Almonds,Sugar Shack,576.19,96,336.19,240.0
3571,ORD-2023-13571,2023-04-27,2023-04-29,First Class,CUST-440,United States,City_2,State_8,67793,Chocolate,South,PROD-009,Caramel Squares,The Other Factory,2305.07,338,1358.67,946.4
3572,ORD-2023-13572,2023-09-26,2023-09-30,Same Day,CUST-644,United States,City_14,State_7,79950,Chocolate,East,PROD-006,Dark Chocolate Truffles,Sugar Shack,134.02,13,69.02,65.0
3573,ORD-2023-13573,2023-11-07,2023-11-13,Second Class,CUST-715,United States,City_25,State_10,78794,Chocolate,West,PROD-006,Dark Chocolate Truffles,Secret Factory,664.39,71,309.39,355.0
3574,ORD-2023-13574,2023-04-24,2023-04-27,Same Day,CUST-922,United States,City_18,State_3,56104,Nuts,East,PROD-001,Chocolate Almonds,Sugar Shack,1106.26,244,496.26,610.0
3575,ORD-2023-13575,2023-12-28,2024-01-01,Second Class,CUST-421,United States,City_7,State_2,28501,Nuts,West,PROD-001,Chocolate Almonds,Secret Factory,972.07,141,619.57,352.5
3576,ORD-2023-13576,2023-11-20,2023-11-21,Same Day,CUST-306,United States,City_19,State_13,71247,Nuts,West,PROD-007,Cashew Clusters,Sugar Shack,2637.53,307,1409.53,1228.0
3577,ORD-2023-13577,2023-08-10,2023-08-10,Same Day,CUST-323,United States,City_9,State_16,35764,Candy,Central,PROD-005,Jelly Beans,Secret Factory,912.6,391,326.1,586.5
3578,ORD-2023-13578,2023-02-27,2023-02-28,First Class,CUST-901,United States,City_4,State_19,47182,Nuts,South,PROD-010,Pistachios,The Other Factory,1948.25,181,1133.75,814.5
3579,ORD-2023-13579,2023-04-02,2023-04-06,Standard Class,CUST-145,United States,City_31,State_18,24440,Candy,East,PROD-002,Gummy Bears,Lot's O' Nuts,887.29,331,490.09,397.2
3580,ORD-2023-13580,2023-06-03,2023-06-04,Same Day,CUST-572,United States,City_31,State_19,93079,Nuts,East,PROD-010,Pistachios,Sugar Shack,2343.28,275,1105.78,1237.5
3581,ORD-2023-13581,2023-01-12,2023-01-17,Second Class,CUST-357,United States,City_14,State_11,68613,Candy,West,PROD-008,Lollipops,Wicked Choccy's,185.91,228,71.91,114.0
3582,ORD-2023-13582,2023-06-24,2023-06-29,Second Class,CUST-452,United States,City_43,State_6,63725,Chocolate,South,PROD-006,Dark Chocolate Truffles,Sugar Shack,306.47,21,201.47,105.0
3583,ORD-2023-13583,2023-07-26,2023-08-04,Standard Class,CUST-442,United States,City_28,State_16,17924,Nuts,South,PROD-001,Chocolate Almonds,Wicked Choccy's,2578.26,450,1453.26,1125.0
3584,ORD-2023-13584,2023-11-04,2023-11-05,Second Class,CUST-836,United States,City_26,State_4,38628,Candy,East,PROD-008,Lollipops,Lot's O' Nuts,95.72,103,44.22,51.5
3585,ORD-2023-13585,2023-09-09,2023-09-13,Second Class,CUST-712,United States,City_42,State_19,78277,Nuts,West,PROD-010,Pistachios,Lot's O' Nuts,2081.53,246,974.53,1107.0
3586,ORD-2023-13586,2023-09-13,2023-09-16,Second Class,CUST-556,United States,City_1,State_11,76194,Candy,West,PROD-005,Jelly Beans,Lot's O' Nuts,957.91,220,627.91,330.0
3587,ORD-2023-13587,2023-11-18,2023-11-26,Standard Class,CUST-965,United States,City_42,State_12,25611,Nuts,East,PROD-001,Chocolate Almonds,Secret Factory,2762.29,420,1712.29,1050.0
3588,ORD-2023-13588,2023-09-11,2023-09-16,Standard Class,CUST-640,United States,City_14,State_18,99224,Nuts,Central,PROD-001,Chocolate Almonds,Secret Factory,206.39,28,136.39,70.0
3589,ORD-2023-13589,2023-01-06,2023-01-11,Second Class,CUST-961,United States,City_50,State_12,70612,Candy,Central,PROD-005,Jelly Beans,Secret Factory,355.6,126,166.6,189.0
3590,ORD-2023-13590,2023-12-20,2023-12-22,First Class,CUST-398,United States,City_17,State_20,26947,Chocolate,Central,PROD-004,Peanut Butter Cups,Secret Factory,1618.13,357,547.13,1071.0
3591,ORD-2023-13591,2023-04-07,2023-04-14,Standard Class,CUST-667,United States,City_33,State_8,96929,Candy,East,PROD-008,Lollipops,Wicked Choccy's,98.01,70,63.01,35.0
3592,ORD-2023-13592,2023-08-08,2023-08-15,Standard Class,CUST-433,United States,City_48,State_20,75873,Nuts,West,PROD-007,Cashew Clusters,Sugar Shack,2741.89,262,1693.89,1048.0
3593,ORD-2023-13593,2023-10-10,2023-10-17,Standard Class,CUST-423,United States,City_48,State_19,38260,Candy,Central,PROD-005,Jelly Beans,Sugar Shack,1108.62,297,663.12,445.5
3594,ORD-2023-13594,2023-08-25,2023-08-28,Standard Class,CUST-546,United States,City_1,State_11,30252,Nuts,West,PROD-001,Chocolate Almonds,Wicked Choccy's,2335.74,330,1510.74,825.0
3595,ORD-2023-13595,2023-07-05,2023-07-17,Standard Class,CUST-764,United States,City_3,State_5,89567,Nuts,East,PROD-007,Cashew Clusters,The Other Factory,658.87,91,294.87,364.0
3596,ORD-2023-13596,2023-04-11,2023-04-13,Same Day,CUST-714,United States,City_11,State_8,56952,Nuts,South,PROD-010,Pistachios,The Other Factory,841.07,122,292.07,549.0
3597,ORD-2023-13597,2023-05-06,2023-05-10,Standard Class,CUST-758,United States,City_38,State_4,56297,Nuts,Central,PROD-007,Cashew Clusters,Sugar Shack,216.03,25,116.03,100.0
3598,ORD-2023-13598,2023-04-17,2023-04-19,Same Day,CUST-220,United States,City_10,State_20,56829,Candy,West,PROD-005,Jelly Beans,Lot's O' Nuts,1264.27,483,539.77,724.5
3599,ORD-2023-13599,2023-01-12,2023-01-20,Standard Class,CUST-180,United States,City_43,State_18,28354,Chocolate,Central,PROD-004,Peanut Butter Cups,Lot's O' Nuts,807.1,159,330.1,477.0
3600,ORD-2023-13600,2023-06-04,2023-06-11,Standard Class,CUST-900,United States,City_45,State_2,84267,Nuts,West,PROD-001,Chocolate Almonds,Secret Factory,1968.21,280,1268.21,700.0
3601,ORD-2023-13601,2023-09-29,2023-10-02,First Class,CUST-322,United States,City_34,State_12,68125,Chocolate,Central,PROD-004,Peanut Butter Cups,Lot's O' Nuts,1207.28,157,736.28,471.0
3602,ORD-2023-13602,2023-10-28,2023-10-31,Second Class,CUST-866,United States,City_10,State_9,53189,Candy,South,PROD-008,Lollipops,The Other Factory,486.23,425,273.73,212.5
3603,ORD-2023-13603,2023-02-13,2023-02-17,First Class,CUST-248,United States,City_44,State_7,77530,Chocolate,East,PROD-006,Dark Chocolate Truffles,Wicked Choccy's,2464.01,284,1044.01,1420.0
3604,ORD-2023-13604,2023-10-28,2023-11-01,Second Class,CUST-200,United States,City_33,State_11,34204,Candy,Central,PROD-003,Sour Worms,Secret Factory,695.76,191,447.46,248.3
3605,ORD-2023-13605,2023-09-28,2023-09-30,Same Day,CUST-841,United States,City_6,State_11,54361,Chocolate,South,PROD-006,Dark Chocolate Truffles,Sugar Shack,4703.74,411,2648.74,2055.0
3606,ORD-2023-13606,2023-09-20,2023-09-25,Standard Class,CUST-845,United States,City_47,State_20,53036,Nuts,West,PROD-010,Pistachios,Lot's O' Nuts,776.17,73,447.67,328.5
3607,ORD-2023-13607,2023-02-22,2023-02-22,Same Day,CUST-115,United States,City_46,State_10,77174,Candy,South,PROD-005,Jelly Beans,Sugar Shack,1437.12,355,904.62,532.5
3608,ORD-2023-13608,2023-01-16,2023-01-21,First Class,CUST-770,United States,City_17,State_10,63375,Chocolate,East,PROD-009,Caramel Squares,Sugar Shack,1789.37,271,1030.57,758.8
3609,ORD-2023-13609,2023-01-14,2023-01-15,First Class,CUST-522,United States,City_39,State_12,55438,Candy,West,PROD-005,Jelly Beans,Lot's O' Nuts,1030.65,237,675.15,355.5
3610,ORD-2023-13610,2023-06-20,2023-06-25,First Class,CUST-979,United States,City_4,State_17,27577,Chocolate,West,PROD-006,Dark Chocolate Truffles,The Other Factory,3059.33,270,1709.33,1350.0
3611,ORD-2023-13611,2023-06-03,2023-06-04,First Class,CUST-562,United States,City_41,State_16,74639,Candy,South,PROD-003,Sour Worms,Secret Factory,820.36,238,510.96,309.4
3612,ORD-2023-13612,2023-05-26,2023-05-28,First Class,CUST-229,United States,City_14,State_17,68638,Candy,West,PROD-005,Jelly Beans,Sugar Shack,1767.82,460,1077.82,690.0
3613,ORD-2023-13613,2023-11-02,2023-11-03,Same Day,CUST-117,United States,City_32,State_2,47358,Candy,West,PROD-003,Sour Worms,Sugar Shack,787.65,250,462.65,325.0
3614,ORD-2023-13614,2023-10-19,2023-10-20,First Class,CUST-572,United States,City_17,State_4,67196,Chocolate,Central,PROD-006,Dark Chocolate Truffles,Sugar Shack,4716.53,362,2906.53,1810.0
3615,ORD-2023-13615,2023-08-04,2023-08-05,First Class,CUST-220,United States,City_10,State_11,57712,Nuts,West,PROD-007,Cashew Clusters,Wicked Choccy's,3842.24,347,2454.24,1388.0
3616,ORD-2023-13616,2023-03-28,2023-04-04,Standard Class,CUST-557,United States,City_17,State_20,12729,Nuts,Central,PROD-010,Pistachios,Wicked Choccy's,3984.62,407,2153.12,1831.5
3617,ORD-2023-13617,2023-03-20,2023-03-25,Second Class,CUST-594,United States,City_26,State_12,35866,Nuts,East,PROD-007,Cashew Clusters,Sugar Shack,1797.02,261,753.02,1044.0
3618,ORD-2023-13618,2023-12-22,2023-12-26,Standard Class,CUST-205,United States,City_32,State_2,17324,Candy,Central,PROD-002,Gummy Bears,Sugar Shack,716.13,331,318.93,397.2
3619,ORD-2023-13619,2023-10-12,2023-10-14,First Class,CUST-461,United States,City_23,State_20,54067,Chocolate,Central,PROD-006,Dark Chocolate Truffles,Sugar Shack,1785.83,133,1120.83,665.0
3620,ORD-2023-13620,2023-08-06,2023-08-14,Standard Class,CUST-779,United States,City_14,State_7,58891,Chocolate,West,PROD-006,Dark Chocolate Truffles,Secret Factory,4328.34,295,2853.34,1475.0
3621,ORD-2023-13621,2023-10-14,2023-10-17,Standard Class,CUST-464,United States,City_49,State_1,49521,Candy,South,PROD-008,Lollipops,Secret Factory,574.8,430,359.8,215.0
3622,ORD-2023-13622,2023-01-27,2023-01-27,Same Day,CUST-585,United States,City_6,State_12,53205,Nuts,East,PROD-010,Pistachios,Lot's O' Nuts,1297.0,160,577.0,720.0
3623,ORD-2023-13623,2023-02-17,2023-02-21,Second Class,CUST-567,United States,City_38,State_8,39237,Candy,Central,PROD-008,Lollipops,The Other Factory,425.25,330,260.25,165.0
3624,ORD-2023-13624,2023-11-12,2023-11-18,Standard Class,CUST-991,United States,City_5,State_14,14724,Nuts,South,PROD-007,Cashew Clusters,The Other Factory,4233.74,359,2797.74,1436.0
3625,ORD-2023-13625,2023-02-15,2023-02-24,Standard Class,CUST-909,United States,City_49,State_18,35808,Chocolate,Central,PROD-009,Caramel Squares,The Other Factory,155.19,27,79.59,75.6
3626,ORD-2023-13626,2023-07-09,2023-07-13,Standard Class,CUST-144,United States,City_11,State_13,47360,Nuts,East,PROD-010,Pistachios,Lot's O' Nuts,3577.69,440,1597.69,1980.0
3627,ORD-2023-13627,2023-12-29,2024-01-01,Second Class,CUST-543,United States,City_16,State_16,86996,Nuts,West,PROD-001,Chocolate Almonds,Lot's O' Nuts,880.47,121,577.97,302.5
3628,ORD-2023-13628,2023-10-06,2023-10-11,Second Class,CUST-631,United States,City_11,State_3,83347,Nuts,East,PROD-001,Chocolate Almonds,Wicked Choccy's,1816.27,296,1076.27,740.0
3629,ORD-2023-13629,2023-05-26,2023-05-29,First Class,CUST-632,United States,City_7,State_14,69350,Chocolate,West,PROD-009,Caramel Squares,The Other Factory,4047.74,497,2656.14,1391.6
3630,ORD-2023-13630,2023-03-11,2023-03-14,First Class,CUST-338,United States,City_20,State_17,22151,Nuts,West,PROD-007,Cashew Clusters,Secret Factory,2346.4,388,794.4,1552.0
3631,ORD-2023-13631,2023-08-11,2023-08-13,Same Day,CUST-252,United States,City_47,State_14,50233,Candy,West,PROD-003,Sour Worms,Sugar Shack,459.1,159,252.4,206.7
3632,ORD-2023-13632,2023-11-28,2023-11-30,Same Day,CUST-800,United States,City_49,State_6,74868,Candy,Central,PROD-005,Jelly Beans,Lot's O' Nuts,795.29,296,351.29,444.0
3633,ORD-2023-13633,2023-08-15,2023-08-17,Second Class,CUST-435,United States,City_34,State_3,99535,Nuts,South,PROD-010,Pistachios,Secret Factory,3783.09,314,2370.09,1413.0
3634,ORD-2023-13634,2023-05-20,2023-05-21,First Class,CUST-418,United States,City_25,State_17,68440,Chocolate,South,PROD-009,Caramel Squares,Secret Factory,2118.51,322,1216.91,901.6
3635,ORD-2023-13635,2023-11-09,2023-11-09,Same Day,CUST-682,United States,City_40,State_11,42679,Candy,Central,PROD-002,Gummy Bears,Sugar Shack,431.84,121,286.64,145.2
3636,ORD-2023-13636,2023-07-26,2023-07-26,Same Day,CUST-300,United States,City_40,State_9,11341,Candy,Central,PROD-002,Gummy Bears,Sugar Shack,503.02,169,300.22,202.8
3637,ORD-2023-13637,2023-05-18,2023-05-22,Same Day,CUST-497,United States,City_25,State_14,97513,Candy,East,PROD-003,Sour Worms,Secret Factory,1532.64,402,1010.04,522.6
3638,ORD-2023-13638,2023-03-13,2023-03-16,Second Class,CUST-249,United States,City_16,State_5,44903,Chocolate,East,PROD-009,Caramel Squares,Lot's O' Nuts,2282.1,305,1428.1,854.0
3639,ORD-2023-13639,2023-04-06,2023-04-10,Second Class,CUST-578,United States,City_14,State_8,73697,Nuts,South,PROD-007,Cashew Clusters,The Other Factory,2980.55,472,1092.55,1888.0
3640,ORD-2023-13640,2023-12-12,2023-12-15,Same Day,CUST-627,United States,City_27,State_16,49426,Chocolate,East,PROD-009,Caramel Squares,Sugar Shack,1671.84,374,624.64,1047.2
3641,ORD-2023-13641,2023-01-27,2023-01-31,Second Class,CUST-437,United States,City_21,State_19,60468,Chocolate,South,PROD-009,Caramel Squares,Sugar Shack,2577.81,485,1219.81,1358.0
3642,ORD-2023-13642,2023-08-24,2023-08-24,First Class,CUST-793,United States,City_1,State_2,56210,Chocolate,South,PROD-006,Dark Chocolate Truffles,Secret Factory,2774.21,267,1439.21,1335.0
3643,ORD-2023-13643,2023-11-23,2023-11-23,Same Day,CUST-534,United States,City_17,State_9,88860,Chocolate,West,PROD-006,Dark Chocolate Truffles,Lot's O' Nuts,4359.29,393,2394.29,1965.0
3644,ORD-2023-13644,2023-03-26,2023-03-31,Second Class,CUST-520,United States,City_7,State_9,66936,Candy,South,PROD-005,Jelly Beans,Wicked Choccy's,580.65,249,207.15,373.5
3645,ORD-2023-13645,2023-04-01,2023-04-02,First Class,CUST-254,United States,City_6,State_17,66530,Chocolate,Central,PROD-006,Dark Chocolate Truffles,Wicked Choccy's,246.79,31,91.79,155.0
3646,ORD-2023-13646,2023-07-08,2023-07-13,Standard Class,CUST-433,United States,City_6,State_19,22148,Candy,South,PROD-008,Lollipops,Sugar Shack,63.04,80,23.04,40.0
3647,ORD-2023-13647,2023-06-24,2023-07-02,Standard Class,CUST-203,United States,City_16,State_8,51497,Nuts,Central,PROD-010,Pistachios,The Other Factory,2031.21,219,1045.71,985.5
3648,ORD-2023-13648,2023-11-17,2023-11-25,Standard Class,CUST-290,United States,City_12,State_19,75628,Chocolate,East,PROD-009,Caramel Squares,Sugar Shack,1202.88,144,799.68,403.2
3649,ORD-2023-13649,2023-04-06,2023-04-09,Second Class,CUST-705,United States,City_45,State_2,46588,Candy,South,PROD-008,Lollipops,Secret Factory,499.51,447,276.01,223.5
3650,ORD-2023-13650,2023-01-01,2023-01-05,Standard Class,CUST-861,United States,City_33,State_20,20147,Candy,West,PROD-003,Sour Worms,Wicked Choccy's,436.25,215,156.75,279.5
3651,ORD-2023-13651,2023-03-19,2023-03-20,First Class,CUST-641,United States,City_18,State_12,70178,Candy,East,PROD-008,Lollipops,Lot's O' Nuts,88.97,74,51.97,37.0
3652,ORD-2023-13652,2023-11-13,2023-11-16,First Class,CUST-967,United States,City_9,State_16,12483,Candy,South,PROD-005,Jelly Beans,The Other Factory,725.88,316,251.88,474.0
3653,ORD-2023-13653,2023-02-27,2023-03-05,Standard Class,CUST-424,United States,City_33,State_7,15865,Candy,South,PROD-003,Sour Worms,Sugar Shack,1056.45,420,510.45,546.0
3654,ORD-2023-13654,2023-07-07,2023-07-10,Same Day,CUST-538,United States,City_5,State_1,88032,Candy,South,PROD-005,Jelly Beans,Lot's O' Nuts,200.52,73,91.02,109.5
3655,ORD-2023-13655,2023-10-09,2023-10-10,Same Day,CUST-447,United States,City_13,State_15,24448,Candy,East,PROD-003,Sour Worms,Wicked Choccy's,880.02,310,477.02,403.0
3656,ORD-2023-13656,2023-01-23,2023-01-29,Second Class,CUST-724,United States,City_9,State_15,46962,Candy,West,PROD-005,Jelly Beans,Secret Factory,434.48,155,201.98,232.5
3657,ORD-2023-13657,2023-08-06,2023-08-07,Same Day,CUST-976,United States,City_3,State_6,39053,Chocolate,West,PROD-004,Peanut Butter Cups,Lot's O' Nuts,1337.88,220,677.88,660.0
3658,ORD-2023-13658,2023-07-02,2023-07-04,Same Day,CUST-528,United States,City_49,State_5,42839,Chocolate,East,PROD-004,Peanut Butter Cups,Secret Factory,1243.64,183,694.64,549.0
3659,ORD-2023-13659,2023-03-18,2023-03-19,First Class,CUST-242,United States,City_4,State_8,63108,Candy,Central,PROD-008,Lollipops,Sugar Shack,245.85,225,133.35,112.5
3660,ORD-2023-13660,2023-06-10,2023-06-13,Same Day,CUST-464,United States,City_48,State_14,82071,Candy,West,PROD-008,Lollipops,Lot's O' Nuts,50.64,67,17.14,33.5
3661,ORD-2023-13661,2023-06-13,2023-06-22,Standard Class,CUST-891,United States,City_5,State_6,20909,Candy,South,PROD-008,Lollipops,Lot's O' Nuts,361.05,246,238.05,123.0
3662,ORD-2023-13662,2023-12-19,2023-12-22,Same Day,CUST-284,United States,City_16,State_12,34592,Chocolate,South,PROD-009,Caramel Squares,Lot's O' Nuts,1596.1,316,711.3,884.8
3663,ORD-2023-13663,2023-11-19,2023-11-24,Standard Class,CUST-642,United States,City_19,State_19,51900,Nuts,West,PROD-010,Pistachios,Wicked Choccy's,4181.63,452,2147.63,2034.0
3664,ORD-2023-13664,2023-01-29,2023-01-30,Same Day,CUST-403,United States,City_13,State_5,24191,Candy,Central,PROD-002,Gummy Bears,Secret Factory,1215.04,468,653.44,561.6
3665,ORD-2023-13665,2023-05-19,2023-05-24,Second Class,CUST-371,United States,City_27,State_17,53821,Chocolate,East,PROD-009,Caramel Squares,Wicked Choccy's,586.3,100,306.3,280.0
3666,ORD-2023-13666,2023-01-18,2023-01-19,Second Class,CUST-893,United States,City_42,State_3,52335,Chocolate,East,PROD-006,Dark Chocolate Truffles,Lot's O' Nuts,1322.67,165,497.67,825.0
3667,ORD-2023-13667,2023-02-20,2023-02-27,First Class,CUST-294,United States,City_19,State_13,57844,Candy,East,PROD-005,Jelly Beans,The Other Factory,126.53,35,74.03,52.5
3668,ORD-2023-13668,2023-05-02,2023-05-08,Second Class,CUST-825,United States,City_50,State_12,49669,Chocolate,South,PROD-004,Peanut Butter Cups,Wicked Choccy's,76.97,13,37.97,39.0
3669,ORD-2023-13669,2023-10-23,2023-11-01,Standard Class,CUST-388,United States,City_8,State_13,44543,Chocolate,East,PROD-004,Peanut Butter Cups,Secret Factory,2973.47,429,1686.47,1287.0
3670,ORD-2023-13670,2023-11-24,2023-11-29,Standard Class,CUST-905,United States,City_30,State_1,45331,Chocolate,South,PROD-004,Peanut Butter Cups,Secret Factory,1759.65,341,736.65,1023.0
3671,ORD-2023-13671,2023-06-24,2023-06-28,Second Class,CUST-737,United States,City_11,State_18,99123,Candy,East,PROD-008,Lollipops,Lot's O' Nuts,471.77,370,286.77,185.0
3672,ORD-2023-13672,2023-08-18,2023-08-26,Standard Class,CUST-652,United States,City_24,State_13,79361,Chocolate,South,PROD-004,Peanut Butter Cups,Wicked Choccy's,2799.5,338,1785.5,1014.0
3673,ORD-2023-13673,2023-07-11,2023-07-11,Same Day,CUST-196,United States,City_32,State_8,83767,Candy,South,PROD-002,Gummy Bears,Secret Factory,68.27,28,34.67,33.6
3674,ORD-2023-13674,2023-12-18,2023-12-23,Standard Class,CUST-945,United States,City_38,State_3,59600,Chocolate,East,PROD-004,Peanut Butter Cups,Lot's O' Nuts,1448.31,187,887.31,561.0
3675,ORD-2023-13675,2023-11-30,2023-12-07,Second Class,CUST-316,United States,City_25,State_10,94355,Nuts,West,PROD-010,Pistachios,The Other Factory,472.11,47,260.61,211.5
3676,ORD-2023-13676,2023-01-23,2023-01-27,First Class,CUST-834,United States,City_41,State_10,56523,Candy,Central,PROD-008,Lollipops,Lot's O' Nuts,209.65,207,106.15,103.5
3677,ORD-2023-13677,2023-08-28,2023-08-30,First Class,CUST-972,United States,City_25,State_12,10879,Candy,West,PROD-003,Sour Worms,Sugar Shack,64.89,20,38.89,26.0
3678,ORD-2023-13678,2023-01-07,2023-01-11,Second Class,CUST-763,United States,City_21,State_14,29294,Nuts,South,PROD-010,Pistachios,Sugar Shack,2595.35,250,1470.35,1125.0
3679,ORD-2023-13679,2023-07-30,2023-08-07,Second Class,CUST-950,United States,City_41,State_13,18500,Candy,East,PROD-003,Sour Worms,Secret Factory,78.94,23,49.04,29.9
3680,ORD-2023-13680,2023-03-02,2023-03-08,Standard Class,CUST-906,United States,City_15,State_14,10423,Candy,South,PROD-002,Gummy Bears,The Other Factory,82.38,23,54.78,27.6
3681,ORD-2023-13681,2023-10-12,2023-10-18,Standard Class,CUST-150,United States,City_4,State_7,27817,Nuts,Central,PROD-010,Pistachios,Lot's O' Nuts,491.14,44,293.14,198.0
3682,ORD-2023-13682,2023-06-26,2023-07-03,Standard Class,CUST-784,United States,City_43,State_17,70533,Candy,West,PROD-008,Lollipops,Secret Factory,670.76,485,428.26,242.5
3683,ORD-2023-13683,2023-02-13,2023-02-18,Standard Class,CUST-575,United States,City_9,State_13,76390,Candy,South,PROD-008,Lollipops,Secret Factory,190.5,152,114.5,76.0
3684,ORD-2023-13684,2023-08-07,2023-08-09,First Class,CUST-852,United States,City_39,State_13,50096,Candy,East,PROD-003,Sour Worms,Lot's O' Nuts,1101.18,341,657.88,443.3
3685,ORD-2023-13685,2023-04-14,2023-04-19,Same Day,CUST-708,United States,City_24,State_13,83784,Nuts,South,PROD-007,Cashew Clusters,Lot's O' Nuts,2649.05,335,1309.05,1340.0
3686,ORD-2023-13686,2023-01-19,2023-01-25,Second Class,CUST-964,United States,City_8,State_7,58286,Candy,West,PROD-002,Gummy Bears,The Other Factory,641.3,191,412.1,229.2
3687,ORD-2023-13687,2023-09-29,2023-10-05,First Class,CUST-278,United States,City_23,State_2,16384,Nuts,South,PROD-007,Cashew Clusters,Wicked Choccy's,4108.74,410,2468.74,1640.0
3688,ORD-2023-13688,2023-08-28,2023-08-31,Same Day,CUST-929,United States,City_47,State_17,64534,Candy,East,PROD-008,Lollipops,Sugar Shack,372.11,392,176.11,196.0
3689,ORD-2023-13689,2023-10-10,2023-10-17,Standard Class,CUST-601,United States,City_47,State_16,44359,Candy,Central,PROD-008,Lollipops,Wicked Choccy's,98.66,76,60.66,38.0
3690,ORD-2023-13690,2023-08-19,2023-08-20,Same Day,CUST-984,United States,City_40,State_20,97381,Chocolate,Central,PROD-009,Caramel Squares,Secret Factory,1664.89,320,768.89,896.0
3691,ORD-2023-13691,2023-10-02,2023-10-08,Second Class,CUST-718,United States,City_38,State_19,71561,Chocolate,Central,PROD-006,Dark Chocolate Truffles,The Other Factory,1338.52,130,688.52,650.0
3692,ORD-2023-13692,2023-01-19,2023-01-24,Second Class,CUST-304,United States,City_4,State_13,43314,Candy,Central,PROD-002,Gummy Bears,Wicked Choccy's,857.51,441,328.31,529.2
3693,ORD-2023-13693,2023-07-15,2023-07-25,Second Class,CUST-691,United States,City_6,State_19,65080,Nuts,East,PROD-007,Cashew Clusters,The Other Factory,3792.86,424,2096.86,1696.0
3694,ORD-2023-13694,2023-07-09,2023-07-17,Second Class,CUST-317,United States,City_41,State_3,42154,Nuts,West,PROD-010,Pistachios,The Other Factory,1495.32,132,901.32,594.0
3695,ORD-2023-13695,2023-06-14,2023-06-22,Standard Class,CUST-235,United States,City_33,State_16,59009,Chocolate,West,PROD-009,Caramel Squares,Secret Factory,1977.95,338,1031.55,946.4
3696,ORD-2023-13696,2023-04-02,2023-04-04,First Class,CUST-154,United States,City_9,State_20,98543,Chocolate,Central,PROD-004,Peanut Butter Cups,Wicked Choccy's,1718.27,226,1040.27,678.0
3697,ORD-2023-13697,2023-09-03,2023-09-04,First Class,CUST-290,United States,City_36,State_6,62852,Candy,South,PROD-005,Jelly Beans,The Other Factory,677.71,268,275.71,402.0
3698,ORD-2023-13698,2023-07-08,2023-07-13,First Class,CUST-684,United States,City_11,State_5,28015,Nuts,West,PROD-010,Pistachios,The Other Factory,705.7,72,381.7,324.0
3699,ORD-2023-13699,2023-11-27,2023-11-29,Same Day,CUST-443,United States,City_1,State_8,84404,Nuts,East,PROD-010,Pistachios,Wicked Choccy's,2498.29,245,1395.79,1102.5
3700,ORD-2023-13700,2023-06-11,2023-06-17,Standard Class,CUST-809,United States,City_43,State_16,73244,Candy,Central,PROD-005,Jelly Beans,Secret Factory,778.31,176,514.31,264.0
3701,ORD-2023-13701,2023-04-15,2023-04-21,First Class,CUST-785,United States,City_20,State_7,49558,Nuts,South,PROD-010,Pistachios,Lot's O' Nuts,607.42,47,395.92,211.5
3702,ORD-2023-13702,2023-09-15,2023-09-20,Second Class,CUST-170,United States,City_45,State_11,74874,Chocolate,Central,PROD-006,Dark Chocolate Truffles,Wicked Choccy's,6142.56,483,3727.56,2415.0
3703,ORD-2023-13703,2023-03-22,2023-03-22,Same Day,CUST-627,United States,City_3,State_7,59877,Chocolate,West,PROD-006,Dark Chocolate Truffles,Lot's O' Nuts,424.96,35,249.96,175.0
3704,ORD-2023-13704,2023-08-02,2023-08-03,First Class,CUST-362,United States,City_13,State_7,85578,Nuts,South,PROD-010,Pistachios,Sugar Shack,1333.91,105,861.41,472.5
3705,ORD-2023-13705,2023-01-03,2023-01-03,Same Day,CUST-422,United States,City_21,State_1,62394,Candy,South,PROD-002,Gummy Bears,Secret Factory,1155.24,422,648.84,506.4
3706,ORD-2023-13706,2023-05-17,2023-05-19,First Class,CUST-904,United States,City_46,State_3,12050,Nuts,West,PROD-010,Pistachios,Sugar Shack,3135.95,420,1245.95,1890.0
3707,ORD-2023-13707,2023-05-14,2023-05-16,Same Day,CUST-385,United States,City_38,State_5,25038,Candy,South,PROD-005,Jelly Beans,Wicked Choccy's,880.4,328,388.4,492.0
3708,ORD-2023-13708,2023-11-09,2023-11-10,Same Day,CUST-756,United States,City_8,State_7,30397,Nuts,East,PROD-001,Chocolate Almonds,Lot's O' Nuts,3394.04,467,2226.54,1167.5
3709,ORD-2023-13709,2023-06-14,2023-06-15,Same Day,CUST-915,United States,City_33,State_3,23204,Nuts,Central,PROD-010,Pistachios,Wicked Choccy's,1207.27,117,680.77,526.5
3710,ORD-2023-13710,2023-04-07,2023-04-13,Standard Class,CUST-505,United States,City_4,State_3,64006,Candy,South,PROD-002,Gummy Bears,Sugar Shack,427.79,163,232.19,195.6
3711,ORD-2023-13711,2023-06-04,2023-06-08,Second Class,CUST-431,United States,City_19,State_14,31321,Candy,South,PROD-005,Jelly Beans,Wicked Choccy's,1903.93,436,1249.93,654.0
3712,ORD-2023-13712,2023-06-24,2023-06-27,Second Class,CUST-498,United States,City_40,State_6,28885,Nuts,East,PROD-001,Chocolate Almonds,Wicked Choccy's,1749.36,373,816.86,932.5
3713,ORD-2023-13713,2023-09-08,2023-09-16,Standard Class,CUST-868,United States,City_29,State_8,97347,Chocolate,Central,PROD-004,Peanut Butter Cups,The Other Factory,3666.25,438,2352.25,1314.0
3714,ORD-2023-13714,2023-07-16,2023-07-16,Same Day,CUST-920,United States,City_40,State_11,43972,Candy,Central,PROD-005,Jelly Beans,Wicked Choccy's,1139.85,477,424.35,715.5
3715,ORD-2023-13715,2023-01-26,2023-01-27,Same Day,CUST-684,United States,City_34,State_3,16746,Candy,East,PROD-008,Lollipops,Lot's O' Nuts,560.26,417,351.76,208.5
3716,ORD-2023-13716,2023-07-20,2023-07-27,Standard Class,CUST-176,United States,City_17,State_3,33241,Candy,Central,PROD-008,Lollipops,The Other Factory,107.32,107,53.82,53.5
3717,ORD-2023-13717,2023-11-21,2023-11-25,First Class,CUST-508,United States,City_5,State_13,77449,Nuts,West,PROD-001,Chocolate Almonds,Wicked Choccy's,357.03,64,197.03,160.0
3718,ORD-2023-13718,2023-05-10,2023-05-15,Same Day,CUST-641,United States,City_47,State_11,45364,Nuts,Central,PROD-001,Chocolate Almonds,The Other Factory,2401.88,350,1526.88,875.0
3719,ORD-2023-13719,2023-08-11,2023-08-13,Second Class,CUST-922,United States,City_1,State_5,77880,Candy,West,PROD-002,Gummy Bears,Wicked Choccy's,513.95,210,261.95,252.0
3720,ORD-2023-13720,2023-08-09,2023-08-15,First Class,CUST-427,United States,City_36,State_4,67572,Chocolate,East,PROD-006,Dark Chocolate Truffles,The Other Factory,4828.5,366,2998.5,1830.0
3721,ORD-2023-13721,2023-10-08,2023-10-11,Same Day,CUST-820,United States,City_22,State_6,49848,Nuts,Central,PROD-010,Pistachios,Lot's O' Nuts,1025.22,97,588.72,436.5
3722,ORD-2023-13722,2023-10-27,2023-11-02,Standard Class,CUST-802,United States,City_7,State_10,30975,Nuts,West,PROD-010,Pistachios,Wicked Choccy's,3397.82,451,1368.32,2029.5
3723,ORD-2023-13723,2023-05-29,2023-06-04,Standard Class,CUST-869,United States,City_6,State_7,77270,Nuts,Central,PROD-010,Pistachios,The Other Factory,572.13,66,275.13,297.0
3724,ORD-2023-13724,2023-05-26,2023-06-01,Standard Class,CUST-429,United States,City_10,State_1,25821,Chocolate,West,PROD-006,Dark Chocolate Truffles,Secret Factory,3917.09,447,1682.09,2235.0
3725,ORD-2023-13725,2023-06-04,2023-06-04,Same Day,CUST-152,United States,City_40,State_17,94751,Candy,East,PROD-003,Sour Worms,Lot's O' Nuts,945.7,465,341.2,604.5
3726,ORD-2023-13726,2023-07-26,2023-07-28,Same Day,CUST-656,United States,City_5,State_18,29251,Candy,South,PROD-005,Jelly Beans,Sugar Shack,716.29,196,422.29,294.0
3727,ORD-2023-13727,2023-12-05,2023-12-09,Second Class,CUST-784,United States,City_21,State_20,23340,Candy,East,PROD-008,Lollipops,Wicked Choccy's,226.21,207,122.71,103.5
3728,ORD-2023-13728,2023-06-10,2023-06-16,Standard Class,CUST-836,United States,City_8,State_18,95803,Nuts,Central,PROD-007,Cashew Clusters,Sugar Shack,1152.97,107,724.97,428.0
3729,ORD-2023-13729,2023-02-01,2023-02-02,Second Class,CUST-240,United States,City_14,State_4,57094,Nuts,East,PROD-001,Chocolate Almonds,Lot's O' Nuts,1350.8,274,665.8,685.0
3730,ORD-2023-13730,2023-05-29,2023-06-03,Second Class,CUST-832,United States,City_1,State_5,29339,Nuts,West,PROD-007,Cashew Clusters,The Other Factory,953.66,103,541.66,412.0
3731,ORD-2023-13731,2023-09-02,2023-09-05,Same Day,CUST-348,United States,City_50,State_6,11314,Candy,West,PROD-005,Jelly Beans,Secret Factory,1061.12,436,407.12,654.0
3732,ORD-2023-13732,2023-03-23,2023-03-24,First Class,CUST-551,United States,City_3,State_15,72139,Candy,West,PROD-003,Sour Worms,Sugar Shack,398.59,133,225.69,172.9
3733,ORD-2023-13733,2023-11-13,2023-11-16,Second Class,CUST-767,United States,City_41,State_19,80157,Nuts,Central,PROD-007,Cashew Clusters,Lot's O' Nuts,4987.41,480,3067.41,1920.0
3734,ORD-2023-13734,2023-06-04,2023-06-04,Same Day,CUST-817,United States,City_32,State_16,27575,Candy,South,PROD-008,Lollipops,Secret Factory,53.23,36,35.23,18.0
3735,ORD-2023-13735,2023-04-02,2023-04-08,First Class,CUST-804,United States,City_4,State_1,41601,Candy,South,PROD-002,Gummy Bears,Lot's O' Nuts,967.53,416,468.33,499.2
3736,ORD-2023-13736,2023-01-10,2023-01-17,Standard Class,CUST-923,United States,City_49,State_20,74624,Chocolate,Central,PROD-004,Peanut Butter Cups,Lot's O' Nuts,2725.67,362,1639.67,1086.0
3737,ORD-2023-13737,2023-06-26,2023-06-30,Second Class,CUST-454,United States,City_19,State_3,67261,Candy,South,PROD-003,Sour Worms,Sugar Shack,348.29,151,151.99,196.3
3738,ORD-2023-13738,2023-09-06,2023-09-13,Second Class,CUST-841,United States,City_49,State_8,86143,Chocolate,West,PROD-009,Caramel Squares,The Other Factory,2662.82,442,1425.22,1237.6
3739,ORD-2023-13739,2023-10-12,2023-10-16,Second Class,CUST-664,United States,City_11,State_17,85570,Chocolate,West,PROD-009,Caramel Squares,Sugar Shack,1603.46,346,634.66,968.8
3740,ORD-2023-13740,2023-08-24,2023-08-28,Second Class,CUST-628,United States,City_2,State_16,15207,Chocolate,West,PROD-004,Peanut Butter Cups,Secret Factory,2161.87,291,1288.87,873.0
3741,ORD-2023-13741,2023-08-22,2023-08-22,First Class,CUST-180,United States,City_34,State_20,88916,Candy,West,PROD-005,Jelly Beans,Wicked Choccy's,1503.96,405,896.46,607.5
3742,ORD-2023-13742,2023-02-11,2023-02-21,Standard Class,CUST-692,United States,City_38,State_6,98403,Chocolate,West,PROD-006,Dark Chocolate Truffles,The Other Factory,4075.89,381,2170.89,1905.0
3743,ORD-2023-13743,2023-06-09,2023-06-13,Second Class,CUST-158,United States,City_23,State_1,71509,Candy,Central,PROD-002,Gummy Bears,Wicked Choccy's,982.69,372,536.29,446.4
3744,ORD-2023-13744,2023-01-04,2023-01-05,First Class,CUST-892,United States,City_20,State_19,47034,Nuts,South,PROD-001,Chocolate Almonds,Secret Factory,2220.99,380,1270.99,950.0
3745,ORD-2023-13745,2023-06-27,2023-06-30,Second Class,CUST-526,United States,City_46,State_14,26416,Nuts,South,PROD-010,Pistachios,The Other Factory,2260.08,243,1166.58,1093.5
3746,ORD-2023-13746,2023-10-24,2023-10-26,First Class,CUST-899,United States,City_17,State_18,46631,Candy,East,PROD-002,Gummy Bears,Wicked Choccy's,372.75,193,141.15,231.6
3747,ORD-2023-13747,2023-07-09,2023-07-11,Second Class,CUST-203,United States,City_13,State_7,14531,Chocolate,West,PROD-006,Dark Chocolate Truffles,Sugar Shack,3078.79,308,1538.79,1540.0
3748,ORD-2023-13748,2023-05-31,2023-06-07,First Class,CUST-313,United States,City_43,State_12,24383,Chocolate,East,PROD-006,Dark Chocolate Truffles,The Other Factory,699.96,59,404.96,295.0
3749,ORD-2023-13749,2023-06-08,2023-06-13,Same Day,CUST-335,United States,City_28,State_8,62678,Candy,South,PROD-002,Gummy Bears,Lot's O' Nuts,368.72,185,146.72,222.0
3750,ORD-2023-13750,2023-01-16,2023-01-21,First Class,CUST-343,United States,City_32,State_5,28437,Chocolate,East,PROD-006,Dark Chocolate Truffles,The Other Factory,1102.16,138,412.16,690.0
3751,ORD-2023-13751,2023-12-26,2023-12-26,Same Day,CUST-905,United States,City_30,State_2,36046,Chocolate,West,PROD-004,Peanut Butter Cups,Sugar Shack,2148.34,259,1371.34,777.0
3752,ORD-2023-13752,2023-09-22,2023-09-26,Second Class,CUST-911,United States,City_34,State_20,95700,Candy,East,PROD-003,Sour Worms,Wicked Choccy's,143.34,51,77.04,66.3
3753,ORD-2023-13753,2023-12-12,2023-12-15,First Class,CUST-972,United States,City_48,State_11,28222,Nuts,Central,PROD-010,Pistachios,Wicked Choccy's,2774.57,236,1712.57,1062.0
3754,ORD-2023-13754,2023-06-12,2023-06-13,Same Day,CUST-350,United States,City_49,State_16,38502,Candy,West,PROD-002,Gummy Bears,Lot's O' Nuts,1408.98,495,814.98,594.0
3755,ORD-2023-13755,2023-05-03,2023-05-08,Second Class,CUST-647,United States,City_33,State_13,31230,Candy,Central,PROD-002,Gummy Bears,Lot's O' Nuts,215.2,63,139.6,75.6
3756,ORD-2023-13756,2023-10-25,2023-10-28,First Class,CUST-950,United States,City_2,State_1,40785,Chocolate,South,PROD-004,Peanut Butter Cups,Lot's O' Nuts,2629.66,464,1237.66,1392.0
3757,ORD-2023-13757,2023-12-27,2023-12-30,Second Class,CUST-481,United States,City_46,State_3,98802,Chocolate,East,PROD-009,Caramel Squares,Lot's O' Nuts,1215.56,223,591.16,624.4
3758,ORD-2023-13758,2023-09-14,2023-09-22,Standard Class,CUST-823,United States,City_17,State_1,81299,Nuts,West,PROD-001,Chocolate Almonds,Lot's O' Nuts,430.5,88,210.5,220.0
3759,ORD-2023-13759,2023-09-23,2023-09-30,Second Class,CUST-164,United States,City_28,State_18,71680,Candy,East,PROD-002,Gummy Bears,Secret Factory,511.28,144,338.48,172.8
3760,ORD-2023-13760,2023-02-02,2023-02-07,Second Class,CUST-687,United States,City_31,State_1,37475,Chocolate,West,PROD-009,Caramel Squares,Secret Factory,1014.1,154,582.9,431.2
3761,ORD-2023-13761,2023-11-26,2023-12-02,Second Class,CUST-361,United States,City_14,State_7,50211,Candy,Central,PROD-003,Sour Worms,Lot's O' Nuts,548.47,169,328.77,219.7
3762,ORD-2023-13762,2023-07-30,2023-08-05,Standard Class,CUST-146,United States,City_2,State_10,61786,Candy,East,PROD-005,Jelly Beans,Wicked Choccy's,465.46,194,174.46,291.0
3763,ORD-2023-13763,2023-02-26,2023-02-26,First Class,CUST-444,United States,City_24,State_11,69665,Nuts,East,PROD-001,Chocolate Almonds,Lot's O' Nuts,471.22,112,191.22,280.0
3764,ORD-2023-13764,2023-08-30,2023-09-06,Standard Class,CUST-250,United States,City_44,State_5,98999,Nuts,West,PROD-010,Pistachios,Sugar Shack,5321.25,399,3525.75,1795.5
3765,ORD-2023-13765,2023-12-21,2023-12-24,Same Day,CUST-187,United States,City_32,State_13,20060,Chocolate,Central,PROD-004,Peanut Butter Cups,The Other Factory,1256.53,247,515.53,741.0
3766,ORD-2023-13766,2023-09-09,2023-09-10,Same Day,CUST-548,United States,City_24,State_3,38539,Chocolate,South,PROD-009,Caramel Squares,The Other Factory,1401.13,226,768.33,632.8
3767,ORD-2023-13767,2023-03-07,2023-03-11,Standard Class,CUST-649,United States,City_6,State_18,85203,Chocolate,South,PROD-009,Caramel Squares,Secret Factory,2109.31,414,950.11,1159.2
3768,ORD-2023-13768,2023-01-22,2023-01-27,Second Class,CUST-330,United States,City_3,State_9,57349,Chocolate,South,PROD-004,Peanut Butter Cups,The Other Factory,1030.57,152,574.57,456.0
3769,ORD-2023-13769,2023-06-24,2023-06-28,First Class,CUST-622,United States,City_6,State_15,39274,Candy,Central,PROD-002,Gummy Bears,The Other Factory,1048.5,388,582.9,465.6
3770,ORD-2023-13770,2023-10-24,2023-10-24,Same Day,CUST-419,United States,City_47,State_2,42502,Candy,East,PROD-005,Jelly Beans,Lot's O' Nuts,1092.03,346,573.03,519.0
3771,ORD-2023-13771,2023-09-19,2023-09-22,First Class,CUST-682,United States,City_7,State_18,93566,Candy,South,PROD-002,Gummy Bears,Sugar Shack,521.9,179,307.1,214.8
3772,ORD-2023-13772,2023-01-17,2023-01-22,Second Class,CUST-947,United States,City_20,State_20,35062,Chocolate,South,PROD-006,Dark Chocolate Truffles,Wicked Choccy's,2779.52,195,1804.52,975.0
3773,ORD-2023-13773,2023-02-11,2023-02-14,Same Day,CUST-357,United States,City_2,State_14,39871,Chocolate,West,PROD-004,Peanut Butter Cups,The Other Factory,2497.76,355,1432.76,1065.0
3774,ORD-2023-13774,2023-01-05,2023-01-05,Same Day,CUST-856,United States,City_30,State_3,56545,Chocolate,South,PROD-009,Caramel Squares,Sugar Shack,672.62,81,445.82,226.8
3775,ORD-2023-13775,2023-01-29,2023-01-31,Second Class,CUST-467,United States,City_44,State_12,54115,Chocolate,Central,PROD-004,Peanut Butter Cups,Secret Factory,3078.96,361,1995.96,1083.0
3776,ORD-2023-13776,2023-01-19,2023-01-20,First Class,CUST-628,United States,City_46,State_19,98805,Chocolate,Central,PROD-004,Peanut Butter Cups,Sugar Shack,1899.55,240,1179.55,720.0
3777,ORD-2023-13777,2023-11-26,2023-11-27,Second Class,CUST-238,United States,City_7,State_2,15072,Nuts,South,PROD-007,Cashew Clusters,Secret Factory,4280.73,376,2776.73,1504.0
3778,ORD-2023-13778,2023-01-12,2023-01-13,First Class,CUST-417,United States,City_32,State_3,26357,Candy,East,PROD-008,Lollipops,Wicked Choccy's,530.78,403,329.28,201.5
3779,ORD-2023-13779,2023-12-19,2023-12-23,Standard Class,CUST-603,United States,City_35,State_1,46633,Candy,South,PROD-003,Sour Worms,Sugar Shack,631.79,237,323.69,308.1
3780,ORD-2023-13780,2023-07-29,2023-07-31,Same Day,CUST-528,United States,City_17,State_9,29521,Candy,Central,PROD-002,Gummy Bears,Lot's O' Nuts,500.45,257,192.05,308.4
3781,ORD-2023-13781,2023-09-12,2023-09-14,First Class,CUST-676,United States,City_36,State_14,71606,Nuts,Central,PROD-007,Cashew Clusters,Wicked Choccy's,406.97,40,246.97,160.0
3782,ORD-2023-13782,2023-09-15,2023-09-19,Standard Class,CUST-114,United States,City_15,State_8,30582,Candy,East,PROD-002,Gummy Bears,Lot's O' Nuts,651.87,247,355.47,296.4
3783,ORD-2023-13783,2023-12-04,2023-12-08,First Class,CUST-872,United States,City_2,State_15,42017,Chocolate,East,PROD-006,Dark Chocolate Truffles,Secret Factory,1468.95,160,668.95,800.0
3784,ORD-2023-13784,2023-09-29,2023-09-29,Same Day,CUST-995,United States,City_31,State_9,88737,Candy,South,PROD-003,Sour Worms,Sugar Shack,1161.36,299,772.66,388.7
3785,ORD-2023-13785,2023-04-27,2023-04-29,First Class,CUST-922,United States,City_30,State_15,91831,Nuts,East,PROD-001,Chocolate Almonds,Wicked Choccy's,2022.26,272,1342.26,680.0
3786,ORD-2023-13786,2023-07-26,2023-07-30,First Class,CUST-390,United States,City_30,State_1,47029,Nuts,West,PROD-010,Pistachios,The Other Factory,4673.62,440,2693.62,1980.0
3787,ORD-2023-13787,2023-01-31,2023-02-03,Second Class,CUST-886,United States,City_19,State_8,27812,Chocolate,East,PROD-009,Caramel Squares,Lot's O' Nuts,361.89,57,202.29,159.6
3788,ORD-2023-13788,2023-12-19,2023-12-22,First Class,CUST-199,United States,City_33,State_4,31764,Chocolate,Central,PROD-004,Peanut Butter Cups,Lot's O' Nuts,1666.71,204,1054.71,612.0
3789,ORD-2023-13789,2023-01-30,2023-02-02,Same Day,CUST-347,United States,City_49,State_15,45495,Candy,East,PROD-008,Lollipops,Sugar Shack,19.62,21,9.12,10.5
3790,ORD-2023-13790,2023-12-16,2023-12-18,Same Day,CUST-932,United States,City_45,State_11,37523,Chocolate,Central,PROD-004,Peanut Butter Cups,Wicked Choccy's,1458.02,250,708.02,750.0
3791,ORD-2023-13791,2023-11-29,2023-12-06,Standard Class,CUST-226,United States,City_5,State_11,43794,Nuts,Central,PROD-007,Cashew Clusters,Wicked Choccy's,2445.94,353,1033.94,1412.0
3792,ORD-2023-13792,2023-11-24,2023-11-28,Standard Class,CUST-111,United States,City_32,State_4,42485,Candy,East,PROD-002,Gummy Bears,Lot's O' Nuts,148.0,80,52.0,96.0
3793,ORD-2023-13793,2023-01-17,2023-01-26,Standard Class,CUST-280,United States,City_5,State_10,44705,Nuts,West,PROD-007,Cashew Clusters,The Other Factory,2178.01,194,1402.01,776.0
3794,ORD-2023-13794,2023-07-07,2023-07-09,Second Class,CUST-371,United States,City_43,State_5,51413,Candy,South,PROD-003,Sour Worms,Secret Factory,999.32,427,444.22,555.1
3795,ORD-2023-13795,2023-02-25,2023-02-25,Same Day,CUST-882,United States,City_40,State_19,90099,Nuts,East,PROD-007,Cashew Clusters,Lot's O' Nuts,2835.37,360,1395.37,1440.0
3796,ORD-2023-13796,2023-12-26,2023-12-27,Same Day,CUST-971,United States,City_22,State_11,37479,Candy,West,PROD-005,Jelly Beans,Sugar Shack,182.92,53,103.42,79.5
3797,ORD-2023-13797,2023-09-29,2023-09-30,Same Day,CUST-739,United States,City_24,State_2,79973,Candy,West,PROD-008,Lollipops,Sugar Shack,96.74,75,59.24,37.5
3798,ORD-2023-13798,2023-04-04,2023-04-09,Standard Class,CUST-299,United States,City_23,State_18,58554,Candy,Central,PROD-002,Gummy Bears,Sugar Shack,898.63,419,395.83,502.8
3799,ORD-2023-13799,2023-12-22,2023-12-27,Standard Class,CUST-854,United States,City_41,State_11,94520,Nuts,Central,PROD-010,Pistachios,Wicked Choccy's,1512.92,115,995.42,517.5
3800,ORD-2023-13800,2023-01-15,2023-01-20,First Class,CUST-423,United States,City_3,State_16,97248,Candy,East,PROD-003,Sour Worms,The Other Factory,1704.38,484,1075.18,629.2
3801,ORD-2023-13801,2023-07-04,2023-07-10,Second Class,CUST-942,United States,City_19,State_5,56940,Chocolate,South,PROD-009,Caramel Squares,Lot's O' Nuts,1066.58,142,668.98,397.6
3802,ORD-2023-13802,2023-09-08,2023-09-08,Same Day,CUST-897,United States,City_18,State_19,61186,Candy,South,PROD-003,Sour Worms,Sugar Shack,628.0,257,293.9,334.1
3803,ORD-2023-13803,2023-06-06,2023-06-14,Standard Class,CUST-154,United States,City_4,State_14,11141,Candy,West,PROD-005,Jelly Beans,The Other Factory,657.83,228,315.83,342.0
3804,ORD-2023-13804,2023-06-02,2023-06-06,Same Day,CUST-859,United States,City_43,State_15,57730,Nuts,West,PROD-007,Cashew Clusters,The Other Factory,2487.23,289,1331.23,1156.0
3805,ORD-2023-13805,2023-10-31,2023-11-02,Same Day,CUST-935,United States,City_36,State_12,95404,Chocolate,South,PROD-006,Dark Chocolate Truffles,Wicked Choccy's,1686.97,126,1056.97,630.0
3806,ORD-2023-13806,2023-03-13,2023-03-23,Standard Class,CUST-966,United States,City_17,State_1,71313,Candy,East,PROD-005,Jelly Beans,Secret Factory,165.59,72,57.59,108.0
3807,ORD-2023-13807,2023-04-12,2023-04-13,First Class,CUST-194,United States,City_49,State_14,17922,Candy,Central,PROD-003,Sour Worms,Sugar Shack,889.88,318,476.48,413.4
3808,ORD-2023-13808,2023-11-20,2023-11-25,Second Class,CUST-131,United States,City_29,State_19,28785,Nuts,West,PROD-010,Pistachios,The Other Factory,3298.19,390,1543.19,1755.0
3809,ORD-2023-13809,2023-12-28,2024-01-04,Standard Class,CUST-227,United States,City_44,State_13,17441,Nuts,Central,PROD-007,Cashew Clusters,Wicked Choccy's,1976.09,254,960.09,1016.0
3810,ORD-2023-13810,2023-11-29,2023-12-06,Standard Class,CUST-796,United States,City_45,State_19,48947,Chocolate,Central,PROD-004,Peanut Butter Cups,Wicked Choccy's,2393.33,432,1097.33,1296.0
3811,ORD-2023-13811,2023-03-21,2023-03-24,First Class,CUST-466,United States,City_10,State_8,66017,Chocolate,Central,PROD-004,Peanut Butter Cups,The Other Factory,1716.38,245,981.38,735.0
3812,ORD-2023-13812,2023-05-15,2023-05-16,Same Day,CUST-413,United States,City_39,State_12,91681,Candy,Central,PROD-002,Gummy Bears,Secret Factory,631.11,182,412.71,218.4
3813,ORD-2023-13813,2023-08-18,2023-08-24,Second Class,CUST-211,United States,City_32,State_10,99267,Chocolate,East,PROD-006,Dark Chocolate Truffles,Secret Factory,3409.13,381,1504.13,1905.0
3814,ORD-2023-13814,2023-03-09,2023-03-16,Second Class,CUST-799,United States,City_18,State_1,31155,Candy,East,PROD-003,Sour Worms,Secret Factory,993.63,445,415.13,578.5
3815,ORD-2023-13815,2023-12-07,2023-12-10,Same Day,CUST-496,United States,City_7,State_15,63563,Chocolate,West,PROD-004,Peanut Butter Cups,The Other Factory,2429.21,478,995.21,1434.0
3816,ORD-2023-13816,2023-05-23,2023-05-29,Standard Class,CUST-444,United States,City_43,State_12,23015,Candy,Central,PROD-005,Jelly Beans,Lot's O' Nuts,1652.83,382,1079.83,573.0
3817,ORD-2023-13817,2023-09-16,2023-09-21,Second Class,CUST-116,United States,City_23,State_1,27807,Candy,South,PROD-002,Gummy Bears,Wicked Choccy's,176.13,50,116.13,60.0
3818,ORD-2023-13818,2023-09-02,2023-09-11,Standard Class,CUST-795,United States,City_41,State_11,87026,Candy,West,PROD-003,Sour Worms,The Other Factory,1306.19,406,778.39,527.8
3819,ORD-2023-13819,2023-08-04,2023-08-04,Same Day,CUST-379,United States,City_12,State_7,91913,Chocolate,West,PROD-006,Dark Chocolate Truffles,Wicked Choccy's,2900.07,261,1595.07,1305.0
3820,ORD-2023-13820,2023-04-28,2023-04-29,Second Class,CUST-567,United States,City_13,State_5,67732,Chocolate,Central,PROD-004,Peanut Butter Cups,Sugar Shack,3163.61,429,1876.61,1287.0
3821,ORD-2023-13821,2023-02-10,2023-02-15,Second Class,CUST-222,United States,City_3,State_1,28081,Chocolate,South,PROD-009,Caramel Squares,Wicked Choccy's,3553.53,432,2343.93,1209.6
3822,ORD-2023-13822,2023-03-26,2023-03-30,Same Day,CUST-743,United States,City_41,State_9,78409,Nuts,South,PROD-007,Cashew Clusters,Lot's O' Nuts,331.97,44,155.97,176.0
3823,ORD-2023-13823,2023-04-21,2023-04-23,First Class,CUST-469,United States,City_23,State_16,42587,Nuts,South,PROD-007,Cashew Clusters,The Other Factory,4104.0,457,2276.0,1828.0
3824,ORD-2023-13824,2023-01-03,2023-01-09,Second Class,CUST-299,United States,City_5,State_18,69398,Candy,Central,PROD-002,Gummy Bears,Lot's O' Nuts,835.32,296,480.12,355.2
3825,ORD-2023-13825,2023-09-01,2023-09-08,Standard Class,CUST-338,United States,City_30,State_15,39849,Chocolate,Central,PROD-004,Peanut Butter Cups,Lot's O' Nuts,1785.36,328,801.36,984.0
3826,ORD-2023-13826,2023-05-21,2023-05-28,Second Class,CUST-418,United States,City_34,State_11,16772,Candy,South,PROD-002,Gummy Bears,Wicked Choccy's,959.48,491,370.28,589.2
3827,ORD-2023-13827,2023-09-27,2023-10-02,Standard Class,CUST-833,United States,City_2,State_1,89625,Candy,Central,PROD-003,Sour Worms,Secret Factory,236.79,86,124.99,111.8
3828,ORD-2023-13828,2023-01-15,2023-01-21,Second Class,CUST-589,United States,City_6,State_6,25890,Nuts,West,PROD-001,Chocolate Almonds,Secret Factory,1843.49,297,1100.99,742.5
3829,ORD-2023-13829,2023-04-03,2023-04-08,First Class,CUST-758,United States,City_45,State_11,84741,Chocolate,Central,PROD-009,Caramel Squares,The Other Factory,905.05,135,527.05,378.0
3830,ORD-2023-13830,2023-04-18,2023-04-22,Second Class,CUST-930,United States,City_40,State_20,77645,Nuts,West,PROD-007,Cashew Clusters,Lot's O' Nuts,522.1,48,330.1,192.0
3831,ORD-2023-13831,2023-07-04,2023-07-06,Same Day,CUST-130,United States,City_13,State_6,35770,Candy,East,PROD-008,Lollipops,Sugar Shack,319.44,238,200.44,119.0
3832,ORD-2023-13832,2023-01-02,2023-01-07,Same Day,CUST-168,United States,City_30,State_11,11544,Nuts,East,PROD-001,Chocolate Almonds,The Other Factory,2786.7,463,1629.2,1157.5
3833,ORD-2023-13833,2023-01-13,2023-01-20,Second Class,CUST-740,United States,City_35,State_14,74700,Candy,East,PROD-003,Sour Worms,Sugar Shack,95.72,34,51.52,44.2
3834,ORD-2023-13834,2023-06-24,2023-06-25,First Class,CUST-105,United States,City_38,State_11,85371,Chocolate,South,PROD-006,Dark Chocolate Truffles,The Other Factory,4149.71,359,2354.71,1795.0
3835,ORD-2023-13835,2023-06-01,2023-06-05,Standard Class,CUST-548,United States,City_12,State_8,61226,Candy,Central,PROD-002,Gummy Bears,Sugar Shack,1073.17,326,681.97,391.2
3836,ORD-2023-13836,2023-03-07,2023-03-09,Same Day,CUST-539,United States,City_22,State_4,80802,Nuts,Central,PROD-007,Cashew Clusters,The Other Factory,1682.16,238,730.16,952.0
3837,ORD-2023-13837,2023-06-07,2023-06-14,Standard Class,CUST-331,United States,City_42,State_18,45440,Candy,West,PROD-002,Gummy Bears,Sugar Shack,1473.37,416,974.17,499.2
3838,ORD-2023-13838,2023-03-16,2023-03-19,Same Day,CUST-495,United States,City_17,State_7,48783,Chocolate,Central,PROD-006,Dark Chocolate Truffles,Lot's O' Nuts,713.76,64,393.76,320.0
3839,ORD-2023-13839,2023-08-06,2023-08-11,Standard Class,CUST-832,United States,City_49,State_13,68868,Nuts,Central,PROD-010,Pistachios,Wicked Choccy's,5212.32,411,3362.82,1849.5
3840,ORD-2023-13840,2023-10-16,2023-10-20,Same Day,CUST-985,United States,City_45,State_12,79848,Candy,South,PROD-005,Jelly Beans,Lot's O' Nuts,1058.39,271,651.89,406.5
3841,ORD-2023-13841,2023-02-14,2023-02-19,Standard Class,CUST-930,United States,City_28,State_15,94031,Chocolate,Central,PROD-006,Dark Chocolate Truffles,Secret Factory,387.19,37,202.19,185.0
3842,ORD-2023-13842,2023-09-16,2023-09-21,Standard Class,CUST-768,United States,City_38,State_15,80513,Candy,Central,PROD-003,Sour Worms,Secret Factory,757.24,239,446.54,310.7
3843,ORD-2023-13843,2023-08-31,2023-09-02,Same Day,CUST-263,United States,City_18,State_19,37887,Nuts,West,PROD-010,Pistachios,Sugar Shack,260.61,36,98.61,162.0
3844,ORD-2023-13844,2023-12-13,2023-12-14,First Class,CUST-250,United States,City_17,State_8,67480,Candy,Central,PROD-002,Gummy Bears,Secret Factory,1015.14,353,591.54,423.6
3845,ORD-2023-13845,2023-01-02,2023-01-06,Same Day,CUST-743,United States,City_38,State_7,60984,Chocolate,Central,PROD-009,Caramel Squares,Lot's O' Nuts,694.03,159,248.83,445.2
3846,ORD-2023-13846,2023-07-21,2023-07-27,First Class,CUST-542,United States,City_45,State_19,28292,Chocolate,South,PROD-006,Dark Chocolate Truffles,Lot's O' Nuts,4881.91,412,2821.91,2060.0
3847,ORD-2023-13847,2023-04-17,2023-04-18,Same Day,CUST-220,United States,City_10,State_12,61038,Nuts,West,PROD-001,Chocolate Almonds,Wicked Choccy's,1232.32,185,769.82,462.5
3848,ORD-2023-13848,2023-05-08,2023-05-12,Second Class,CUST-899,United States,City_22,State_15,96472,Candy,East,PROD-008,Lollipops,Wicked Choccy's,9.24,12,3.24,6.0
3849,ORD-2023-13849,2023-07-08,2023-07-15,Standard Class,CUST-412,United States,City_12,State_11,60903,Chocolate,Central,PROD-009,Caramel Squares,The Other Factory,618.66,129,257.46,361.2
3850,ORD-2023-13850,2023-06-20,2023-06-23,Standard Class,CUST-650,United States,City_14,State_14,95637,Nuts,East,PROD-007,Cashew Clusters,Lot's O' Nuts,4285.44,479,2369.44,1916.0
3851,ORD-2023-13851,2023-04-14,2023-04-19,Standard Class,CUST-174,United States,City_16,State_13,54351,Nuts,West,PROD-010,Pistachios,Lot's O' Nuts,6072.5,471,3953.0,2119.5
3852,ORD-2023-13852,2023-10-02,2023-10-03,Same Day,CUST-795,United States,City_39,State_15,67827,Chocolate,Central,PROD-004,Peanut Butter Cups,Wicked Choccy's,1062.06,146,624.06,438.0
3853,ORD-2023-13853,2023-01-23,2023-01-28,Same Day,CUST-486,United States,City_7,State_9,41406,Nuts,East,PROD-001,Chocolate Almonds,Secret Factory,123.64,22,68.64,55.0
3854,ORD-2023-13854,2023-05-23,2023-05-31,Standard Class,CUST-847,United States,City_43,State_16,50484,Chocolate,East,PROD-004,Peanut Butter Cups,Secret Factory,2756.85,385,1601.85,1155.0
3855,ORD-2023-13855,2023-02-12,2023-02-14,Same Day,CUST-945,United States,City_25,State_8,76025,Candy,South,PROD-005,Jelly Beans,Wicked Choccy's,1353.19,348,831.19,522.0
3856,ORD-2023-13856,2023-07-03,2023-07-10,Standard Class,CUST-601,United States,City_20,State_1,52602,Candy,West,PROD-008,Lollipops,Secret Factory,516.56,466,283.56,233.0
3857,ORD-2023-13857,2023-03-04,2023-03-04,Same Day,CUST-878,United States,City_35,State_16,50318,Candy,South,PROD-005,Jelly Beans,Sugar Shack,718.85,278,301.85,417.0
3858,ORD-2023-13858,2023-09-17,2023-09-19,Same Day,CUST-742,United States,City_5,State_9,24264,Candy,West,PROD-002,Gummy Bears,Sugar Shack,660.71,195,426.71,234.0
3859,ORD-2023-13859,2023-08-03,2023-08-06,Second Class,CUST-802,United States,City_37,State_6,20768,Nuts,South,PROD-010,Pistachios,The Other Factory,1337.99,116,815.99,522.0
3860,ORD-2023-13860,2023-10-23,2023-10-25,Second Class,CUST-920,United States,City_34,State_6,26078,Candy,West,PROD-003,Sour Worms,Wicked Choccy's,1406.5,455,815.0,591.5
3861,ORD-2023-13861,2023-08-25,2023-09-04,Standard Class,CUST-316,United States,City_9,State_1,47941,Chocolate,East,PROD-006,Dark Chocolate Truffles,The Other Factory,5015.61,367,3180.61,1835.0
3862,ORD-2023-13862,2023-08-03,2023-08-06,First Class,CUST-594,United States,City_5,State_12,97392,Candy,Central,PROD-005,Jelly Beans,The Other Factory,1047.43,242,684.43,363.0
3863,ORD-2023-13863,2023-07-19,2023-07-23,Same Day,CUST-527,United States,City_36,State_19,40234,Candy,South,PROD-005,Jelly Beans,Lot's O' Nuts,37.93,13,18.43,19.5
3864,ORD-2023-13864,2023-12-18,2023-12-18,Same Day,CUST-479,United States,City_29,State_13,74428,Nuts,East,PROD-010,Pistachios,Lot's O' Nuts,5034.52,429,3104.02,1930.5
3865,ORD-2023-13865,2023-08-10,2023-08-11,Same Day,CUST-357,United States,City_31,State_13,16143,Candy,Central,PROD-008,Lollipops,Secret Factory,217.49,207,113.99,103.5
3866,ORD-2023-13866,2023-09-14,2023-09-19,Standard Class,CUST-450,United States,City_42,State_5,86823,Chocolate,West,PROD-009,Caramel Squares,Sugar Shack,2575.86,353,1587.46,988.4
3867,ORD-2023-13867,2023-04-05,2023-04-06,First Class,CUST-163,United States,City_19,State_19,91684,Nuts,Central,PROD-007,Cashew Clusters,Sugar Shack,411.52,46,227.52,184.0
3868,ORD-2023-13868,2023-10-31,2023-11-06,Second Class,CUST-247,United States,City_30,State_12,49201,Chocolate,South,PROD-009,Caramel Squares,The Other Factory,1860.08,295,1034.08,826.0
3869,ORD-2023-13869,2023-08-09,2023-08-14,Standard Class,CUST-667,United States,City_24,State_2,64284,Candy,West,PROD-005,Jelly Beans,Wicked Choccy's,185.99,49,112.49,73.5
3870,ORD-2023-13870,2023-11-27,2023-12-03,Second Class,CUST-802,United States,City_18,State_2,18087,Nuts,South,PROD-010,Pistachios,Wicked Choccy's,2696.43,279,1440.93,1255.5
3871,ORD-2023-13871,2023-08-01,2023-08-03,First Class,CUST-307,United States,City_38,State_2,42211,Nuts,West,PROD-007,Cashew Clusters,Secret Factory,5292.25,450,3492.25,1800.0
3872,ORD-2023-13872,2023-01-29,2023-02-04,Second Class,CUST-813,United States,City_13,State_19,41334,Candy,Central,PROD-003,Sour Worms,Lot's O' Nuts,231.46,109,89.76,141.7
3873,ORD-2023-13873,2023-02-27,2023-03-02,Standard Class,CUST-369,United States,City_43,State_1,62492,Chocolate,East,PROD-004,Peanut Butter Cups,Lot's O' Nuts,3532.14,420,2272.14,1260.0
3874,ORD-2023-13874,2023-09-25,2023-09-25,First Class,CUST-236,United States,City_45,State_10,56593,Chocolate,Central,PROD-006,Dark Chocolate Truffles,Sugar Shack,2623.07,265,1298.07,1325.0
3875,ORD-2023-13875,2023-06-25,2023-06-30,Standard Class,CUST-521,United States,City_39,State_15,43154,Candy,South,PROD-003,Sour Worms,The Other Factory,119.48,48,57.08,62.4
3876,ORD-2023-13876,2023-02-07,2023-02-12,First Class,CUST-685,United States,City_35,State_7,95218,Chocolate,West,PROD-006,Dark Chocolate Truffles,Secret Factory,5329.12,489,2884.12,2445.0
3877,ORD-2023-13877,2023-06-18,2023-06-26,Second Class,CUST-534,United States,City_40,State_14,42432,Chocolate,East,PROD-009,Caramel Squares,Secret Factory,1554.63,188,1028.23,526.4
3878,ORD-2023-13878,2023-12-07,2023-12-10,Same Day,CUST-769,United States,City_35,State_5,52863,Chocolate,Central,PROD-004,Peanut Butter Cups,The Other Factory,663.41,138,249.41,414.0
3879,ORD-2023-13879,2023-08-10,2023-08-13,Standard Class,CUST-534,United States,City_39,State_10,93076,Nuts,East,PROD-007,Cashew Clusters,Lot's O' Nuts,576.26,76,272.26,304.0
3880,ORD-2023-13880,2023-07-21,2023-07-26,Second Class,CUST-649,United States,City_19,State_5,66572,Candy,West,PROD-008,Lollipops,Secret Factory,593.88,420,383.88,210.0
3881,ORD-2023-13881,2023-10-30,2023-11-02,Same Day,CUST-592,United States,City_37,State_20,16371,Chocolate,East,PROD-009,Caramel Squares,Sugar Shack,1220.78,244,537.58,683.2
3882,ORD-2023-13882,2023-02-09,2023-02-10,Same Day,CUST-795,United States,City_40,State_11,98617,Candy,West,PROD-002,Gummy Bears,Lot's O' Nuts,1013.19,320,629.19,384.0
3883,ORD-2023-13883,2023-03-23,2023-03-23,Same Day,CUST-227,United States,City_50,State_12,93485,Candy,West,PROD-003,Sour Worms,Lot's O' Nuts,227.8,61,148.5,79.3
3884,ORD-2023-13884,2023-06-30,2023-07-06,First Class,CUST-275,United States,City_20,State_9,64666,Candy,East,PROD-002,Gummy Bears,The Other Factory,1241.75,384,780.95,460.8
3885,ORD-2023-13885,2023-07-20,2023-07-26,Standard Class,CUST-322,United States,City_41,State_8,88856,Candy,East,PROD-003,Sour Worms,Wicked Choccy's,505.74,182,269.14,236.6
3886,ORD-2023-13886,2023-05-28,2023-06-03,Second Class,CUST-492,United States,City_9,State_11,41533,Chocolate,East,PROD-004,Peanut Butter Cups,Sugar Shack,826.07,106,508.07,318.0
3887,ORD-2023-13887,2023-05-01,2023-05-06,Standard Class,CUST-421,United States,City_21,State_20,79081,Chocolate,Central,PROD-009,Caramel Squares,Lot's O' Nuts,255.35,37,151.75,103.6
3888,ORD-2023-13888,2023-02-01,2023-02-06,Second Class,CUST-641,United States,City_20,State_7,55419,Candy,Central,PROD-005,Jelly Beans,Lot's O' Nuts,347.62,82,224.62,123.0
3889,ORD-2023-13889,2023-01-08,2023-01-10,First Class,CUST-714,United States,City_14,State_8,34129,Nuts,Central,PROD-001,Chocolate Almonds,Secret Factory,2924.81,399,1927.31,997.5
3890,ORD-2023-13890,2023-03-13,2023-03-23,Standard Class,CUST-409,United States,City_13,State_3,13152,Chocolate,South,PROD-009,Caramel Squares,Lot's O' Nuts,773.33,145,367.33,406.0
3891,ORD-2023-13891,2023-02-19,2023-02-24,Same Day,CUST-341,United States,City_44,State_11,41657,Nuts,South,PROD-010,Pistachios,Lot's O' Nuts,3700.06,352,2116.06,1584.0
3892,ORD-2023-13892,2023-09-08,2023-09-11,Second Class,CUST-363,United States,City_29,State_13,18502,Candy,South,PROD-003,Sour Worms,Secret Factory,615.46,233,312.56,302.9
3893,ORD-2023-13893,2023-09-01,2023-09-04,First Class,CUST-428,United States,City_20,State_18,23990,Candy,South,PROD-008,Lollipops,Wicked Choccy's,453.95,494,206.95,247.0
3894,ORD-2023-13894,2023-07-19,2023-07-24,Second Class,CUST-447,United States,City_44,State_8,86034,Candy,East,PROD-005,Jelly Beans,Secret Factory,700.43,218,373.43,327.0
3895,ORD-2023-13895,2023-04-02,2023-04-07,First Class,CUST-952,United States,City_9,State_3,55317,Chocolate,West,PROD-004,Peanut Butter Cups,The Other Factory,1890.54,246,1152.54,738.0
3896,ORD-2023-13896,2023-04-24,2023-04-27,First Class,CUST-151,United States,City_28,State_6,71938,Nuts,West,PROD-001,Chocolate Almonds,Lot's O' Nuts,1569.76,335,732.26,837.5
3897,ORD-2023-13897,2023-05-28,2023-06-04,Second Class,CUST-293,United States,City_14,State_19,19158,Nuts,Central,PROD-010,Pistachios,The Other Factory,4149.54,425,2237.04,1912.5
3898,ORD-2023-13898,2023-08-19,2023-08-28,Second Class,CUST-714,United States,City_8,State_5,67881,Candy,East,PROD-003,Sour Worms,The Other Factory,1040.76,480,416.76,624.0
3899,ORD-2023-13899,2023-06-11,2023-06-16,First Class,CUST-189,United States,City_19,State_6,21046,Chocolate,West,PROD-006,Dark Chocolate Truffles,The Other Factory,3077.38,246,1847.38,1230.0
3900,ORD-2023-13900,2023-01-18,2023-01-24,Second Class,CUST-500,United States,City_42,State_11,88386,Candy,West,PROD-002,Gummy Bears,Secret Factory,1511.63,436,988.43,523.2
3901,ORD-2023-13901,2023-05-09,2023-05-09,First Class,CUST-997,United States,City_14,State_13,45002,Candy,East,PROD-002,Gummy Bears,Lot's O' Nuts,268.46,107,140.06,128.4
3902,ORD-2023-13902,2023-10-16,2023-10-20,Second Class,CUST-702,United States,City_6,State_9,29314,Candy,West,PROD-005,Jelly Beans,Sugar Shack,1707.8,423,1073.3,634.5
3903,ORD-2023-13903,2023-11-19,2023-11-20,Same Day,CUST-552,United States,City_26,State_17,41323,Candy,East,PROD-003,Sour Worms,Lot's O' Nuts,195.4,86,83.6,111.8
3904,ORD-2023-13904,2023-11-18,2023-11-25,Standard Class,CUST-556,United States,City_35,State_11,97641,Chocolate,South,PROD-006,Dark Chocolate Truffles,Wicked Choccy's,3838.21,269,2493.21,1345.0
3905,ORD-2023-13905,2023-04-07,2023-04-11,Second Class,CUST-323,United States,City_3,State_1,15714,Candy,East,PROD-008,Lollipops,Lot's O' Nuts,375.51,286,232.51,143.0
3906,ORD-2023-13906,2023-04-19,2023-04-19,Same Day,CUST-450,United States,City_33,State_14,94592,Nuts,East,PROD-010,Pistachios,Lot's O' Nuts,4453.7,334,2950.7,1503.0
3907,ORD-2023-13907,2023-07-26,2023-07-29,First Class,CUST-223,United States,City_31,State_6,82448,Candy,Central,PROD-008,Lollipops,Secret Factory,231.57,199,132.07,99.5
3908,ORD-2023-13908,2023-05-29,2023-06-04,Second Class,CUST-753,United States,City_14,State_8,34092,Candy,East,PROD-005,Jelly Beans,Secret Factory,608.66,150,383.66,225.0
3909,ORD-2023-13909,2023-09-28,2023-09-30,Same Day,CUST-889,United States,City_5,State_11,48887,Candy,Central,PROD-005,Jelly Beans,Secret Factory,675.97,155,443.47,232.5
3910,ORD-2023-13910,2023-08-27,2023-09-01,Standard Class,CUST-421,United States,City_49,State_3,77459,Nuts,Central,PROD-007,Cashew Clusters,Wicked Choccy's,1524.98,170,844.98,680.0
3911,ORD-2023-13911,2023-10-19,2023-10-22,Same Day,CUST-820,United States,City_37,State_12,86010,Chocolate,South,PROD-006,Dark Chocolate Truffles,Lot's O' Nuts,3691.84,355,1916.84,1775.0
3912,ORD-2023-13912,2023-01-22,2023-01-28,Standard Class,CUST-887,United States,City_15,State_8,68681,Nuts,South,PROD-007,Cashew Clusters,Sugar Shack,4767.52,412,3119.52,1648.0
3913,ORD-2023-13913,2023-05-20,2023-05-21,Same Day,CUST-243,United States,City_6,State_1,83918,Chocolate,West,PROD-006,Dark Chocolate Truffles,Wicked Choccy's,2581.67,274,1211.67,1370.0
3914,ORD-2023-13914,2023-02-17,2023-02-17,First Class,CUST-461,United States,City_31,State_19,93086,Candy,West,PROD-003,Sour Worms,Wicked Choccy's,947.66,384,448.46,499.2
3915,ORD-2023-13915,2023-04-28,2023-05-02,Second Class,CUST-146,United States,City_18,State_3,47321,Chocolate,South,PROD-006,Dark Chocolate Truffles,Wicked Choccy's,2702.23,258,1412.23,1290.0
3916,ORD-2023-13916,2023-01-30,2023-02-03,Second Class,CUST-583,United States,City_3,State_18,20155,Candy,Central,PROD-003,Sour Worms,Secret Factory,328.3,104,193.1,135.2
3917,ORD-2023-13917,2023-10-30,2023-11-04,Second Class,CUST-116,United States,City_40,State_7,57409,Chocolate,West,PROD-004,Peanut Butter Cups,Secret Factory,1522.13,296,634.13,888.0
3918,ORD-2023-13918,2023-03-27,2023-04-01,Second Class,CUST-133,United States,City_6,State_10,84418,Candy,West,PROD-003,Sour Worms,Sugar Shack,1022.09,320,606.09,416.0
3919,ORD-2023-13919,2023-08-24,2023-08-31,Standard Class,CUST-761,United States,City_43,State_19,53046,Nuts,Central,PROD-007,Cashew Clusters,Wicked Choccy's,3627.14,422,1939.14,1688.0
3920,ORD-2023-13920,2023-10-03,2023-10-08,Same Day,CUST-772,United States,City_19,State_16,62805,Chocolate,East,PROD-004,Peanut Butter Cups,The Other Factory,2662.47,488,1198.47,1464.0
3921,ORD-2023-13921,2023-08-13,2023-08-25,Standard Class,CUST-410,United States,City_26,State_14,61397,Candy,East,PROD-008,Lollipops,The Other Factory,232.32,268,98.32,134.0
3922,ORD-2023-13922,2023-08-09,2023-08-15,Second Class,CUST-104,United States,City_44,State_19,93071,Nuts,Central,PROD-007,Cashew Clusters,The Other Factory,4901.27,485,2961.27,1940.0
3923,ORD-2023-13923,2023-12-16,2023-12-21,Second Class,CUST-846,United States,City_2,State_17,52857,Candy,South,PROD-005,Jelly Beans,Wicked Choccy's,1189.87,390,604.87,585.0
3924,ORD-2023-13924,2023-11-21,2023-11-24,First Class,CUST-588,United States,City_12,State_13,59849,Chocolate,West,PROD-006,Dark Chocolate Truffles,The Other Factory,1992.44,228,852.44,1140.0
3925,ORD-2023-13925,2023-06-17,2023-06-19,Second Class,CUST-262,United States,City_32,State_8,92838,Nuts,West,PROD-010,Pistachios,Wicked Choccy's,2798.03,239,1722.53,1075.5
3926,ORD-2023-13926,2023-01-29,2023-01-31,Same Day,CUST-578,United States,City_12,State_7,98076,Candy,West,PROD-005,Jelly Beans,Secret Factory,1445.7,382,872.7,573.0
3927,ORD-2023-13927,2023-08-02,2023-08-02,Same Day,CUST-461,United States,City_7,State_10,88577,Chocolate,Central,PROD-004,Peanut Butter Cups,Sugar Shack,1059.48,213,420.48,639.0
3928,ORD-2023-13928,2023-09-20,2023-09-20,Same Day,CUST-933,United States,City_36,State_13,78151,Nuts,East,PROD-007,Cashew Clusters,Lot's O' Nuts,1486.72,212,638.72,848.0
3929,ORD-2023-13929,2023-05-09,2023-05-11,First Class,CUST-360,United States,City_2,State_8,99152,Chocolate,West,PROD-009,Caramel Squares,Secret Factory,2537.76,319,1644.56,893.2
3930,ORD-2023-13930,2023-11-15,2023-11-18,Same Day,CUST-919,United States,City_6,State_8,97453,Nuts,East,PROD-010,Pistachios,Sugar Shack,3324.59,372,1650.59,1674.0
3931,ORD-2023-13931,2023-12-23,2023-12-29,Second Class,CUST-203,United States,City_35,State_8,81362,Candy,East,PROD-005,Jelly Beans,Sugar Shack,958.93,345,441.43,517.5
3932,ORD-2023-13932,2023-05-18,2023-05-27,Second Class,CUST-169,United States,City_9,State_7,74744,Nuts,South,PROD-001,Chocolate Almonds,Lot's O' Nuts,1332.03,250,707.03,625.0
3933,ORD-2023-13933,2023-02-16,2023-02-26,Standard Class,CUST-261,United States,City_11,State_1,20063,Candy,West,PROD-008,Lollipops,The Other Factory,510.82,407,307.32,203.5
3934,ORD-2023-13934,2023-04-03,2023-04-06,First Class,CUST-256,United States,City_16,State_19,23029,Nuts,East,PROD-007,Cashew Clusters,Wicked Choccy's,150.89,25,50.89,100.0
3935,ORD-2023-13935,2023-04-10,2023-04-15,Standard Class,CUST-504,United States,City_41,State_7,98983,Chocolate,West,PROD-006,Dark Chocolate Truffles,Wicked Choccy's,1822.76,134,1152.76,670.0
3936,ORD-2023-13936,2023-02-10,2023-02-16,Second Class,CUST-287,United States,City_16,State_4,81993,Candy,East,PROD-002,Gummy Bears,Sugar Shack,253.94,95,139.94,114.0
3937,ORD-2023-13937,2023-01-18,2023-01-22,Second Class,CUST-737,United States,City_23,State_20,12381,Nuts,South,PROD-010,Pistachios,Secret Factory,3273.78,436,1311.78,1962.0
3938,ORD-2023-13938,2023-11-22,2023-11-25,Same Day,CUST-689,United States,City_45,State_1,11022,Chocolate,South,PROD-004,Peanut Butter Cups,Lot's O' Nuts,1089.01,173,570.01,519.0
3939,ORD-2023-13939,2023-07-12,2023-07-12,Same Day,CUST-317,United States,City_49,State_6,48538,Nuts,East,PROD-001,Chocolate Almonds,Lot's O' Nuts,2286.04,454,1151.04,1135.0
3940,ORD-2023-13940,2023-04-22,2023-04-26,First Class,CUST-896,United States,City_31,State_4,58852,Candy,West,PROD-005,Jelly Beans,The Other Factory,1723.61,411,1107.11,616.5
3941,ORD-2023-13941,2023-06-05,2023-06-05,Same Day,CUST-216,United States,City_30,State_2,82410,Candy,Central,PROD-002,Gummy Bears,Sugar Shack,676.01,232,397.61,278.4
3942,ORD-2023-13942,2023-03-14,2023-03-16,Same Day,CUST-133,United States,City_17,State_2,16106,Candy,West,PROD-008,Lollipops,Lot's O' Nuts,416.1,282,275.1,141.0
3943,ORD-2023-13943,2023-05-25,2023-05-28,Second Class,CUST-756,United States,City_8,State_6,36856,Nuts,East,PROD-010,Pistachios,Wicked Choccy's,3828.16,331,2338.66,1489.5
3944,ORD-2023-13944,2023-01-13,2023-01-20,Standard Class,CUST-991,United States,City_46,State_7,33324,Candy,South,PROD-003,Sour Worms,Lot's O' Nuts,729.47,201,468.17,261.3
3945,ORD-2023-13945,2023-12-16,2023-12-20,Second Class,CUST-291,United States,City_46,State_15,60381,Candy,West,PROD-005,Jelly Beans,Lot's O' Nuts,1523.46,386,944.46,579.0
3946,ORD-2023-13946,2023-03-25,2023-04-01,Standard Class,CUST-201,United States,City_28,State_15,83924,Candy,West,PROD-003,Sour Worms,Sugar Shack,130.87,55,59.37,71.5
3947,ORD-2023-13947,2023-03-27,2023-04-01,Second Class,CUST-795,United States,City_2,State_4,20936,Chocolate,West,PROD-006,Dark Chocolate Truffles,Sugar Shack,4834.65,465,2509.65,2325.0
3948,ORD-2023-13948,2023-08-10,2023-08-19,Standard Class,CUST-949,United States,City_48,State_18,63927,Nuts,East,PROD-007,Cashew Clusters,Secret Factory,4246.27,482,2318.27,1928.0
3949,ORD-2023-13949,2023-06-13,2023-06-21,Second Class,CUST-619,United States,City_26,State_9,32188,Candy,East,PROD-003,Sour Worms,The Other Factory,153.37,59,76.67,76.7
3950,ORD-2023-13950,2023-03-29,2023-04-04,Standard Class,CUST-687,United States,City_20,State_3,73350,Nuts,West,PROD-007,Cashew Clusters,Secret Factory,605.74,97,217.74,388.0
3951,ORD-2023-13951,2023-12-11,2023-12-14,First Class,CUST-302,United States,City_5,State_20,78407,Chocolate,East,PROD-006,Dark Chocolate Truffles,Wicked Choccy's,163.32,16,83.32,80.0
3952,ORD-2023-13952,2023-01-15,2023-01-15,First Class,CUST-427,United States,City_1,State_17,44007,Candy,East,PROD-005,Jelly Beans,Lot's O' Nuts,711.09,239,352.59,358.5
3953,ORD-2023-13953,2023-07-31,2023-08-04,First Class,CUST-163,United States,City_15,State_16,76087,Chocolate,West,PROD-009,Caramel Squares,Sugar Shack,3033.88,485,1675.88,1358.0
3954,ORD-2023-13954,2023-01-26,2023-01-26,Same Day,CUST-770,United States,City_47,State_8,13105,Candy,South,PROD-005,Jelly Beans,Secret Factory,872.26,385,294.76,577.5
3955,ORD-2023-13955,2023-01-21,2023-01-22,First Class,CUST-337,United States,City_21,State_11,11019,Candy,Central,PROD-008,Lollipops,Secret Factory,265.41,183,173.91,91.5
3956,ORD-2023-13956,2023-03-27,2023-03-29,Same Day,CUST-553,United States,City_16,State_5,81892,Candy,West,PROD-002,Gummy Bears,Secret Factory,714.92,242,424.52,290.4
3957,ORD-2023-13957,2023-12-20,2023-12-30,Standard Class,CUST-233,United States,City_1,State_12,24147,Candy,East,PROD-003,Sour Worms,The Other Factory,1078.85,290,701.85,377.0
3958,ORD-2023-13958,2023-05-11,2023-05-15,Second Class,CUST-300,United States,City_25,State_18,14067,Candy,East,PROD-002,Gummy Bears,Wicked Choccy's,61.65,24,32.85,28.8
3959,ORD-2023-13959,2023-01-16,2023-01-24,First Class,CUST-510,United States,City_21,State_3,18669,Candy,East,PROD-002,Gummy Bears,The Other Factory,236.86,101,115.66,121.2
3960,ORD-2023-13960,2023-02-15,2023-02-21,Standard Class,CUST-502,United States,City_18,State_18,56090,Candy,South,PROD-008,Lollipops,Sugar Shack,192.76,245,70.26,122.5
3961,ORD-2023-13961,2023-04-10,2023-04-10,Same Day,CUST-267,United States,City_17,State_2,68698,Candy,South,PROD-008,Lollipops,The Other Factory,412.68,332,246.68,166.0
3962,ORD-2023-13962,2023-10-06,2023-10-11,First Class,CUST-352,United States,City_35,State_17,25790,Nuts,Central,PROD-010,Pistachios,Lot's O' Nuts,2625.01,360,1005.01,1620.0
3963,ORD-2023-13963,2023-05-21,2023-05-26,Standard Class,CUST-815,United States,City_27,State_16,62706,Nuts,East,PROD-010,Pistachios,Lot's O' Nuts,5540.25,430,3605.25,1935.0
3964,ORD-2023-13964,2023-10-27,2023-11-01,Standard Class,CUST-374,United States,City_37,State_13,13799,Candy,South,PROD-008,Lollipops,Secret Factory,451.69,450,226.69,225.0
3965,ORD-2023-13965,2023-02-18,2023-02-24,Second Class,CUST-439,United States,City_5,State_16,71171,Candy,East,PROD-002,Gummy Bears,Secret Factory,614.38,240,326.38,288.0
3966,ORD-2023-13966,2023-10-12,2023-10-15,Second Class,CUST-458,United States,City_15,State_10,69259,Nuts,West,PROD-001,Chocolate Almonds,Wicked Choccy's,56.32,12,26.32,30.0
3967,ORD-2023-13967,2023-12-03,2023-12-06,Same Day,CUST-294,United States,City_47,State_5,17775,Chocolate,South,PROD-009,Caramel Squares,Wicked Choccy's,438.84,79,217.64,221.2
3968,ORD-2023-13968,2023-09-26,2023-09-26,First Class,CUST-902,United States,City_16,State_12,75802,Nuts,West,PROD-010,Pistachios,Sugar Shack,3129.15,298,1788.15,1341.0
3969,ORD-2023-13969,2023-11-14,2023-11-22,Second Class,CUST-294,United States,City_14,State_11,71944,Candy,South,PROD-008,Lollipops,Wicked Choccy's,451.75,321,291.25,160.5
3970,ORD-2023-13970,2023-11-10,2023-11-17,Standard Class,CUST-510,United States,City_43,State_14,35617,Nuts,Central,PROD-001,Chocolate Almonds,Wicked Choccy's,791.6,134,456.6,335.0
3971,ORD-2023-13971,2023-05-27,2023-05-29,Same Day,CUST-238,United States,City_44,State_15,42566,Nuts,Central,PROD-010,Pistachios,The Other Factory,2456.58,283,1183.08,1273.5
3972,ORD-2023-13972,2023-07-21,2023-07-25,First Class,CUST-234,United States,City_46,State_8,89011,Nuts,West,PROD-010,Pistachios,The Other Factory,4720.43,417,2843.93,1876.5
3973,ORD-2023-13973,2023-07-27,2023-07-28,Same Day,CUST-259,United States,City_31,State_8,53711,Candy,South,PROD-002,Gummy Bears,The Other Factory,305.92,95,191.92,114.0
3974,ORD-2023-13974,2023-07-19,2023-07-25,Standard Class,CUST-972,United States,City_7,State_14,65591,Chocolate,Central,PROD-004,Peanut Butter Cups,Wicked Choccy's,1730.11,332,734.11,996.0
3975,ORD-2023-13975,2023-03-01,2023-03-07,Standard Class,CUST-236,United States,City_6,State_12,62213,Chocolate,Central,PROD-004,Peanut Butter Cups,Wicked Choccy's,1095.87,144,663.87,432.0
3976,ORD-2023-13976,2023-08-01,2023-08-04,Second Class,CUST-918,United States,City_34,State_18,64996,Chocolate,Central,PROD-004,Peanut Butter Cups,Sugar Shack,744.01,118,390.01,354.0
3977,ORD-2023-13977,2023-08-24,2023-08-25,First Class,CUST-372,United States,City_24,State_12,25360,Candy,West,PROD-003,Sour Worms,Wicked Choccy's,65.06,26,31.26,33.8
3978,ORD-2023-13978,2023-03-17,2023-03-20,First Class,CUST-578,United States,City_22,State_9,85479,Candy,Central,PROD-005,Jelly Beans,Wicked Choccy's,128.49,53,48.99,79.5
3979,ORD-2023-13979,2023-11-25,2023-11-25,Same Day,CUST-932,United States,City_6,State_18,79661,Candy,Central,PROD-005,Jelly Beans,Sugar Shack,412.14,157,176.64,235.5
3980,ORD-2023-13980,2023-05-02,2023-05-02,Same Day,CUST-475,United States,City_5,State_6,91794,Candy,Central,PROD-005,Jelly Beans,Wicked Choccy's,669.13,268,267.13,402.0
3981,ORD-2023-13981,2023-09-09,2023-09-15,First Class,CUST-357,United States,City_43,State_13,47784,Candy,South,PROD-002,Gummy Bears,Lot's O' Nuts,979.8,338,574.2,405.6
3982,ORD-2023-13982,2023-05-10,2023-05-16,Second Class,CUST-430,United States,City_14,State_20,91044,Candy,South,PROD-003,Sour Worms,The Other Factory,792.06,235,486.56,305.5
3983,ORD-2023-13983,2023-07-04,2023-07-13,Standard Class,CUST-162,United States,City_30,State_11,25627,Chocolate,Central,PROD-009,Caramel Squares,Secret Factory,1027.89,132,658.29,369.6
3984,ORD-2023-13984,2023-05-23,2023-05-27,Second Class,CUST-281,United States,City_44,State_8,16385,Candy,East,PROD-005,Jelly Beans,Sugar Shack,1080.63,255,698.13,382.5
3985,ORD-2023-13985,2023-06-16,2023-06-20,First Class,CUST-178,United States,City_2,State_17,22031,Chocolate,West,PROD-006,Dark Chocolate Truffles,Secret Factory,3482.02,388,1542.02,1940.0
3986,ORD-2023-13986,2023-05-03,2023-05-03,First Class,CUST-755,United States,City_44,State_13,32018,Candy,South,PROD-003,Sour Worms,Sugar Shack,1124.32,390,617.32,507.0
3987,ORD-2023-13987,2023-05-18,2023-05-25,Standard Class,CUST-535,United States,City_27,State_19,61020,Candy,East,PROD-005,Jelly Beans,Wicked Choccy's,1060.76,333,561.26,499.5
3988,ORD-2023-13988,2023-05-05,2023-05-08,Same Day,CUST-416,United States,City_39,State_4,29272,Candy,South,PROD-002,Gummy Bears,Lot's O' Nuts,1022.81,393,551.21,471.6
3989,ORD-2023-13989,2023-07-17,2023-07-25,Standard Class,CUST-179,United States,City_50,State_9,67379,Candy,South,PROD-002,Gummy Bears,The Other Factory,332.35,183,112.75,219.6
3990,ORD-2023-13990,2023-02-25,2023-03-04,Standard Class,CUST-102,United States,City_9,State_7,20668,Candy,East,PROD-002,Gummy Bears,Sugar Shack,987.42,471,422.22,565.2
3991,ORD-2023-13991,2023-01-27,2023-01-27,First Class,CUST-592,United States,City_11,State_18,91393,Nuts,East,PROD-007,Cashew Clusters,Lot's O' Nuts,1203.53,105,783.53,420.0
3992,ORD-2023-13992,2023-02-27,2023-03-04,Second Class,CUST-667,United States,City_26,State_3,44638,Chocolate,West,PROD-009,Caramel Squares,Secret Factory,2378.84,483,1026.44,1352.4
3993,ORD-2023-13993,2023-07-10,2023-07-14,Second Class,CUST-733,United States,City_26,State_13,90987,Nuts,Central,PROD-010,Pistachios,The Other Factory,349.74,28,223.74,126.0
3994,ORD-2023-13994,2023-01-17,2023-01-22,Second Class,CUST-169,United States,City_19,State_3,46472,Nuts,Central,PROD-010,Pistachios,Secret Factory,3482.76,486,1295.76,2187.0
3995,ORD-2023-13995,2023-01-08,2023-01-08,Same Day,CUST-962,United States,City_32,State_6,42334,Candy,Central,PROD-005,Jelly Beans,Wicked Choccy's,1122.26,338,615.26,507.0
3996,ORD-2023-13996,2023-10-24,2023-10-29,First Class,CUST-821,United States,City_21,State_20,88593,Chocolate,East,PROD-009,Caramel Squares,Secret Factory,972.69,198,418.29,554.4
3997,ORD-2023-13997,2023-12-24,2023-12-24,Same Day,CUST-871,United States,City_32,State_20,76039,Candy,Central,PROD-005,Jelly Beans,Secret Factory,636.09,233,286.59,349.5
3998,ORD-2023-13998,2023-06-24,2023-07-03,Standard Class,CUST-688,United States,City_31,State_20,94058,Candy,West,PROD-003,Sour Worms,The Other Factory,496.89,170,275.89,221.0
3999,ORD-2023-13999,2023-08-11,2023-08-15,Same Day,CUST-837,United States,City_41,State_4,15290,Chocolate,South,PROD-009,Caramel Squares,Wicked Choccy's,111.06,18,60.66,50.4
4000,ORD-2023-14000,2023-12-11,2023-12-16,First Class,CUST-104,United States,City_50,State_9,40131,Chocolate,West,PROD-006,Dark Chocolate Truffles,The Other Factory,2350.19,284,930.19,1420.0
4001,ORD-2023-14001,2023-08-11,2023-08-12,First Class,CUST-236,United States,City_34,State_12,82291,Nuts,West,PROD-010,Pistachios,Lot's O' Nuts,2692.49,389,941.99,1750.5
4002,ORD-2023-14002,2023-01-08,2023-01-09,Same Day,CUST-316,United States,City_23,State_10,98671,Nuts,South,PROD-007,Cashew Clusters,The Other Factory,4337.87,447,2549.87,1788.0
4003,ORD-2023-14003,2023-06-17,2023-06-21,Same Day,CUST-275,United States,City_6,State_2,21613,Candy,East,PROD-008,Lollipops,Secret Factory,358.65,442,137.65,221.0
4004,ORD-2023-14004,2023-03-26,2023-03-27,Same Day,CUST-418,United States,City_42,State_10,23603,Chocolate,West,PROD-009,Caramel Squares,Sugar Shack,1666.29,349,689.09,977.2
4005,ORD-2023-14005,2023-06-26,2023-06-27,First Class,CUST-613,United States,City_23,State_20,92995,Chocolate,West,PROD-009,Caramel Squares,Lot's O' Nuts,1673.14,308,810.74,862.4
4006,ORD-2023-14006,2023-05-04,2023-05-07,First Class,CUST-383,United States,City_42,State_8,71686,Chocolate,South,PROD-004,Peanut Butter Cups,Sugar Shack,947.97,182,401.97,546.0
4007,ORD-2023-14007,2023-08-17,2023-08-22,Standard Class,CUST-798,United States,City_24,State_11,70128,Candy,Central,PROD-008,Lollipops,The Other Factory,539.94,380,349.94,190.0
4008,ORD-2023-14008,2023-03-21,2023-03-22,First Class,CUST-274,United States,City_22,State_18,48068,Chocolate,Central,PROD-004,Peanut Butter Cups,Secret Factory,866.76,179,329.76,537.0
4009,ORD-2023-14009,2023-12-04,2023-12-13,Standard Class,CUST-891,United States,City_11,State_6,72953,Nuts,East,PROD-007,Cashew Clusters,Secret Factory,2827.31,261,1783.31,1044.0
4010,ORD-2023-14010,2023-06-17,2023-06-19,Same Day,CUST-905,United States,City_40,State_13,75057,Nuts,Central,PROD-010,Pistachios,Wicked Choccy's,3600.5,459,1535.0,2065.5
4011,ORD-2023-14011,2023-01-31,2023-02-09,Second Class,CUST-629,United States,City_22,State_9,14986,Candy,East,PROD-005,Jelly Beans,The Other Factory,1181.53,429,538.03,643.5
4012,ORD-2023-14012,2023-02-15,2023-02-15,First Class,CUST-184,United States,City_9,State_10,28809,Candy,East,PROD-008,Lollipops,Lot's O' Nuts,217.89,185,125.39,92.5
4013,ORD-2023-14013,2023-06-13,2023-06-15,Same Day,CUST-656,United States,City_22,State_3,36439,Nuts,Central,PROD-007,Cashew Clusters,The Other Factory,1355.82,123,863.82,492.0
4014,ORD-2023-14014,2023-06-20,2023-06-23,Second Class,CUST-527,United States,City_5,State_10,27149,Nuts,South,PROD-010,Pistachios,Secret Factory,1002.93,92,588.93,414.0
4015,ORD-2023-14015,2023-01-31,2023-02-02,First Class,CUST-122,United States,City_26,State_8,36803,Nuts,East,PROD-007,Cashew Clusters,Wicked Choccy's,2201.88,271,1117.88,1084.0
4016,ORD-2023-14016,2023-09-27,2023-10-05,Standard Class,CUST-607,United States,City_13,State_15,28864,Candy,East,PROD-005,Jelly Beans,Secret Factory,1065.21,316,591.21,474.0
4017,ORD-2023-14017,2023-11-05,2023-11-08,First Class,CUST-774,United States,City_14,State_17,15382,Chocolate,South,PROD-009,Caramel Squares,Wicked Choccy's,3590.09,467,2282.49,1307.6
4018,ORD-2023-14018,2023-02-13,2023-02-13,Same Day,CUST-493,United States,City_4,State_8,36520,Candy,East,PROD-005,Jelly Beans,Lot's O' Nuts,1784.91,421,1153.41,631.5
4019,ORD-2023-14019,2023-05-25,2023-05-28,First Class,CUST-408,United States,City_16,State_14,95549,Chocolate,Central,PROD-004,Peanut Butter Cups,Lot's O' Nuts,371.58,54,209.58,162.0
4020,ORD-2023-14020,2023-11-19,2023-11-25,Standard Class,CUST-189,United States,City_15,State_16,82525,Nuts,West,PROD-007,Cashew Clusters,Lot's O' Nuts,3671.11,319,2395.11,1276.0
4021,ORD-2023-14021,2023-01-17,2023-01-25,Standard Class,CUST-525,United States,City_32,State_14,75361,Chocolate,West,PROD-009,Caramel Squares,Lot's O' Nuts,1599.24,307,739.64,859.6
4022,ORD-2023-14022,2023-08-02,2023-08-03,Second Class,CUST-567,United States,City_25,State_10,56803,Candy,South,PROD-008,Lollipops,Secret Factory,244.93,185,152.43,92.5
4023,ORD-2023-14023,2023-04-17,2023-04-20,Standard Class,CUST-616,United States,City_8,State_20,53361,Chocolate,Central,PROD-006,Dark Chocolate Truffles,Sugar Shack,1966.0,138,1276.0,690.0
4024,ORD-2023-14024,2023-02-25,2023-03-04,Standard Class,CUST-490,United States,City_40,State_7,85261,Candy,Central,PROD-005,Jelly Beans,Wicked Choccy's,1113.29,471,406.79,706.5
4025,ORD-2023-14025,2023-01-26,2023-01-29,Second Class,CUST-869,United States,City_9,State_7,42701,Chocolate,West,PROD-006,Dark Chocolate Truffles,Sugar Shack,3459.05,285,2034.05,1425.0
4026,ORD-2023-14026,2023-12-14,2023-12-16,First Class,CUST-418,United States,City_42,State_17,51274,Chocolate,West,PROD-004,Peanut Butter Cups,Lot's O' Nuts,3489.79,391,2316.79,1173.0
4027,ORD-2023-14027,2023-03-15,2023-03-23,Standard Class,CUST-542,United States,City_9,State_14,11861,Chocolate,South,PROD-006,Dark Chocolate Truffles,Lot's O' Nuts,1894.35,202,884.35,1010.0
4028,ORD-2023-14028,2023-06-13,2023-06-19,Standard Class,CUST-864,United States,City_20,State_10,76459,Nuts,Central,PROD-007,Cashew Clusters,Secret Factory,3994.15,333,2662.15,1332.0
4029,ORD-2023-14029,2023-08-04,2023-08-13,Standard Class,CUST-350,United States,City_48,State_9,96625,Candy,West,PROD-008,Lollipops,Secret Factory,182.81,156,104.81,78.0
4030,ORD-2023-14030,2023-01-28,2023-01-31,Second Class,CUST-154,United States,City_28,State_19,52885,Candy,South,PROD-003,Sour Worms,Secret Factory,305.62,99,176.92,128.7
4031,ORD-2023-14031,2023-12-08,2023-12-13,Second Class,CUST-858,United States,City_50,State_12,76485,Candy,Central,PROD-008,Lollipops,Wicked Choccy's,23.44,27,9.94,13.5
4032,ORD-2023-14032,2023-02-27,2023-02-28,Same Day,CUST-285,United States,City_35,State_9,79562,Nuts,South,PROD-010,Pistachios,Wicked Choccy's,853.4,92,439.4,414.0
4033,ORD-2023-14033,2023-11-05,2023-11-10,First Class,CUST-493,United States,City_44,State_11,91912,Chocolate,East,PROD-009,Caramel Squares,The Other Factory,1582.05,193,1041.65,540.4
4034,ORD-2023-14034,2023-07-21,2023-07-22,First Class,CUST-405,United States,City_28,State_9,52130,Nuts,Central,PROD-010,Pistachios,Lot's O' Nuts,4670.47,346,3113.47,1557.0
4035,ORD-2023-14035,2023-05-13,2023-05-18,Standard Class,CUST-273,United States,City_20,State_5,78985,Candy,East,PROD-003,Sour Worms,Wicked Choccy's,180.42,47,119.32,61.1
4036,ORD-2023-14036,2023-05-11,2023-05-14,First Class,CUST-906,United States,City_5,State_17,87060,Nuts,Central,PROD-007,Cashew Clusters,Secret Factory,2971.99,262,1923.99,1048.0
4037,ORD-2023-14037,2023-03-05,2023-03-12,Standard Class,CUST-484,United States,City_29,State_2,90748,Candy,Central,PROD-008,Lollipops,Secret Factory,590.12,467,356.62,233.5
4038,ORD-2023-14038,2023-11-25,2023-11-27,Second Class,CUST-145,United States,City_48,State_5,75995,Chocolate,South,PROD-004,Peanut Butter Cups,Secret Factory,3005.21,497,1514.21,1491.0
4039,ORD-2023-14039,2023-08-25,2023-09-01,Standard Class,CUST-133,United States,City_41,State_16,41629,Nuts,Central,PROD-001,Chocolate Almonds,Lot's O' Nuts,1831.42,257,1188.92,642.5
4040,ORD-2023-14040,2023-02-24,2023-03-02,Second Class,CUST-779,United States,City_20,State_1,73874,Candy,East,PROD-005,Jelly Beans,Secret Factory,545.85,221,214.35,331.5
4041,ORD-2023-14041,2023-07-17,2023-07-26,Standard Class,CUST-592,United States,City_21,State_6,73936,Nuts,West,PROD-010,Pistachios,The Other Factory,3963.43,463,1879.93,2083.5
4042,ORD-2023-14042,2023-03-06,2023-03-11,Second Class,CUST-509,United States,City_32,State_17,54361,Chocolate,West,PROD-006,Dark Chocolate Truffles,Sugar Shack,4672.93,399,2677.93,1995.0
4043,ORD-2023-14043,2023-07-20,2023-07-21,Same Day,CUST-171,United States,City_23,State_12,71354,Candy,East,PROD-002,Gummy Bears,Sugar Shack,961.57,276,630.37,331.2
4044,ORD-2023-14044,2023-12-13,2023-12-13,Same Day,CUST-531,United States,City_27,State_18,86318,Candy,Central,PROD-002,Gummy Bears,Sugar Shack,433.89,223,166.29,267.6
4045,ORD-2023-14045,2023-05-03,2023-05-05,Same Day,CUST-754,United States,City_1,State_11,84537,Candy,West,PROD-005,Jelly Beans,Lot's O' Nuts,585.41,208,273.41,312.0
4046,ORD-2023-14046,2023-03-01,2023-03-03,Same Day,CUST-324,United States,City_14,State_19,53807,Chocolate,East,PROD-006,Dark Chocolate Truffles,Sugar Shack,6463.08,452,4203.08,2260.0
4047,ORD-2023-14047,2023-05-14,2023-05-17,Second Class,CUST-176,United States,City_33,State_5,58915,Nuts,West,PROD-007,Cashew Clusters,Wicked Choccy's,3900.4,474,2004.4,1896.0
4048,ORD-2023-14048,2023-10-31,2023-11-09,Standard Class,CUST-248,United States,City_42,State_14,84384,Nuts,South,PROD-007,Cashew Clusters,The Other Factory,486.69,75,186.69,300.0
4049,ORD-2023-14049,2023-10-11,2023-10-12,Same Day,CUST-684,United States,City_49,State_17,92244,Candy,South,PROD-008,Lollipops,Sugar Shack,188.79,165,106.29,82.5
4050,ORD-2023-14050,2023-10-20,2023-10-28,Standard Class,CUST-159,United States,City_23,State_6,74836,Nuts,West,PROD-010,Pistachios,Secret Factory,2956.8,227,1935.3,1021.5
4051,ORD-2023-14051,2023-10-20,2023-10-20,Same Day,CUST-287,United States,City_12,State_12,83845,Nuts,West,PROD-001,Chocolate Almonds,Sugar Shack,3144.36,458,1999.36,1145.0
4052,ORD-2023-14052,2023-05-01,2023-05-05,Second Class,CUST-237,United States,City_31,State_10,63132,Candy,Central,PROD-002,Gummy Bears,Secret Factory,41.93,12,27.53,14.4
4053,ORD-2023-14053,2023-07-19,2023-07-19,Same Day,CUST-871,United States,City_39,State_3,84798,Nuts,East,PROD-010,Pistachios,Lot's O' Nuts,1518.24,114,1005.24,513.0
4054,ORD-2023-14054,2023-12-16,2023-12-19,Same Day,CUST-636,United States,City_24,State_12,39651,Chocolate,West,PROD-009,Caramel Squares,Secret Factory,1465.06,343,504.66,960.4
4055,ORD-2023-14055,2023-03-30,2023-04-05,Second Class,CUST-293,United States,City_23,State_14,71662,Nuts,South,PROD-007,Cashew Clusters,Lot's O' Nuts,655.82,108,223.82,432.0
4056,ORD-2023-14056,2023-07-11,2023-07-12,Same Day,CUST-396,United States,City_11,State_20,78267,Chocolate,South,PROD-004,Peanut Butter Cups,Sugar Shack,1531.22,210,901.22,630.0
4057,ORD-2023-14057,2023-01-05,2023-01-07,First Class,CUST-136,United States,City_14,State_6,71443,Candy,East,PROD-005,Jelly Beans,Lot's O' Nuts,1950.16,439,1291.66,658.5
4058,ORD-2023-14058,2023-06-07,2023-06-11,Second Class,CUST-826,United States,City_29,State_10,59930,Chocolate,West,PROD-004,Peanut Butter Cups,Lot's O' Nuts,2756.48,402,1550.48,1206.0
4059,ORD-2023-14059,2023-06-24,2023-06-29,Second Class,CUST-218,United States,City_36,State_17,29824,Chocolate,West,PROD-004,Peanut Butter Cups,Sugar Shack,2791.69,439,1474.69,1317.0
4060,ORD-2023-14060,2023-12-11,2023-12-12,Same Day,CUST-437,United States,City_33,State_14,28184,Nuts,East,PROD-001,Chocolate Almonds,Wicked Choccy's,2386.33,370,1461.33,925.0
4061,ORD-2023-14061,2023-11-29,2023-12-05,Second Class,CUST-827,United States,City_7,State_4,95965,Candy,Central,PROD-002,Gummy Bears,The Other Factory,1181.01,350,761.01,420.0
4062,ORD-2023-14062,2023-09-06,2023-09-12,Same Day,CUST-928,United States,City_14,State_13,65561,Candy,East,PROD-003,Sour Worms,The Other Factory,1303.4,417,761.3,542.1
4063,ORD-2023-14063,2023-11-30,2023-12-02,Same Day,CUST-411,United States,City_31,State_6,76469,Nuts,West,PROD-007,Cashew Clusters,Secret Factory,4396.55,378,2884.55,1512.0
4064,ORD-2023-14064,2023-06-17,2023-06-17,Same Day,CUST-444,United States,City_1,State_7,36352,Candy,West,PROD-002,Gummy Bears,Wicked Choccy's,837.42,307,469.02,368.4
4065,ORD-2023-14065,2023-12-08,2023-12-16,Second Class,CUST-131,United States,City_15,State_16,57346,Candy,East,PROD-008,Lollipops,The Other Factory,419.12,349,244.62,174.5
4066,ORD-2023-14066,2023-12-04,2023-12-09,Standard Class,CUST-356,United States,City_48,State_11,26533,Chocolate,West,PROD-004,Peanut Butter Cups,Sugar Shack,582.27,112,246.27,336.0
4067,ORD-2023-14067,2023-02-20,2023-02-21,Same Day,CUST-148,United States,City_47,State_8,17145,Candy,South,PROD-008,Lollipops,Sugar Shack,376.84,308,222.84,154.0
4068,ORD-2023-14068,2023-08-22,2023-08-27,Standard Class,CUST-817,United States,City_50,State_13,53222,Chocolate,South,PROD-006,Dark Chocolate Truffles,Secret Factory,3313.22,414,1243.22,2070.0
4069,ORD-2023-14069,2023-09-14,2023-09-17,Standard Class,CUST-840,United States,City_39,State_17,41189,Candy,Central,PROD-003,Sour Worms,Sugar Shack,434.29,192,184.69,249.6
4070,ORD-2023-14070,2024-01-01,2024-01-11,Standard Class,CUST-383,United States,City_38,State_15,67896,Chocolate,West,PROD-009,Caramel Squares,The Other Factory,262.15,47,130.55,131.6
4071,ORD-2023-14071,2023-05-06,2023-05-13,Standard Class,CUST-518,United States,City_23,State_15,64254,Candy,Central,PROD-008,Lollipops,Secret Factory,277.0,214,170.0,107.0
4072,ORD-2023-14072,2023-12-27,2023-12-29,Second Class,CUST-496,United States,City_7,State_19,95919,Chocolate,West,PROD-006,Dark Chocolate Truffles,Wicked Choccy's,6687.36,494,4217.36,2470.0
4073,ORD-2023-14073,2023-10-16,2023-10-20,Second Class,CUST-369,United States,City_38,State_10,34865,Chocolate,East,PROD-006,Dark Chocolate Truffles,Sugar Shack,1944.56,166,1114.56,830.0
4074,ORD-2023-14074,2023-07-29,2023-07-30,Same Day,CUST-839,United States,City_16,State_18,80261,Candy,South,PROD-005,Jelly Beans,Sugar Shack,1418.8,452,740.8,678.0
4075,ORD-2023-14075,2023-01-18,2023-01-22,Standard Class,CUST-971,United States,City_6,State_12,87901,Nuts,Central,PROD-007,Cashew Clusters,Sugar Shack,4229.18,372,2741.18,1488.0
4076,ORD-2023-14076,2023-03-14,2023-03-17,Second Class,CUST-813,United States,City_42,State_12,87483,Chocolate,South,PROD-006,Dark Chocolate Truffles,Secret Factory,4476.7,494,2006.7,2470.0
4077,ORD-2023-14077,2023-10-24,2023-11-02,Standard Class,CUST-257,United States,City_41,State_15,14022,Chocolate,East,PROD-004,Peanut Butter Cups,Secret Factory,2364.63,409,1137.63,1227.0
4078,ORD-2023-14078,2023-12-10,2023-12-13,First Class,CUST-822,United States,City_34,State_16,80111,Nuts,East,PROD-007,Cashew Clusters,Secret Factory,1074.24,127,566.24,508.0
4079,ORD-2023-14079,2023-12-09,2023-12-16,Standard Class,CUST-978,United States,City_15,State_7,82165,Nuts,West,PROD-001,Chocolate Almonds,Secret Factory,312.58,81,110.08,202.5
4080,ORD-2023-14080,2023-01-06,2023-01-08,Second Class,CUST-732,United States,City_28,State_13,72486,Chocolate,East,PROD-009,Caramel Squares,Lot's O' Nuts,3197.7,398,2083.3,1114.4
4081,ORD-2023-14081,2023-01-09,2023-01-15,Second Class,CUST-328,United States,City_19,State_9,75966,Nuts,South,PROD-007,Cashew Clusters,Wicked Choccy's,1106.7,112,658.7,448.0
4082,ORD-2023-14082,2023-09-05,2023-09-05,Same Day,CUST-203,United States,City_38,State_1,55548,Chocolate,Central,PROD-004,Peanut Butter Cups,Secret Factory,65.7,10,35.7,30.0
4083,ORD-2023-14083,2023-04-10,2023-04-14,First Class,CUST-589,United States,City_3,State_11,44162,Nuts,South,PROD-007,Cashew Clusters,Sugar Shack,2627.4,311,1383.4,1244.0
4084,ORD-2023-14084,2023-02-08,2023-02-12,Second Class,CUST-711,United States,City_1,State_19,54789,Nuts,West,PROD-007,Cashew Clusters,Secret Factory,1576.58,210,736.58,840.0
4085,ORD-2023-14085,2023-12-05,2023-12-09,Second Class,CUST-629,United States,City_33,State_14,79966,Candy,South,PROD-005,Jelly Beans,Secret Factory,138.21,35,85.71,52.5
4086,ORD-2023-14086,2023-04-19,2023-04-21,First Class,CUST-703,United States,City_12,State_14,64994,Candy,West,PROD-002,Gummy Bears,Lot's O' Nuts,118.66,58,49.06,69.6
4087,ORD-2023-14087,2023-09-18,2023-09-18,Same Day,CUST-133,United States,City_37,State_11,77591,Candy,Central,PROD-003,Sour Worms,Sugar Shack,957.05,468,348.65,608.4
4088,ORD-2023-14088,2023-05-31,2023-06-08,Standard Class,CUST-423,United States,City_39,State_15,11703,Nuts,East,PROD-001,Chocolate Almonds,Sugar Shack,871.07,207,353.57,517.5
4089,ORD-2023-14089,2023-01-18,2023-01-24,Standard Class,CUST-618,United States,City_21,State_9,61444,Nuts,East,PROD-001,Chocolate Almonds,Lot's O' Nuts,1088.67,240,488.67,600.0
4090,ORD-2023-14090,2023-05-25,2023-05-26,Same Day,CUST-871,United States,City_37,State_8,85200,Candy,Central,PROD-008,Lollipops,Wicked Choccy's,185.38,134,118.38,67.0
4091,ORD-2023-14091,2023-04-18,2023-04-24,Standard Class,CUST-425,United States,City_37,State_13,75249,Nuts,Central,PROD-001,Chocolate Almonds,The Other Factory,377.85,64,217.85,160.0
4092,ORD-2023-14092,2023-02-25,2023-03-05,Second Class,CUST-458,United States,City_19,State_5,96546,Candy,West,PROD-002,Gummy Bears,The Other Factory,394.95,112,260.55,134.4
4093,ORD-2023-14093,2023-11-19,2023-11-21,First Class,CUST-696,United States,City_42,State_2,35731,Chocolate,West,PROD-009,Caramel Squares,Sugar Shack,203.94,44,80.74,123.2
4094,ORD-2023-14094,2023-10-23,2023-10-31,Standard Class,CUST-691,United States,City_19,State_3,33781,Chocolate,Central,PROD-006,Dark Chocolate Truffles,The Other Factory,1399.26,160,599.26,800.0
4095,ORD-2023-14095,2023-12-16,2023-12-23,Standard Class,CUST-242,United States,City_16,State_18,81072,Chocolate,South,PROD-006,Dark Chocolate Truffles,The Other Factory,1663.51,126,1033.51,630.0
4096,ORD-2023-14096,2023-08-09,2023-08-09,Same Day,CUST-496,United States,City_11,State_17,85659,Candy,South,PROD-008,Lollipops,Secret Factory,41.87,28,27.87,14.0
4097,ORD-2023-14097,2023-01-09,2023-01-12,First Class,CUST-726,United States,City_31,State_18,38556,Chocolate,West,PROD-006,Dark Chocolate Truffles,Lot's O' Nuts,3100.85,341,1395.85,1705.0
4098,ORD-2023-14098,2023-12-09,2023-12-10,First Class,CUST-121,United States,City_34,State_4,76916,Chocolate,Central,PROD-009,Caramel Squares,Secret Factory,2554.07,368,1523.67,1030.4
4099,ORD-2023-14099,2023-12-20,2023-12-25,Second Class,CUST-309,United States,City_41,State_20,99664,Chocolate,West,PROD-004,Peanut Butter Cups,Secret Factory,2802.08,397,1611.08,1191.0
4100,ORD-2023-14100,2023-07-15,2023-07-16,Same Day,CUST-998,United States,City_1,State_16,26044,Candy,West,PROD-008,Lollipops,Lot's O' Nuts,151.73,134,84.73,67.0
4101,ORD-2023-14101,2023-03-02,2023-03-04,First Class,CUST-987,United States,City_7,State_3,71591,Chocolate,East,PROD-006,Dark Chocolate Truffles,Sugar Shack,1128.46,123,513.46,615.0
4102,ORD-2023-14102,2023-08-13,2023-08-17,First Class,CUST-962,United States,City_29,State_16,19368,Chocolate,East,PROD-009,Caramel Squares,Secret Factory,2641.38,434,1426.18,1215.2
4103,ORD-2023-14103,2023-04-27,2023-05-03,Standard Class,CUST-643,United States,City_29,State_11,67390,Nuts,West,PROD-010,Pistachios,Wicked Choccy's,518.9,40,338.9,180.0
4104,ORD-2023-14104,2023-05-02,2023-05-08,Second Class,CUST-314,United States,City_27,State_1,59554,Candy,Central,PROD-005,Jelly Beans,Lot's O' Nuts,1474.74,357,939.24,535.5
4105,ORD-2023-14105,2023-11-01,2023-11-05,Standard Class,CUST-372,United States,City_49,State_20,71885,Candy,South,PROD-008,Lollipops,Secret Factory,562.05,456,334.05,228.0
4106,ORD-2023-14106,2023-08-27,2023-08-29,First Class,CUST-514,United States,City_19,State_19,64290,Candy,Central,PROD-003,Sour Worms,Secret Factory,97.41,42,42.81,54.6
4107,ORD-2023-14107,2023-12-22,2023-12-26,Standard Class,CUST-334,United States,City_29,State_12,33291,Candy,Central,PROD-008,Lollipops,Sugar Shack,383.92,391,188.42,195.5
4108,ORD-2023-14108,2023-12-14,2023-12-17,First Class,CUST-630,United States,City_35,State_5,52354,Chocolate,Central,PROD-006,Dark Chocolate Truffles,Secret Factory,6212.87,425,4087.87,2125.0
4109,ORD-2023-14109,2023-09-24,2023-10-03,Standard Class,CUST-880,United States,City_7,State_4,51244,Candy,East,PROD-003,Sour Worms,Secret Factory,748.43,197,492.33,256.1
4110,ORD-2023-14110,2023-10-06,2023-10-12,Second Class,CUST-427,United States,City_30,State_14,47597,Nuts,West,PROD-007,Cashew Clusters,Secret Factory,3645.79,452,1837.79,1808.0
4111,ORD-2023-14111,2023-01-31,2023-02-06,First Class,CUST-986,United States,City_35,State_1,89759,Nuts,East,PROD-007,Cashew Clusters,Secret Factory,2951.82,348,1559.82,1392.0
4112,ORD-2023-14112,2023-10-26,2023-10-30,Standard Class,CUST-431,United States,City_45,State_2,33262,Chocolate,West,PROD-009,Caramel Squares,Wicked Choccy's,655.78,124,308.58,347.2
4113,ORD-2023-14113,2023-05-08,2023-05-16,Standard Class,CUST-864,United States,City_48,State_12,59390,Candy,South,PROD-008,Lollipops,Sugar Shack,586.44,481,345.94,240.5
4114,ORD-2023-14114,2023-05-06,2023-05-07,Second Class,CUST-468,United States,City_9,State_9,52077,Chocolate,West,PROD-004,Peanut Butter Cups,Wicked Choccy's,1190.96,163,701.96,489.0
4115,ORD-2023-14115,2023-06-12,2023-06-21,Standard Class,CUST-445,United States,City_47,State_16,79529,Candy,Central,PROD-008,Lollipops,Lot's O' Nuts,637.53,452,411.53,226.0
4116,ORD-2023-14116,2023-11-24,2023-12-01,Standard Class,CUST-375,United States,City_44,State_5,70815,Candy,West,PROD-003,Sour Worms,Secret Factory,397.53,113,250.63,146.9
4117,ORD-2023-14117,2023-03-24,2023-03-28,Same Day,CUST-623,United States,City_41,State_13,86022,Candy,East,PROD-002,Gummy Bears,Secret Factory,1306.0,376,854.8,451.2
4118,ORD-2023-14118,2023-04-03,2023-04-03,Same Day,CUST-320,United States,City_41,State_16,13222,Candy,South,PROD-008,Lollipops,Sugar Shack,705.34,497,456.84,248.5
4119,ORD-2023-14119,2023-08-29,2023-09-01,First Class,CUST-870,United States,City_45,State_6,64160,Chocolate,Central,PROD-004,Peanut Butter Cups,The Other Factory,2340.89,296,1452.89,888.0
4120,ORD-2023-14120,2023-11-09,2023-11-14,Standard Class,CUST-685,United States,City_18,State_3,33029,Chocolate,West,PROD-009,Caramel Squares,Lot's O' Nuts,440.66,89,191.46,249.2
4121,ORD-2023-14121,2023-04-05,2023-04-05,Same Day,CUST-693,United States,City_17,State_4,75771,Chocolate,East,PROD-004,Peanut Butter Cups,Wicked Choccy's,1049.59,188,485.59,564.0
4122,ORD-2023-14122,2023-05-23,2023-05-23,First Class,CUST-727,United States,City_11,State_11,80617,Chocolate,Central,PROD-006,Dark Chocolate Truffles,Sugar Shack,580.64,42,370.64,210.0
4123,ORD-2023-14123,2023-01-02,2023-01-05,First Class,CUST-455,United States,City_26,State_8,13668,Chocolate,East,PROD-009,Caramel Squares,Wicked Choccy's,285.85,36,185.05,100.8
4124,ORD-2023-14124,2023-09-01,2023-09-01,Same Day,CUST-410,United States,City_40,State_1,50416,Chocolate,West,PROD-004,Peanut Butter Cups,Wicked Choccy's,638.65,107,317.65,321.0
4125,ORD-2023-14125,2023-08-15,2023-08-17,First Class,CUST-912,United States,City_33,State_19,67237,Candy,South,PROD-008,Lollipops,The Other Factory,65.27,61,34.77,30.5
4126,ORD-2023-14126,2023-07-07,2023-07-10,Second Class,CUST-276,United States,City_35,State_14,80286,Candy,West,PROD-003,Sour Worms,Lot's O' Nuts,118.91,40,66.91,52.0
4127,ORD-2023-14127,2023-06-02,2023-06-05,Second Class,CUST-801,United States,City_44,State_17,80551,Chocolate,Central,PROD-006,Dark Chocolate Truffles,Secret Factory,2433.49,234,1263.49,1170.0
4128,ORD-2023-14128,2023-07-05,2023-07-11,Second Class,CUST-633,United States,City_39,State_10,61781,Candy,East,PROD-003,Sour Worms,Wicked Choccy's,808.35,288,433.95,374.4
4129,ORD-2023-14129,2023-02-09,2023-02-14,Second Class,CUST-116,United States,City_36,State_10,60783,Candy,South,PROD-008,Lollipops,Wicked Choccy's,192.08,213,85.58,106.5
4130,ORD-2023-14130,2023-07-21,2023-07-30,Second Class,CUST-887,United States,City_1,State_8,37195,Nuts,South,PROD-001,Chocolate Almonds,Lot's O' Nuts,2013.55,466,848.55,1165.0
4131,ORD-2023-14131,2023-12-08,2023-12-11,First Class,CUST-182,United States,City_41,State_3,66768,Nuts,East,PROD-007,Cashew Clusters,Sugar Shack,2037.25,265,977.25,1060.0
4132,ORD-2023-14132,2023-04-28,2023-05-04,Standard Class,CUST-830,United States,City_45,State_4,60880,Chocolate,West,PROD-004,Peanut Butter Cups,Sugar Shack,2424.37,492,948.37,1476.0
4133,ORD-2023-14133,2023-04-02,2023-04-06,Same Day,CUST-636,United States,City_18,State_12,51701,Nuts,South,PROD-007,Cashew Clusters,Wicked Choccy's,4659.67,394,3083.67,1576.0
4134,ORD-2023-14134,2023-10-01,2023-10-10,Standard Class,CUST-730,United States,City_25,State_5,31343,Candy,Central,PROD-005,Jelly Beans,Lot's O' Nuts,1003.46,335,500.96,502.5
4135,ORD-2023-14135,2023-11-21,2023-11-28,Standard Class,CUST-639,United States,City_28,State_3,14769,Nuts,East,PROD-010,Pistachios,Sugar Shack,102.02,10,57.02,45.0
4136,ORD-2023-14136,2023-04-04,2023-04-13,Standard Class,CUST-106,United States,City_19,State_14,87481,Nuts,East,PROD-007,Cashew Clusters,Secret Factory,3776.57,453,1964.57,1812.0
4137,ORD-2023-14137,2023-11-10,2023-11-15,First Class,CUST-623,United States,City_41,State_20,23887,Nuts,South,PROD-001,Chocolate Almonds,Lot's O' Nuts,1737.82,347,870.32,867.5
4138,ORD-2023-14138,2023-02-07,2023-02-09,First Class,CUST-741,United States,City_32,State_18,81348,Nuts,Central,PROD-007,Cashew Clusters,Wicked Choccy's,186.97,22,98.97,88.0
4139,ORD-2023-14139,2023-03-17,2023-03-22,Second Class,CUST-457,United States,City_4,State_6,99560,Candy,South,PROD-005,Jelly Beans,Sugar Shack,1150.14,475,437.64,712.5
4140,ORD-2023-14140,2023-06-27,2023-06-30,Second Class,CUST-967,United States,City_1,State_15,19996,Candy,West,PROD-005,Jelly Beans,Wicked Choccy's,572.42,146,353.42,219.0
4141,ORD-2023-14141,2023-11-12,2023-11-20,Second Class,CUST-272,United States,City_16,State_1,55358,Candy,South,PROD-002,Gummy Bears,Lot's O' Nuts,678.08,274,349.28,328.8
4142,ORD-2023-14142,2023-02-18,2023-02-19,Same Day,CUST-339,United States,City_15,State_7,25998,Nuts,South,PROD-001,Chocolate Almonds,Secret Factory,803.19,139,455.69,347.5
4143,ORD-2023-14143,2023-10-22,2023-10-25,Same Day,CUST-361,United States,City_48,State_3,32374,Candy,Central,PROD-008,Lollipops,Lot's O' Nuts,394.05,399,194.55,199.5
4144,ORD-2023-14144,2023-10-24,2023-10-29,First Class,CUST-940,United States,City_12,State_17,98011,Nuts,West,PROD-010,Pistachios,The Other Factory,788.52,101,334.02,454.5
4145,ORD-2023-14145,2023-01-25,2023-01-29,Second Class,CUST-796,United States,City_23,State_5,24504,Chocolate,Central,PROD-009,Caramel Squares,Lot's O' Nuts,1799.1,270,1043.1,756.0
4146,ORD-2023-14146,2023-03-22,2023-03-28,Standard Class,CUST-270,United States,City_22,State_2,52940,Candy,East,PROD-008,Lollipops,Secret Factory,268.82,223,157.32,111.5
4147,ORD-2023-14147,2023-05-23,2023-05-29,Second Class,CUST-164,United States,City_15,State_20,48711,Nuts,West,PROD-001,Chocolate Almonds,Secret Factory,2826.71,393,1844.21,982.5
4148,ORD-2023-14148,2023-07-07,2023-07-11,Second Class,CUST-272,United States,City_32,State_9,88689,Chocolate,West,PROD-004,Peanut Butter Cups,Lot's O' Nuts,258.67,33,159.67,99.0
4149,ORD-2023-14149,2023-09-16,2023-09-18,Second Class,CUST-876,United States,City_44,State_8,73154,Nuts,West,PROD-007,Cashew Clusters,Wicked Choccy's,1197.22,154,581.22,616.0
4150,ORD-2023-14150,2023-11-02,2023-11-05,Second Class,CUST-258,United States,City_47,State_18,56709,Nuts,Central,PROD-007,Cashew Clusters,Sugar Shack,2951.33,309,1715.33,1236.0
4151,ORD-2023-14151,2023-01-14,2023-01-18,Second Class,CUST-360,United States,City_7,State_10,82957,Chocolate,West,PROD-009,Caramel Squares,Lot's O' Nuts,1641.43,277,865.83,775.6
4152,ORD-2023-14152,2023-09-21,2023-09-27,Standard Class,CUST-440,United States,City_4,State_9,97958,Nuts,West,PROD-007,Cashew Clusters,Wicked Choccy's,1881.0,173,1189.0,692.0
4153,ORD-2023-14153,2023-10-27,2023-11-01,First Class,CUST-220,United States,City_36,State_5,37709,Chocolate,East,PROD-009,Caramel Squares,Secret Factory,185.1,24,117.9,67.2
4154,ORD-2023-14154,2023-01-31,2023-02-07,Standard Class,CUST-359,United States,City_19,State_9,71672,Candy,West,PROD-008,Lollipops,Secret Factory,255.63,324,93.63,162.0
4155,ORD-2023-14155,2023-08-30,2023-09-06,Standard Class,CUST-357,United States,City_46,State_1,13874,Nuts,East,PROD-010,Pistachios,Wicked Choccy's,731.45,73,402.95,328.5
4156,ORD-2023-14156,2023-09-28,2023-09-28,Same Day,CUST-804,United States,City_18,State_17,61921,Chocolate,Central,PROD-004,Peanut Butter Cups,Sugar Shack,3035.75,357,1964.75,1071.0
4157,ORD-2023-14157,2023-05-31,2023-06-03,Same Day,CUST-487,United States,City_26,State_13,10643,Chocolate,West,PROD-006,Dark Chocolate Truffles,Secret Factory,3920.68,409,1875.68,2045.0
4158,ORD-2023-14158,2023-07-13,2023-07-13,Same Day,CUST-399,United States,City_31,State_9,23570,Candy,West,PROD-008,Lollipops,Wicked Choccy's,303.93,383,112.43,191.5
4159,ORD-2023-14159,2023-04-09,2023-04-13,Standard Class,CUST-315,United States,City_33,State_5,56607,Candy,East,PROD-003,Sour Worms,Lot's O' Nuts,689.14,233,386.24,302.9
4160,ORD-2023-14160,2023-06-06,2023-06-14,Standard Class,CUST-892,United States,City_24,State_4,62711,Candy,Central,PROD-003,Sour Worms,The Other Factory,369.92,120,213.92,156.0
4161,ORD-2023-14161,2023-09-05,2023-09-09,First Class,CUST-806,United States,City_28,State_14,83484,Nuts,South,PROD-001,Chocolate Almonds,Wicked Choccy's,1210.37,235,622.87,587.5
4162,ORD-2023-14162,2023-12-08,2023-12-17,Second Class,CUST-301,United States,City_26,State_16,78582,Candy,East,PROD-005,Jelly Beans,The Other Factory,961.59,389,378.09,583.5
4163,ORD-2023-14163,2023-05-14,2023-05-18,Second Class,CUST-168,United States,City_16,State_11,41995,Candy,Central,PROD-002,Gummy Bears,Secret Factory,1295.94,437,771.54,524.4
4164,ORD-2023-14164,2023-11-09,2023-11-11,Second Class,CUST-627,United States,City_15,State_20,38863,Candy,Central,PROD-008,Lollipops,Secret Factory,611.68,434,394.68,217.0
4165,ORD-2023-14165,2023-11-03,2023-11-07,Second Class,CUST-814,United States,City_26,State_2,78408,Nuts,Central,PROD-001,Chocolate Almonds,Wicked Choccy's,838.96,197,346.46,492.5
4166,ORD-2023-14166,2023-11-04,2023-11-09,Second Class,CUST-579,United States,City_16,State_10,13957,Chocolate,West,PROD-009,Caramel Squares,Sugar Shack,2762.91,422,1581.31,1181.6
4167,ORD-2023-14167,2023-06-05,2023-06-07,Same Day,CUST-378,United States,City_47,State_16,36437,Candy,Central,PROD-002,Gummy Bears,Lot's O' Nuts,865.3,243,573.7,291.6
4168,ORD-2023-14168,2023-10-29,2023-11-03,First Class,CUST-689,United States,City_27,State_15,79993,Candy,East,PROD-008,Lollipops,Secret Factory,602.35,497,353.85,248.5
4169,ORD-2023-14169,2023-07-19,2023-07-23,First Class,CUST-590,United States,City_29,State_8,89901,Candy,Central,PROD-002,Gummy Bears,The Other Factory,1082.48,450,542.48,540.0
4170,ORD-2023-14170,2023-12-18,2023-12-20,Second Class,CUST-581,United States,City_14,State_13,80966,Nuts,East,PROD-007,Cashew Clusters,Lot's O' Nuts,845.58,138,293.58,552.0
4171,ORD-2023-14171,2023-05-31,2023-06-03,Standard Class,CUST-790,United States,City_32,State_11,66271,Nuts,East,PROD-010,Pistachios,Lot's O' Nuts,3175.4,424,1267.4,1908.0
4172,ORD-2023-14172,2023-08-31,2023-09-06,Standard Class,CUST-265,United States,City_7,State_17,96538,Nuts,West,PROD-010,Pistachios,Sugar Shack,5181.35,448,3165.35,2016.0
4173,ORD-2023-14173,2023-12-13,2023-12-17,Standard Class,CUST-690,United States,City_38,State_4,60751,Chocolate,South,PROD-009,Caramel Squares,Secret Factory,2261.29,378,1202.89,1058.4
4174,ORD-2023-14174,2023-04-29,2023-05-02,Second Class,CUST-881,United States,City_5,State_4,14200,Chocolate,South,PROD-006,Dark Chocolate Truffles,The Other Factory,2057.96,220,957.96,1100.0
4175,ORD-2023-14175,2023-10-12,2023-10-14,Same Day,CUST-560,United States,City_8,State_5,60467,Candy,Central,PROD-005,Jelly Beans,The Other Factory,1847.13,479,1128.63,718.5
4176,ORD-2023-14176,2023-10-11,2023-10-19,Standard Class,CUST-700,United States,City_8,State_6,74296,Chocolate,West,PROD-006,Dark Chocolate Truffles,Secret Factory,1146.03,83,731.03,415.0
4177,ORD-2023-14177,2023-05-13,2023-05-18,Second Class,CUST-696,United States,City_5,State_20,62996,Chocolate,Central,PROD-009,Caramel Squares,The Other Factory,2504.72,305,1650.72,854.0
4178,ORD-2023-14178,2023-12-23,2023-12-31,Standard Class,CUST-673,United States,City_50,State_11,58222,Nuts,Central,PROD-001,Chocolate Almonds,The Other Factory,1182.56,188,712.56,470.0
4179,ORD-2023-14179,2023-12-28,2024-01-06,Standard Class,CUST-566,United States,City_27,State_7,26250,Chocolate,West,PROD-004,Peanut Butter Cups,Secret Factory,2392.6,416,1144.6,1248.0
4180,ORD-2023-14180,2023-09-10,2023-09-10,Same Day,CUST-226,United States,City_28,State_20,43482,Chocolate,Central,PROD-009,Caramel Squares,Sugar Shack,131.69,21,72.89,58.8
4181,ORD-2023-14181,2023-06-06,2023-06-13,First Class,CUST-864,United States,City_47,State_9,14746,Candy,East,PROD-005,Jelly Beans,The Other Factory,24.87,11,8.37,16.5
4182,ORD-2023-14182,2023-03-18,2023-03-23,Standard Class,CUST-225,United States,City_4,State_14,50940,Candy,South,PROD-008,Lollipops,Sugar Shack,175.65,132,109.65,66.0
4183,ORD-2023-14183,2023-10-27,2023-10-29,Second Class,CUST-265,United States,City_12,State_18,75968,Nuts,South,PROD-001,Chocolate Almonds,Secret Factory,1257.35,220,707.35,550.0
4184,ORD-2023-14184,2023-04-16,2023-04-16,Same Day,CUST-702,United States,City_46,State_16,85461,Chocolate,West,PROD-006,Dark Chocolate Truffles,Sugar Shack,3707.08,390,1757.08,1950.0
4185,ORD-2023-14185,2023-11-25,2023-12-01,Standard Class,CUST-806,United States,City_13,State_14,63459,Nuts,Central,PROD-010,Pistachios,Wicked Choccy's,5172.85,480,3012.85,2160.0
4186,ORD-2023-14186,2023-09-18,2023-09-20,First Class,CUST-956,United States,City_36,State_8,97402,Chocolate,South,PROD-006,Dark Chocolate Truffles,Sugar Shack,6485.01,471,4130.01,2355.0
4187,ORD-2023-14187,2023-04-07,2023-04-10,First Class,CUST-246,United States,City_23,State_19,17227,Candy,East,PROD-008,Lollipops,Lot's O' Nuts,405.68,310,250.68,155.0
4188,ORD-2023-14188,2023-10-13,2023-10-17,Standard Class,CUST-510,United States,City_1,State_4,72320,Nuts,South,PROD-007,Cashew Clusters,Secret Factory,1254.79,175,554.79,700.0
4189,ORD-2023-14189,2023-02-01,2023-02-03,First Class,CUST-486,United States,City_4,State_2,48471,Candy,East,PROD-005,Jelly Beans,Wicked Choccy's,1258.24,483,533.74,724.5
4190,ORD-2023-14190,2023-12-16,2023-12-17,Same Day,CUST-576,United States,City_23,State_5,72953,Candy,East,PROD-002,Gummy Bears,Wicked Choccy's,708.03,213,452.43,255.6
4191,ORD-2023-14191,2023-08-18,2023-08-25,Second Class,CUST-852,United States,City_45,State_15,23446,Nuts,East,PROD-001,Chocolate Almonds,Secret Factory,2271.89,304,1511.89,760.0
4192,ORD-2023-14192,2023-01-05,2023-01-09,First Class,CUST-879,United States,City_19,State_6,70099,Candy,West,PROD-008,Lollipops,Secret Factory,309.1,220,199.1,110.0
4193,ORD-2023-14193,2023-04-18,2023-04-26,First Class,CUST-203,United States,City_32,State_14,70536,Candy,East,PROD-003,Sour Worms,The Other Factory,820.93,272,467.33,353.6
4194,ORD-2023-14194,2023-01-18,2023-01-18,Same Day,CUST-419,United States,City_16,State_3,61939,Nuts,West,PROD-007,Cashew Clusters,Wicked Choccy's,865.64,83,533.64,332.0
4195,ORD-2023-14195,2023-09-19,2023-09-23,First Class,CUST-379,United States,City_31,State_5,53969,Chocolate,East,PROD-004,Peanut Butter Cups,The Other Factory,1508.68,168,1004.68,504.0
4196,ORD-2023-14196,2023-08-28,2023-08-30,Same Day,CUST-769,United States,City_3,State_7,67126,Nuts,Central,PROD-007,Cashew Clusters,Lot's O' Nuts,4228.59,466,2364.59,1864.0
4197,ORD-2023-14197,2023-06-13,2023-06-23,Standard Class,CUST-459,United States,City_3,State_6,61494,Nuts,South,PROD-010,Pistachios,Lot's O' Nuts,4520.72,373,2842.22,1678.5
4198,ORD-2023-14198,2023-12-26,2023-12-30,Standard Class,CUST-582,United States,City_15,State_3,27703,Candy,Central,PROD-002,Gummy Bears,Wicked Choccy's,1107.92,329,713.12,394.8
4199,ORD-2023-14199,2023-08-13,2023-08-14,Same Day,CUST-430,United States,City_19,State_1,52509,Candy,South,PROD-003,Sour Worms,Lot's O' Nuts,636.05,232,334.45,301.6
4200,ORD-2023-14200,2023-11-18,2023-11-23,Second Class,CUST-983,United States,City_27,State_19,46377,Chocolate,Central,PROD-004,Peanut Butter Cups,Wicked Choccy's,1719.33,343,690.33,1029.0
4201,ORD-2023-14201,2023-09-14,2023-09-18,Second Class,CUST-175,United States,City_30,State_18,97232,Chocolate,West,PROD-004,Peanut Butter Cups,Sugar Shack,2523.71,391,1350.71,1173.0
4202,ORD-2023-14202,2023-09-23,2023-09-27,Second Class,CUST-563,United States,City_15,State_6,25170,Nuts,East,PROD-001,Chocolate Almonds,Sugar Shack,190.47,26,125.47,65.0
4203,ORD-2023-14203,2023-06-01,2023-06-01,Same Day,CUST-481,United States,City_9,State_14,24445,Chocolate,South,PROD-004,Peanut Butter Cups,Secret Factory,1151.06,192,575.06,576.0
4204,ORD-2023-14204,2023-01-06,2023-01-06,Same Day,CUST-474,United States,City_32,State_1,57732,Chocolate,East,PROD-006,Dark Chocolate Truffles,Lot's O' Nuts,3901.82,386,1971.82,1930.0
4205,ORD-2023-14205,2023-10-15,2023-10-23,Standard Class,CUST-916,United States,City_18,State_10,22138,Candy,Central,PROD-003,Sour Worms,The Other Factory,639.14,214,360.94,278.2
4206,ORD-2023-14206,2023-12-02,2023-12-02,Same Day,CUST-425,United States,City_36,State_13,88210,Candy,Central,PROD-003,Sour Worms,Wicked Choccy's,369.35,98,241.95,127.4
4207,ORD-2023-14207,2023-08-09,2023-08-13,First Class,CUST-763,United States,City_12,State_11,97229,Candy,West,PROD-003,Sour Worms,Secret Factory,44.4,22,15.8,28.6
4208,ORD-2023-14208,2023-09-05,2023-09-10,Standard Class,CUST-701,United States,City_49,State_15,57609,Chocolate,Central,PROD-006,Dark Chocolate Truffles,Lot's O' Nuts,5535.09,419,3440.09,2095.0
4209,ORD-2023-14209,2023-09-24,2023-09-27,Same Day,CUST-323,United States,City_5,State_6,69551,Candy,West,PROD-002,Gummy Bears,The Other Factory,394.45,138,228.85,165.6
4210,ORD-2023-14210,2023-09-29,2023-09-29,First Class,CUST-167,United States,City_40,State_16,65457,Chocolate,Central,PROD-004,Peanut Butter Cups,Sugar Shack,1560.44,340,540.44,1020.0
4211,ORD-2023-14211,2023-08-02,2023-08-04,First Class,CUST-383,United States,City_44,State_13,20085,Candy,West,PROD-003,Sour Worms,Lot's O' Nuts,849.56,400,329.56,520.0
4212,ORD-2023-14212,2023-05-08,2023-05-11,First Class,CUST-230,United States,City_44,State_9,68936,Chocolate,South,PROD-006,Dark Chocolate Truffles,Wicked Choccy's,1182.6,87,747.6,435.0
4213,ORD-2023-14213,2023-02-24,2023-03-07,Standard Class,CUST-210,United States,City_11,State_19,68029,Nuts,East,PROD-001,Chocolate Almonds,The Other Factory,848.05,148,478.05,370.0
4214,ORD-2023-14214,2023-10-12,2023-10-18,Standard Class,CUST-774,United States,City_17,State_8,68646,Candy,Central,PROD-002,Gummy Bears,The Other Factory,1072.57,317,692.17,380.4
4215,ORD-2023-14215,2023-07-25,2023-08-03,Second Class,CUST-872,United States,City_39,State_8,11086,Candy,East,PROD-005,Jelly Beans,The Other Factory,681.8,273,272.3,409.5
4216,ORD-2023-14216,2023-09-21,2023-09-28,First Class,CUST-722,United States,City_1,State_11,95771,Nuts,East,PROD-001,Chocolate Almonds,The Other Factory,1944.17,287,1226.67,717.5
4217,ORD-2023-14217,2023-01-09,2023-01-11,First Class,CUST-829,United States,City_2,State_11,14368,Chocolate,East,PROD-009,Caramel Squares,Lot's O' Nuts,551.86,108,249.46,302.4
4218,ORD-2023-14218,2023-07-12,2023-07-12,First Class,CUST-449,United States,City_42,State_17,96152,Chocolate,East,PROD-009,Caramel Squares,Lot's O' Nuts,3555.51,495,2169.51,1386.0
4219,ORD-2023-14219,2023-02-24,2023-03-05,Second Class,CUST-170,United States,City_7,State_14,64374,Nuts,East,PROD-007,Cashew Clusters,The Other Factory,3025.52,408,1393.52,1632.0
4220,ORD-2023-14220,2023-03-12,2023-03-16,Standard Class,CUST-397,United States,City_28,State_15,65315,Nuts,South,PROD-010,Pistachios,Sugar Shack,2431.04,335,923.54,1507.5
4221,ORD-2023-14221,2023-12-28,2023-12-30,Second Class,CUST-455,United States,City_37,State_17,34922,Candy,East,PROD-005,Jelly Beans,Wicked Choccy's,1396.51,360,856.51,540.0
4222,ORD-2023-14222,2023-05-17,2023-05-19,Same Day,CUST-673,United States,City_17,State_19,52078,Nuts,East,PROD-007,Cashew Clusters,Wicked Choccy's,2970.2,328,1658.2,1312.0
4223,ORD-2023-14223,2023-01-03,2023-01-04,Same Day,CUST-100,United States,City_16,State_8,20359,Nuts,West,PROD-010,Pistachios,Lot's O' Nuts,4806.03,451,2776.53,2029.5
4224,ORD-2023-14224,2023-12-18,2023-12-20,Same Day,CUST-992,United States,City_8,State_14,61215,Candy,Central,PROD-005,Jelly Beans,Secret Factory,642.66,191,356.16,286.5
4225,ORD-2023-14225,2023-01-12,2023-01-18,Second Class,CUST-738,United States,City_23,State_2,49741,Chocolate,East,PROD-006,Dark Chocolate Truffles,Secret Factory,2316.57,156,1536.57,780.0
4226,ORD-2023-14226,2023-11-29,2023-12-02,First Class,CUST-460,United States,City_3,State_17,60543,Chocolate,South,PROD-004,Peanut Butter Cups,The Other Factory,383.73,61,200.73,183.0
4227,ORD-2023-14227,2023-03-08,2023-03-15,Second Class,CUST-331,United States,City_2,State_16,29365,Candy,Central,PROD-003,Sour Worms,The Other Factory,885.71,403,361.81,523.9
4228,ORD-2023-14228,2023-05-11,2023-05-12,Same Day,CUST-523,United States,City_7,State_7,97752,Candy,South,PROD-005,Jelly Beans,The Other Factory,250.15,58,163.15,87.0
4229,ORD-2023-14229,2023-05-09,2023-05-09,Same Day,CUST-221,United States,City_33,State_1,52324,Nuts,Central,PROD-010,Pistachios,Sugar Shack,1813.53,174,1030.53,783.0
4230,ORD-2023-14230,2023-01-19,2023-01-20,First Class,CUST-377,United States,City_41,State_9,28449,Chocolate,West,PROD-009,Caramel Squares,Wicked Choccy's,1408.23,275,638.23,770.0
4231,ORD-2023-14231,2023-10-29,2023-11-04,Standard Class,CUST-726,United States,City_25,State_12,59924,Candy,Central,PROD-008,Lollipops,The Other Factory,74.62,98,25.62,49.0
4232,ORD-2023-14232,2023-12-07,2023-12-09,First Class,CUST-929,United States,City_10,State_15,67093,Nuts,West,PROD-010,Pistachios,Wicked Choccy's,5155.63,478,3004.63,2151.0
4233,ORD-2023-14233,2023-10-03,2023-10-03,Same Day,CUST-278,United States,City_31,State_11,40237,Candy,West,PROD-003,Sour Worms,Wicked Choccy's,274.52,130,105.52,169.0
4234,ORD-2023-14234,2023-06-23,2023-06-26,First Class,CUST-955,United States,City_36,State_2,31102,Candy,West,PROD-005,Jelly Beans,Lot's O' Nuts,1500.05,335,997.55,502.5
4235,ORD-2023-14235,2023-08-21,2023-08-30,Standard Class,CUST-127,United States,City_27,State_5,83928,Candy,East,PROD-003,Sour Worms,The Other Factory,556.33,264,213.13,343.2
4236,ORD-2023-14236,2023-07-17,2023-07-21,Second Class,CUST-393,United States,City_18,State_15,39256,Candy,East,PROD-005,Jelly Beans,Sugar Shack,1376.83,348,854.83,522.0
4237,ORD-2023-14237,2023-11-25,2023-12-02,Standard Class,CUST-736,United States,City_5,State_1,38437,Chocolate,Central,PROD-006,Dark Chocolate Truffles,Wicked Choccy's,1959.48,154,1189.48,770.0
4238,ORD-2023-14238,2023-12-06,2023-12-07,Same Day,CUST-579,United States,City_37,State_2,65646,Candy,East,PROD-003,Sour Worms,Wicked Choccy's,1093.54,393,582.64,510.9
4239,ORD-2023-14239,2023-09-04,2023-09-06,Same Day,CUST-869,United States,City_4,State_4,20416,Nuts,Central,PROD-007,Cashew Clusters,Secret Factory,3334.89,340,1974.89,1360.0
4240,ORD-2023-14240,2023-09-18,2023-09-23,Second Class,CUST-579,United States,City_36,State_6,61679,Nuts,East,PROD-001,Chocolate Almonds,Sugar Shack,645.27,138,300.27,345.0
4241,ORD-2023-14241,2023-12-31,2024-01-02,Same Day,CUST-871,United States,City_23,State_8,34692,Nuts,South,PROD-001,Chocolate Almonds,Lot's O' Nuts,1694.32,253,1061.82,632.5
4242,ORD-2023-14242,2023-04-19,2023-04-20,First Class,CUST-730,United States,City_9,State_5,44560,Candy,West,PROD-005,Jelly Beans,Wicked Choccy's,860.64,312,392.64,468.0
4243,ORD-2023-14243,2023-08-19,2023-08-19,Same Day,CUST-567,United States,City_17,State_12,68445,Candy,South,PROD-003,Sour Worms,Sugar Shack,930.75,404,405.55,525.2
4244,ORD-2023-14244,2023-12-04,2023-12-11,Standard Class,CUST-998,United States,City_23,State_6,22220,Chocolate,West,PROD-006,Dark Chocolate Truffles,Lot's O' Nuts,4803.08,421,2698.08,2105.0
4245,ORD-2023-14245,2023-01-18,2023-01-18,Same Day,CUST-294,United States,City_34,State_8,86341,Candy,Central,PROD-002,Gummy Bears,Sugar Shack,388.05,126,236.85,151.2
4246,ORD-2023-14246,2023-04-01,2023-04-01,First Class,CUST-876,United States,City_48,State_10,70571,Nuts,South,PROD-007,Cashew Clusters,The Other Factory,4548.62,425,2848.62,1700.0
4247,ORD-2023-14247,2023-12-06,2023-12-11,First Class,CUST-418,United States,City_29,State_16,17337,Chocolate,West,PROD-006,Dark Chocolate Truffles,The Other Factory,3587.67,267,2252.67,1335.0
4248,ORD-2023-14248,2023-09-27,2023-10-06,Second Class,CUST-760,United States,City_41,State_2,29688,Nuts,West,PROD-007,Cashew Clusters,The Other Factory,1370.45,184,634.45,736.0
4249,ORD-2023-14249,2023-08-03,2023-08-09,Standard Class,CUST-760,United States,City_31,State_19,47986,Chocolate,South,PROD-006,Dark Chocolate Truffles,Sugar Shack,4670.79,374,2800.79,1870.0
4250,ORD-2023-14250,2023-09-24,2023-09-28,Standard Class,CUST-906,United States,City_28,State_7,64298,Nuts,South,PROD-007,Cashew Clusters,Secret Factory,3757.4,399,2161.4,1596.0
4251,ORD-2023-14251,2023-11-23,2023-11-26,First Class,CUST-699,United States,City_9,State_3,25042,Candy,Central,PROD-002,Gummy Bears,Wicked Choccy's,630.24,177,417.84,212.4
4252,ORD-2023-14252,2023-04-28,2023-05-02,Second Class,CUST-745,United States,City_4,State_3,91103,Chocolate,South,PROD-009,Caramel Squares,Sugar Shack,3407.8,497,2016.2,1391.6
4253,ORD-2023-14253,2023-09-07,2023-09-10,Same Day,CUST-510,United States,City_44,State_7,76215,Candy,West,PROD-005,Jelly Beans,Secret Factory,966.6,302,513.6,453.0
4254,ORD-2023-14254,2023-10-16,2023-10-17,First Class,CUST-605,United States,City_44,State_15,84736,Nuts,Central,PROD-010,Pistachios,Secret Factory,5398.55,493,3180.05,2218.5
4255,ORD-2023-14255,2023-01-11,2023-01-17,Second Class,CUST-760,United States,City_8,State_1,13952,Candy,West,PROD-002,Gummy Bears,Secret Factory,89.29,32,50.89,38.4
4256,ORD-2023-14256,2023-12-08,2023-12-10,Same Day,CUST-504,United States,City_12,State_11,21246,Candy,West,PROD-002,Gummy Bears,Sugar Shack,640.69,223,373.09,267.6
4257,ORD-2023-14257,2023-02-25,2023-02-26,First Class,CUST-885,United States,City_49,State_2,84063,Chocolate,Central,PROD-006,Dark Chocolate Truffles,Secret Factory,1946.39,139,1251.39,695.0
4258,ORD-2023-14258,2023-12-06,2023-12-16,Standard Class,CUST-830,United States,City_17,State_12,77481,Nuts,East,PROD-007,Cashew Clusters,Secret Factory,1638.88,271,554.88,1084.0
4259,ORD-2023-14259,2023-12-04,2023-12-08,Second Class,CUST-789,United States,City_42,State_10,87216,Candy,Central,PROD-008,Lollipops,Wicked Choccy's,110.17,99,60.67,49.5
4260,ORD-2023-14260,2023-11-14,2023-11-17,Second Class,CUST-303,United States,City_3,State_12,25068,Nuts,Central,PROD-007,Cashew Clusters,Secret Factory,1765.26,162,1117.26,648.0
4261,ORD-2023-14261,2023-06-19,2023-06-27,Second Class,CUST-322,United States,City_17,State_7,40803,Candy,South,PROD-008,Lollipops,Lot's O' Nuts,37.17,42,16.17,21.0
4262,ORD-2023-14262,2023-07-11,2023-07-13,Same Day,CUST-595,United States,City_32,State_15,37875,Chocolate,South,PROD-006,Dark Chocolate Truffles,Wicked Choccy's,3853.96,355,2078.96,1775.0
4263,ORD-2023-14263,2023-09-30,2023-10-04,First Class,CUST-149,United States,City_14,State_3,11189,Candy,South,PROD-005,Jelly Beans,Wicked Choccy's,1490.63,447,820.13,670.5
4264,ORD-2023-14264,2023-05-12,2023-05-18,Standard Class,CUST-588,United States,City_5,State_6,76847,Candy,South,PROD-005,Jelly Beans,The Other Factory,33.08,10,18.08,15.0
4265,ORD-2023-14265,2023-09-04,2023-09-13,Standard Class,CUST-503,United States,City_26,State_14,89199,Nuts,East,PROD-001,Chocolate Almonds,Secret Factory,2090.67,441,988.17,1102.5
4266,ORD-2023-14266,2023-02-16,2023-02-20,Second Class,CUST-274,United States,City_19,State_8,58267,Candy,South,PROD-008,Lollipops,Sugar Shack,205.75,245,83.25,122.5
4267,ORD-2023-14267,2023-04-22,2023-04-30,Standard Class,CUST-301,United States,City_25,State_19,58721,Nuts,West,PROD-007,Cashew Clusters,Secret Factory,711.88,88,359.88,352.0
4268,ORD-2023-14268,2023-07-14,2023-07-14,Same Day,CUST-846,United States,City_1,State_16,83431,Candy,Central,PROD-003,Sour Worms,Sugar Shack,611.89,260,273.89,338.0
4269,ORD-2023-14269,2023-09-25,2023-10-01,Second Class,CUST-709,United States,City_20,State_15,60594,Candy,South,PROD-002,Gummy Bears,Lot's O' Nuts,797.56,362,363.16,434.4
4270,ORD-2023-14270,2023-12-15,2023-12-23,Second Class,CUST-724,United States,City_45,State_20,36818,Candy,East,PROD-005,Jelly Beans,Secret Factory,497.02,203,192.52,304.5
4271,ORD-2023-14271,2023-04-01,2023-04-02,Same Day,CUST-551,United States,City_22,State_13,49074,Nuts,East,PROD-007,Cashew Clusters,Wicked Choccy's,5297.59,450,3497.59,1800.0
4272,ORD-2023-14272,2023-02-02,2023-02-03,First Class,CUST-444,United States,City_26,State_13,38535,Candy,East,PROD-005,Jelly Beans,Wicked Choccy's,1199.05,332,701.05,498.0
4273,ORD-2023-14273,2023-07-19,2023-07-25,Second Class,CUST-220,United States,City_4,State_12,98974,Nuts,South,PROD-001,Chocolate Almonds,Lot's O' Nuts,538.97,84,328.97,210.0
4274,ORD-2023-14274,2023-08-17,2023-08-22,Standard Class,CUST-858,United States,City_46,State_2,49381,Candy,Central,PROD-002,Gummy Bears,Secret Factory,713.32,271,388.12,325.2
4275,ORD-2023-14275,2023-12-01,2023-12-01,Second Class,CUST-871,United States,City_13,State_16,92810,Chocolate,East,PROD-009,Caramel Squares,Lot's O' Nuts,1453.07,196,904.27,548.8
4276,ORD-2023-14276,2023-03-23,2023-03-25,First Class,CUST-267,United States,City_49,State_20,51537,Chocolate,South,PROD-004,Peanut Butter Cups,The Other Factory,2222.69,257,1451.69,771.0
4277,ORD-2023-14277,2023-08-24,2023-08-24,Same Day,CUST-442,United States,City_24,State_10,77741,Nuts,South,PROD-010,Pistachios,The Other Factory,2863.64,250,1738.64,1125.0
4278,ORD-2023-14278,2023-02-15,2023-02-20,Same Day,CUST-719,United States,City_25,State_20,88816,Nuts,East,PROD-010,Pistachios,The Other Factory,1177.33,103,713.83,463.5
4279,ORD-2023-14279,2023-09-02,2023-09-04,Second Class,CUST-230,United States,City_37,State_8,38428,Candy,Central,PROD-002,Gummy Bears,Sugar Shack,26.45,14,9.65,16.8
4280,ORD-2023-14280,2023-09-18,2023-09-18,Same Day,CUST-934,United States,City_17,State_14,12583,Candy,West,PROD-002,Gummy Bears,Wicked Choccy's,649.62,302,287.22,362.4
4281,ORD-2023-14281,2023-10-07,2023-10-10,Same Day,CUST-177,United States,City_24,State_16,73180,Candy,West,PROD-003,Sour Worms,Lot's O' Nuts,1323.66,442,749.06,574.6
4282,ORD-2023-14282,2023-03-30,2023-03-30,First Class,CUST-483,United States,City_5,State_19,56293,Candy,East,PROD-002,Gummy Bears,Wicked Choccy's,1076.67,368,635.07,441.6
4283,ORD-2023-14283,2023-12-08,2023-12-13,Same Day,CUST-671,United States,City_39,State_6,30334,Nuts,South,PROD-007,Cashew Clusters,Lot's O' Nuts,3880.89,474,1984.89,1896.0
4284,ORD-2023-14284,2023-12-20,2023-12-23,Second Class,CUST-602,United States,City_43,State_1,67301,Chocolate,Central,PROD-004,Peanut Butter Cups,Sugar Shack,1720.77,289,853.77,867.0
4285,ORD-2023-14285,2023-10-08,2023-10-11,Second Class,CUST-281,United States,City_39,State_8,40872,Chocolate,West,PROD-004,Peanut Butter Cups,Lot's O' Nuts,3432.9,408,2208.9,1224.0
4286,ORD-2023-14286,2023-02-23,2023-02-26,Same Day,CUST-298,United States,City_23,State_20,95055,Chocolate,South,PROD-006,Dark Chocolate Truffles,Wicked Choccy's,2602.25,201,1597.25,1005.0
4287,ORD-2023-14287,2023-07-30,2023-08-03,Second Class,CUST-970,United States,City_48,State_16,44875,Nuts,South,PROD-007,Cashew Clusters,Sugar Shack,2785.85,279,1669.85,1116.0
4288,ORD-2023-14288,2023-01-18,2023-01-19,First Class,CUST-632,United States,City_16,State_4,11285,Nuts,Central,PROD-007,Cashew Clusters,Sugar Shack,2445.82,242,1477.82,968.0
4289,ORD-2023-14289,2023-09-27,2023-10-06,Standard Class,CUST-652,United States,City_31,State_11,62837,Candy,Central,PROD-002,Gummy Bears,The Other Factory,545.75,289,198.95,346.8
4290,ORD-2023-14290,2023-10-05,2023-10-09,First Class,CUST-427,United States,City_34,State_1,24270,Candy,East,PROD-005,Jelly Beans,Sugar Shack,245.1,66,146.1,99.0
4291,ORD-2023-14291,2023-11-01,2023-11-03,Same Day,CUST-366,United States,City_17,State_16,67048,Nuts,South,PROD-001,Chocolate Almonds,The Other Factory,1765.39,261,1112.89,652.5
4292,ORD-2023-14292,2023-09-30,2023-10-04,Same Day,CUST-661,United States,City_28,State_13,35409,Candy,West,PROD-002,Gummy Bears,The Other Factory,1355.54,425,845.54,510.0
4293,ORD-2023-14293,2023-05-05,2023-05-06,First Class,CUST-407,United States,City_29,State_15,46241,Nuts,South,PROD-007,Cashew Clusters,Sugar Shack,3577.3,489,1621.3,1956.0
4294,ORD-2023-14294,2023-09-03,2023-09-08,Second Class,CUST-251,United States,City_10,State_14,32317,Nuts,West,PROD-010,Pistachios,Secret Factory,3899.61,305,2527.11,1372.5
4295,ORD-2023-14295,2023-01-01,2023-01-03,First Class,CUST-397,United States,City_14,State_18,93731,Chocolate,East,PROD-009,Caramel Squares,Lot's O' Nuts,522.04,102,236.44,285.6
4296,ORD-2023-14296,2023-01-26,2023-01-26,First Class,CUST-218,United States,City_39,State_10,11136,Candy,Central,PROD-008,Lollipops,Wicked Choccy's,257.73,175,170.23,87.5
4297,ORD-2023-14297,2023-03-08,2023-03-09,Same Day,CUST-739,United States,City_31,State_19,65976,Chocolate,Central,PROD-006,Dark Chocolate Truffles,Lot's O' Nuts,4186.37,394,2216.37,1970.0
4298,ORD-2023-14298,2023-07-01,2023-07-08,First Class,CUST-561,United States,City_16,State_14,59499,Candy,East,PROD-003,Sour Worms,The Other Factory,1535.43,496,890.63,644.8
4299,ORD-2023-14299,2023-11-07,2023-11-14,Standard Class,CUST-869,United States,City_20,State_16,40388,Nuts,Central,PROD-001,Chocolate Almonds,The Other Factory,1209.28,295,471.78,737.5
4300,ORD-2023-14300,2023-11-11,2023-11-14,Second Class,CUST-639,United States,City_23,State_17,69034,Nuts,Central,PROD-007,Cashew Clusters,Secret Factory,2320.22,235,1380.22,940.0
4301,ORD-2023-14301,2023-08-20,2023-08-23,First Class,CUST-918,United States,City_41,State_20,80152,Candy,Central,PROD-005,Jelly Beans,The Other Factory,193.25,69,89.75,103.5
4302,ORD-2023-14302,2023-02-03,2023-02-03,Same Day,CUST-964,United States,City_37,State_11,33735,Candy,Central,PROD-005,Jelly Beans,Sugar Shack,1549.95,480,829.95,720.0
4303,ORD-2023-14303,2023-09-02,2023-09-02,Same Day,CUST-549,United States,City_41,State_6,20401,Chocolate,Central,PROD-006,Dark Chocolate Truffles,Secret Factory,2462.7,257,1177.7,1285.0
4304,ORD-2023-14304,2023-08-16,2023-08-18,Same Day,CUST-934,United States,City_5,State_20,20667,Candy,Central,PROD-003,Sour Worms,Wicked Choccy's,536.86,199,278.16,258.7
4305,ORD-2023-14305,2023-07-11,2023-07-12,First Class,CUST-784,United States,City_35,State_8,26624,Chocolate,South,PROD-009,Caramel Squares,The Other Factory,1752.53,262,1018.93,733.6
4306,ORD-2023-14306,2023-01-31,2023-02-09,Standard Class,CUST-427,United States,City_19,State_12,24851,Candy,East,PROD-003,Sour Worms,The Other Factory,542.31,175,314.81,227.5
4307,ORD-2023-14307,2023-10-09,2023-10-12,First Class,CUST-430,United States,City_47,State_19,18802,Candy,South,PROD-008,Lollipops,Wicked Choccy's,188.8,196,90.8,98.0
4308,ORD-2023-14308,2023-04-05,2023-04-08,First Class,CUST-980,United States,City_43,State_16,23519,Nuts,Central,PROD-010,Pistachios,Wicked Choccy's,1502.43,158,791.43,711.0
4309,ORD-2023-14309,2023-01-29,2023-01-31,Second Class,CUST-516,United States,City_22,State_8,36499,Candy,West,PROD-003,Sour Worms,Wicked Choccy's,1566.78,406,1038.98,527.8
4310,ORD-2023-14310,2023-06-10,2023-06-11,Same Day,CUST-699,United States,City_43,State_18,12639,Chocolate,Central,PROD-006,Dark Chocolate Truffles,Wicked Choccy's,6964.76,487,4529.76,2435.0
4311,ORD-2023-14311,2023-12-27,2024-01-02,Second Class,CUST-100,United States,City_34,State_16,83418,Nuts,West,PROD-010,Pistachios,Secret Factory,764.12,71,444.62,319.5
4312,ORD-2023-14312,2023-12-26,2023-12-28,Second Class,CUST-294,United States,City_30,State_14,42446,Candy,South,PROD-008,Lollipops,Sugar Shack,456.11,412,250.11,206.0
4313,ORD-2023-14313,2023-04-23,2023-04-24,Same Day,CUST-627,United States,City_47,State_8,67323,Nuts,South,PROD-001,Chocolate Almonds,The Other Factory,1889.46,307,1121.96,767.5
4314,ORD-2023-14314,2023-12-03,2023-12-07,Same Day,CUST-615,United States,City_21,State_11,11459,Nuts,East,PROD-007,Cashew Clusters,Secret Factory,3604.36,301,2400.36,1204.0
4315,ORD-2023-14315,2023-12-05,2023-12-05,First Class,CUST-243,United States,City_39,State_13,30588,Nuts,Central,PROD-001,Chocolate Almonds,Sugar Shack,178.66,33,96.16,82.5
4316,ORD-2023-14316,2023-08-15,2023-08-21,Standard Class,CUST-286,United States,City_45,State_5,63052,Nuts,East,PROD-010,Pistachios,Lot's O' Nuts,2684.59,323,1231.09,1453.5
4317,ORD-2023-14317,2023-06-26,2023-06-30,Second Class,CUST-116,United States,City_22,State_20,49883,Chocolate,South,PROD-006,Dark Chocolate Truffles,Wicked Choccy's,1642.19,158,852.19,790.0
4318,ORD-2023-14318,2023-03-03,2023-03-05,Same Day,CUST-427,United States,City_14,State_19,82239,Candy,South,PROD-002,Gummy Bears,Sugar Shack,115.54,44,62.74,52.8
4319,ORD-2023-14319,2023-10-11,2023-10-13,First Class,CUST-704,United States,City_36,State_15,97896,Candy,Central,PROD-008,Lollipops,Wicked Choccy's,72.1,56,44.1,28.0
4320,ORD-2023-14320,2023-09-11,2023-09-18,Standard Class,CUST-883,United States,City_13,State_18,10290,Nuts,Central,PROD-001,Chocolate Almonds,The Other Factory,1142.65,178,697.65,445.0
4321,ORD-2023-14321,2023-11-13,2023-11-16,First Class,CUST-547,United States,City_34,State_7,91161,Chocolate,South,PROD-006,Dark Chocolate Truffles,Wicked Choccy's,3656.12,330,2006.12,1650.0
4322,ORD-2023-14322,2023-06-28,2023-07-07,Standard Class,CUST-972,United States,City_3,State_14,89430,Chocolate,South,PROD-006,Dark Chocolate Truffles,Lot's O' Nuts,701.03,52,441.03,260.0
4323,ORD-2023-14323,2023-03-07,2023-03-16,Standard Class,CUST-497,United States,City_36,State_8,82455,Nuts,West,PROD-007,Cashew Clusters,Secret Factory,1879.27,283,747.27,1132.0
4324,ORD-2023-14324,2023-09-24,2023-09-24,Same Day,CUST-560,United States,City_37,State_18,30393,Candy,West,PROD-008,Lollipops,Lot's O' Nuts,489.1,489,244.6,244.5
4325,ORD-2023-14325,2023-02-13,2023-02-14,First Class,CUST-590,United States,City_16,State_1,65850,Candy,West,PROD-002,Gummy Bears,Sugar Shack,328.8,124,180.0,148.8
4326,ORD-2023-14326,2023-09-29,2023-10-07,First Class,CUST-672,United States,City_17,State_17,36763,Chocolate,East,PROD-004,Peanut Butter Cups,The Other Factory,558.0,120,198.0,360.0
4327,ORD-2023-14327,2023-08-15,2023-08-20,Same Day,CUST-504,United States,City_28,State_11,97386,Nuts,East,PROD-007,Cashew Clusters,The Other Factory,661.82,92,293.82,368.0
4328,ORD-2023-14328,2023-09-04,2023-09-09,Same Day,CUST-458,United States,City_37,State_12,68838,Nuts,South,PROD-007,Cashew Clusters,Lot's O' Nuts,2394.82,200,1594.82,800.0
4329,ORD-2023-14329,2023-01-02,2023-01-08,Standard Class,CUST-875,United States,City_41,State_15,73096,Chocolate,Central,PROD-004,Peanut Butter Cups,Sugar Shack,1512.97,173,993.97,519.0
4330,ORD-2023-14330,2023-01-21,2023-01-24,First Class,CUST-944,United States,City_48,State_18,95326,Candy,East,PROD-003,Sour Worms,Sugar Shack,261.59,101,130.29,131.3
4331,ORD-2023-14331,2023-11-18,2023-11-29,Standard Class,CUST-925,United States,City_21,State_17,68661,Nuts,East,PROD-010,Pistachios,The Other Factory,3691.01,286,2404.01,1287.0
4332,ORD-2023-14332,2023-09-15,2023-09-15,Same Day,CUST-903,United States,City_31,State_5,16090,Candy,Central,PROD-003,Sour Worms,Wicked Choccy's,544.47,159,337.77,206.7
4333,ORD-2023-14333,2023-02-28,2023-03-03,First Class,CUST-187,United States,City_24,State_2,71199,Chocolate,West,PROD-009,Caramel Squares,Lot's O' Nuts,135.55,18,85.15,50.4
4334,ORD-2023-14334,2023-07-27,2023-08-05,Standard Class,CUST-787,United States,City_8,State_14,99198,Candy,West,PROD-005,Jelly Beans,The Other Factory,465.32,204,159.32,306.0
4335,ORD-2023-14335,2023-11-19,2023-11-23,First Class,CUST-191,United States,City_15,State_10,12181,Candy,Central,PROD-002,Gummy Bears,Lot's O' Nuts,726.64,205,480.64,246.0
4336,ORD-2023-14336,2023-01-22,2023-01-27,Standard Class,CUST-419,United States,City_22,State_18,49435,Candy,Central,PROD-005,Jelly Beans,Secret Factory,130.55,31,84.05,46.5
4337,ORD-2023-14337,2023-11-17,2023-11-22,Second Class,CUST-995,United States,City_37,State_20,99361,Nuts,West,PROD-001,Chocolate Almonds,The Other Factory,974.51,254,339.51,635.0
4338,ORD-2023-14338,2023-11-16,2023-11-19,First Class,CUST-764,United States,City_23,State_17,15337,Nuts,Central,PROD-001,Chocolate Almonds,Secret Factory,664.35,133,331.85,332.5
4339,ORD-2023-14339,2023-07-26,2023-07-29,Second Class,CUST-991,United States,City_11,State_10,57555,Chocolate,West,PROD-004,Peanut Butter Cups,Secret Factory,1064.12,159,587.12,477.0
4340,ORD-2023-14340,2023-01-20,2023-01-25,Same Day,CUST-341,United States,City_23,State_3,48900,Chocolate,East,PROD-006,Dark Chocolate Truffles,The Other Factory,3606.11,278,2216.11,1390.0
4341,ORD-2023-14341,2023-07-25,2023-07-25,Same Day,CUST-722,United States,City_3,State_2,14569,Candy,Central,PROD-003,Sour Worms,Sugar Shack,897.84,369,418.14,479.7
4342,ORD-2023-14342,2023-05-20,2023-05-26,Standard Class,CUST-841,United States,City_36,State_18,64672,Candy,West,PROD-005,Jelly Beans,Sugar Shack,1638.0,369,1084.5,553.5
4343,ORD-2023-14343,2023-06-04,2023-06-12,Standard Class,CUST-485,United States,City_8,State_15,16675,Candy,Central,PROD-008,Lollipops,Wicked Choccy's,18.98,15,11.48,7.5
4344,ORD-2023-14344,2023-02-07,2023-02-12,Second Class,CUST-704,United States,City_33,State_4,62166,Nuts,South,PROD-010,Pistachios,The Other Factory,3251.5,264,2063.5,1188.0
4345,ORD-2023-14345,2023-01-10,2023-01-18,Second Class,CUST-658,United States,City_19,State_13,89002,Nuts,East,PROD-007,Cashew Clusters,The Other Factory,1415.74,127,907.74,508.0
4346,ORD-2023-14346,2023-01-28,2023-01-30,First Class,CUST-433,United States,City_17,State_14,60469,Candy,East,PROD-002,Gummy Bears,Wicked Choccy's,151.64,61,78.44,73.2
4347,ORD-2023-14347,2023-02-27,2023-03-03,Second Class,CUST-324,United States,City_27,State_4,26676,Candy,South,PROD-003,Sour Worms,Sugar Shack,323.86,89,208.16,115.7
4348,ORD-2023-14348,2023-03-30,2023-03-30,Same Day,CUST-905,United States,City_49,State_19,56485,Candy,South,PROD-008,Lollipops,Secret Factory,565.68,404,363.68,202.0
4349,ORD-2023-14349,2023-05-24,2023-05-26,Same Day,CUST-161,United States,City_41,State_19,94877,Candy,Central,PROD-008,Lollipops,The Other Factory,152.46,196,54.46,98.0
4350,ORD-2023-14350,2023-08-27,2023-09-01,Standard Class,CUST-325,United States,City_6,State_11,75016,Chocolate,South,PROD-009,Caramel Squares,The Other Factory,2441.41,472,1119.81,1321.6
4351,ORD-2023-14351,2023-03-30,2023-04-02,First Class,CUST-946,United States,City_6,State_9,43092,Candy,East,PROD-002,Gummy Bears,Secret Factory,715.06,205,469.06,246.0
4352,ORD-2023-14352,2023-01-19,2023-01-24,First Class,CUST-884,United States,City_7,State_12,34294,Candy,South,PROD-008,Lollipops,Lot's O' Nuts,421.21,444,199.21,222.0
4353,ORD-2023-14353,2023-12-16,2023-12-16,First Class,CUST-748,United States,City_10,State_20,64275,Nuts,Central,PROD-007,Cashew Clusters,Sugar Shack,3123.47,347,1735.47,1388.0
4354,ORD-2023-14354,2023-02-14,2023-02-14,First Class,CUST-687,United States,City_8,State_8,70674,Nuts,Central,PROD-010,Pistachios,Sugar Shack,3918.98,347,2357.48,1561.5
4355,ORD-2023-14355,2023-08-08,2023-08-11,Same Day,CUST-293,United States,City_36,State_7,68227,Chocolate,Central,PROD-009,Caramel Squares,Lot's O' Nuts,338.74,79,117.54,221.2
4356,ORD-2023-14356,2023-03-26,2023-03-29,First Class,CUST-936,United States,City_31,State_14,10318,Chocolate,South,PROD-004,Peanut Butter Cups,The Other Factory,1444.15,169,937.15,507.0
4357,ORD-2023-14357,2023-08-12,2023-08-16,First Class,CUST-376,United States,City_1,State_6,67059,Candy,East,PROD-008,Lollipops,Sugar Shack,197.86,143,126.36,71.5
4358,ORD-2023-14358,2023-05-25,2023-05-29,Second Class,CUST-449,United States,City_25,State_3,83005,Candy,Central,PROD-002,Gummy Bears,Wicked Choccy's,212.35,89,105.55,106.8
4359,ORD-2023-14359,2023-02-15,2023-02-21,Second Class,CUST-225,United States,City_45,State_12,55177,Chocolate,South,PROD-004,Peanut Butter Cups,Wicked Choccy's,800.42,116,452.42,348.0
4360,ORD-2023-14360,2023-03-09,2023-03-13,First Class,CUST-470,United States,City_50,State_5,73077,Candy,Central,PROD-002,Gummy Bears,Lot's O' Nuts,1611.58,455,1065.58,546.0
4361,ORD-2023-14361,2023-10-05,2023-10-08,Same Day,CUST-622,United States,City_18,State_17,32534,Chocolate,Central,PROD-006,Dark Chocolate Truffles,Lot's O' Nuts,3281.32,267,1946.32,1335.0
4362,ORD-2023-14362,2023-02-06,2023-02-08,Same Day,CUST-310,United States,City_20,State_2,97026,Nuts,West,PROD-001,Chocolate Almonds,Secret Factory,453.91,87,236.41,217.5
4363,ORD-2023-14363,2023-09-29,2023-10-03,Same Day,CUST-901,United States,City_16,State_5,63308,Candy,West,PROD-003,Sour Worms,The Other Factory,1053.98,489,418.28,635.7
4364,ORD-2023-14364,2023-05-05,2023-05-12,Second Class,CUST-228,United States,City_29,State_15,66301,Candy,South,PROD-008,Lollipops,Wicked Choccy's,125.38,89,80.88,44.5
4365,ORD-2023-14365,2023-09-17,2023-09-18,First Class,CUST-226,United States,City_38,State_10,60436,Candy,South,PROD-008,Lollipops,Sugar Shack,470.71,416,262.71,208.0
4366,ORD-2023-14366,2023-10-26,2023-10-29,First Class,CUST-688,United States,City_19,State_9,89573,Chocolate,South,PROD-009,Caramel Squares,Secret Factory,1745.22,361,734.42,1010.8
4367,ORD-2023-14367,2023-08-02,2023-08-05,Second Class,CUST-606,United States,City_11,State_13,63591,Nuts,East,PROD-010,Pistachios,Wicked Choccy's,2363.24,260,1193.24,1170.0
4368,ORD-2023-14368,2023-04-28,2023-05-02,First Class,CUST-549,United States,City_42,State_17,37425,Chocolate,East,PROD-009,Caramel Squares,Sugar Shack,1503.02,217,895.42,607.6
4369,ORD-2023-14369,2023-07-23,2023-07-28,Standard Class,CUST-828,United States,City_50,State_7,24064,Candy,West,PROD-003,Sour Worms,Lot's O' Nuts,270.74,73,175.84,94.9
4370,ORD-2023-14370,2023-05-05,2023-05-10,First Class,CUST-312,United States,City_36,State_18,39046,Candy,East,PROD-008,Lollipops,Secret Factory,128.07,164,46.07,82.0
4371,ORD-2023-14371,2023-12-07,2023-12-07,First Class,CUST-198,United States,City_33,State_1,23815,Chocolate,East,PROD-004,Peanut Butter Cups,Wicked Choccy's,4169.41,491,2696.41,1473.0
4372,ORD-2023-14372,2023-03-22,2023-03-27,Standard Class,CUST-650,United States,City_4,State_4,88248,Nuts,Central,PROD-007,Cashew Clusters,Secret Factory,1170.01,137,622.01,548.0
4373,ORD-2023-14373,2023-02-06,2023-02-10,Second Class,CUST-893,United States,City_43,State_8,83841,Chocolate,Central,PROD-004,Peanut Butter Cups,The Other Factory,402.02,66,204.02,198.0
4374,ORD-2023-14374,2023-09-06,2023-09-13,First Class,CUST-188,United States,City_21,State_19,21070,Candy,East,PROD-008,Lollipops,The Other Factory,127.58,135,60.08,67.5
4375,ORD-2023-14375,2023-09-14,2023-09-19,Standard Class,CUST-341,United States,City_46,State_13,56296,Nuts,South,PROD-001,Chocolate Almonds,Secret Factory,1557.59,225,995.09,562.5
4376,ORD-2023-14376,2023-03-14,2023-03-21,Standard Class,CUST-768,United States,City_12,State_5,50755,Nuts,South,PROD-001,Chocolate Almonds,Sugar Shack,1578.1,220,1028.1,550.0
4377,ORD-2023-14377,2023-06-22,2023-06-27,Second Class,CUST-663,United States,City_45,State_5,65870,Candy,West,PROD-008,Lollipops,The Other Factory,77.41,63,45.91,31.5
4378,ORD-2023-14378,2023-08-01,2023-08-09,Standard Class,CUST-642,United States,City_19,State_2,20143,Candy,Central,PROD-002,Gummy Bears,Wicked Choccy's,141.87,74,53.07,88.8
4379,ORD-2023-14379,2023-07-22,2023-07-27,Standard Class,CUST-636,United States,City_5,State_2,83968,Chocolate,South,PROD-006,Dark Chocolate Truffles,Secret Factory,1012.64,79,617.64,395.0
4380,ORD-2023-14380,2023-08-05,2023-08-08,Second Class,CUST-483,United States,City_4,State_18,38104,Nuts,Central,PROD-010,Pistachios,Secret Factory,2647.22,281,1382.72,1264.5
4381,ORD-2023-14381,2023-10-13,2023-10-19,Same Day,CUST-267,United States,City_8,State_10,15501,Nuts,East,PROD-007,Cashew Clusters,The Other Factory,5276.57,486,3332.57,1944.0
4382,ORD-2023-14382,2023-01-28,2023-02-03,Second Class,CUST-564,United States,City_6,State_9,35910,Candy,South,PROD-008,Lollipops,Wicked Choccy's,352.78,279,213.28,139.5
4383,ORD-2023-14383,2023-11-05,2023-11-10,Standard Class,CUST-126,United States,City_4,State_11,97157,Nuts,West,PROD-010,Pistachios,Lot's O' Nuts,6159.65,467,4058.15,2101.5
4384,ORD-2023-14384,2023-09-04,2023-09-12,Standard Class,CUST-767,United States,City_19,State_16,47410,Nuts,South,PROD-007,Cashew Clusters,Wicked Choccy's,127.33,13,75.33,52.0
4385,ORD-2023-14385,2023-02-02,2023-02-05,Second Class,CUST-333,United States,City_35,State_4,53276,Chocolate,South,PROD-009,Caramel Squares,Sugar Shack,628.04,128,269.64,358.4
4386,ORD-2023-14386,2023-03-11,2023-03-13,Second Class,CUST-795,United States,City_12,State_11,43544,Candy,West,PROD-003,Sour Worms,Wicked Choccy's,861.64,304,466.44,395.2
4387,ORD-2023-14387,2023-10-09,2023-10-14,Second Class,CUST-402,United States,City_32,State_12,48225,Nuts,Central,PROD-001,Chocolate Almonds,Lot's O' Nuts,2633.48,360,1733.48,900.0
4388,ORD-2023-14388,2023-07-04,2023-07-08,First Class,CUST-659,United States,City_4,State_2,72331,Chocolate,South,PROD-004,Peanut Butter Cups,Lot's O' Nuts,1809.18,317,858.18,951.0
4389,ORD-2023-14389,2023-04-21,2023-04-22,Same Day,CUST-713,United States,City_34,State_8,72657,Nuts,Central,PROD-010,Pistachios,Wicked Choccy's,2038.32,214,1075.32,963.0
4390,ORD-2023-14390,2023-05-24,2023-05-29,Standard Class,CUST-657,United States,City_16,State_18,74597,Chocolate,Central,PROD-006,Dark Chocolate Truffles,Sugar Shack,6257.85,435,4082.85,2175.0
4391,ORD-2023-14391,2023-08-26,2023-08-26,Same Day,CUST-155,United States,City_47,State_7,25147,Chocolate,East,PROD-006,Dark Chocolate Truffles,Lot's O' Nuts,315.33,26,185.33,130.0
4392,ORD-2023-14392,2023-04-27,2023-05-04,Standard Class,CUST-701,United States,City_46,State_17,10309,Candy,East,PROD-008,Lollipops,Wicked Choccy's,410.81,402,209.81,201.0
4393,ORD-2023-14393,2023-02-26,2023-03-01,Second Class,CUST-789,United States,City_27,State_19,65118,Candy,West,PROD-005,Jelly Beans,Wicked Choccy's,1668.62,422,1035.62,633.0
4394,ORD-2023-14394,2023-02-12,2023-02-16,Standard Class,CUST-192,United States,City_40,State_7,37367,Candy,East,PROD-005,Jelly Beans,Lot's O' Nuts,534.52,169,281.02,253.5
4395,ORD-2023-14395,2023-03-27,2023-03-29,Same Day,CUST-492,United States,City_4,State_19,37140,Chocolate,East,PROD-006,Dark Chocolate Truffles,Wicked Choccy's,1343.52,99,848.52,495.0
4396,ORD-2023-14396,2023-07-17,2023-07-20,Second Class,CUST-332,United States,City_15,State_4,59694,Candy,Central,PROD-002,Gummy Bears,Secret Factory,707.95,214,451.15,256.8
4397,ORD-2023-14397,2023-04-08,2023-04-13,Second Class,CUST-586,United States,City_6,State_15,25869,Candy,East,PROD-002,Gummy Bears,Sugar Shack,114.28,63,38.68,75.6
4398,ORD-2023-14398,2023-08-27,2023-08-30,First Class,CUST-147,United States,City_22,State_4,89131,Nuts,Central,PROD-010,Pistachios,The Other Factory,5644.38,481,3479.88,2164.5
4399,ORD-2023-14399,2023-11-03,2023-11-12,Standard Class,CUST-105,United States,City_49,State_11,64141,Nuts,East,PROD-010,Pistachios,Sugar Shack,5401.1,468,3295.1,2106.0
4400,ORD-2023-14400,2023-08-02,2023-08-07,Second Class,CUST-477,United States,City_6,State_16,66649,Candy,Central,PROD-008,Lollipops,Wicked Choccy's,127.95,125,65.45,62.5
4401,ORD-2023-14401,2023-02-26,2023-02-28,First Class,CUST-128,United States,City_10,State_6,79108,Chocolate,West,PROD-004,Peanut Butter Cups,Sugar Shack,981.38,132,585.38,396.0
4402,ORD-2023-14402,2023-07-23,2023-08-02,Standard Class,CUST-533,United States,City_2,State_6,48646,Nuts,East,PROD-007,Cashew Clusters,Secret Factory,1766.94,222,878.94,888.0
4403,ORD-2023-14403,2023-08-17,2023-08-17,First Class,CUST-183,United States,City_43,State_10,86018,Nuts,West,PROD-010,Pistachios,Wicked Choccy's,2290.22,235,1232.72,1057.5
4404,ORD-2023-14404,2023-09-13,2023-09-19,Standard Class,CUST-231,United States,City_46,State_16,99426,Nuts,South,PROD-001,Chocolate Almonds,Sugar Shack,813.3,182,358.3,455.0
4405,ORD-2023-14405,2023-03-25,2023-03-27,First Class,CUST-423,United States,City_34,State_15,78503,Nuts,South,PROD-010,Pistachios,The Other Factory,2827.18,211,1877.68,949.5
4406,ORD-2023-14406,2023-10-11,2023-10-17,Same Day,CUST-588,United States,City_7,State_11,24853,Nuts,East,PROD-010,Pistachios,The Other Factory,3803.1,451,1773.6,2029.5
4407,ORD-2023-14407,2023-05-15,2023-05-20,Second Class,CUST-818,United States,City_33,State_10,57744,Candy,Central,PROD-002,Gummy Bears,Lot's O' Nuts,143.73,69,60.93,82.8
4408,ORD-2023-14408,2023-02-08,2023-02-10,Second Class,CUST-308,United States,City_29,State_3,71598,Candy,South,PROD-005,Jelly Beans,Secret Factory,1799.09,478,1082.09,717.0
4409,ORD-2023-14409,2023-07-25,2023-07-25,Same Day,CUST-425,United States,City_42,State_2,81139,Candy,East,PROD-005,Jelly Beans,Lot's O' Nuts,936.38,315,463.88,472.5
4410,ORD-2023-14410,2023-05-11,2023-05-19,Second Class,CUST-765,United States,City_6,State_16,62863,Chocolate,East,PROD-006,Dark Chocolate Truffles,Secret Factory,184.55,13,119.55,65.0
4411,ORD-2023-14411,2023-02-23,2023-02-26,Same Day,CUST-137,United States,City_8,State_4,98093,Candy,East,PROD-002,Gummy Bears,Secret Factory,341.6,115,203.6,138.0
4412,ORD-2023-14412,2023-02-16,2023-02-21,Second Class,CUST-746,United States,City_42,State_3,69647,Candy,West,PROD-003,Sour Worms,Secret Factory,1332.49,350,877.49,455.0
4413,ORD-2023-14413,2023-08-29,2023-08-30,First Class,CUST-958,United States,City_28,State_9,11601,Candy,West,PROD-003,Sour Worms,Lot's O' Nuts,834.62,310,431.62,403.0
4414,ORD-2023-14414,2023-05-29,2023-05-29,First Class,CUST-508,United States,City_47,State_2,67368,Nuts,East,PROD-001,Chocolate Almonds,Lot's O' Nuts,1898.2,448,778.2,1120.0
4415,ORD-2023-14415,2023-03-04,2023-03-10,Standard Class,CUST-310,United States,City_18,State_6,49709,Chocolate,Central,PROD-009,Caramel Squares,Wicked Choccy's,1767.22,225,1137.22,630.0
4416,ORD-2023-14416,2023-06-12,2023-06-15,Same Day,CUST-505,United States,City_28,State_5,46012,Candy,Central,PROD-002,Gummy Bears,Lot's O' Nuts,1067.15,459,516.35,550.8
4417,ORD-2023-14417,2023-02-01,2023-02-04,Second Class,CUST-400,United States,City_9,State_3,20385,Chocolate,West,PROD-009,Caramel Squares,Wicked Choccy's,2029.53,339,1080.33,949.2
4418,ORD-2023-14418,2023-01-29,2023-01-30,Same Day,CUST-711,United States,City_23,State_4,92301,Nuts,Central,PROD-007,Cashew Clusters,The Other Factory,1129.78,124,633.78,496.0
4419,ORD-2023-14419,2023-05-23,2023-05-30,Second Class,CUST-500,United States,City_21,State_5,18471,Chocolate,West,PROD-006,Dark Chocolate Truffles,The Other Factory,6082.0,480,3682.0,2400.0
4420,ORD-2023-14420,2023-06-16,2023-06-16,First Class,CUST-339,United States,City_7,State_14,45433,Candy,South,PROD-008,Lollipops,Sugar Shack,140.02,106,87.02,53.0
4421,ORD-2023-14421,2023-01-18,2023-01-22,Same Day,CUST-941,United States,City_19,State_4,22599,Nuts,East,PROD-010,Pistachios,Sugar Shack,3645.14,408,1809.14,1836.0
4422,ORD-2023-14422,2023-11-25,2023-12-01,Second Class,CUST-535,United States,City_48,State_8,92934,Chocolate,East,PROD-004,Peanut Butter Cups,Secret Factory,2061.73,355,996.73,1065.0
4423,ORD-2023-14423,2023-11-24,2023-12-04,Standard Class,CUST-690,United States,City_44,State_11,69358,Candy,South,PROD-002,Gummy Bears,Lot's O' Nuts,710.34,257,401.94,308.4
4424,ORD-2023-14424,2023-01-08,2023-01-11,Second Class,CUST-789,United States,City_21,State_9,93719,Nuts,East,PROD-007,Cashew Clusters,Lot's O' Nuts,995.83,150,395.83,600.0
4425,ORD-2023-14425,2023-05-04,2023-05-04,Same Day,CUST-328,United States,City_24,State_20,71446,Candy,Central,PROD-005,Jelly Beans,Secret Factory,373.59,131,177.09,196.5
4426,ORD-2023-14426,2023-02-18,2023-02-21,Standard Class,CUST-890,United States,City_24,State_5,57554,Chocolate,South,PROD-004,Peanut Butter Cups,Secret Factory,2246.85,350,1196.85,1050.0
4427,ORD-2023-14427,2023-01-25,2023-01-30,First Class,CUST-914,United States,City_37,State_7,72097,Chocolate,South,PROD-004,Peanut Butter Cups,Lot's O' Nuts,1249.6,140,829.6,420.0
4428,ORD-2023-14428,2023-11-15,2023-11-15,First Class,CUST-813,United States,City_29,State_9,94444,Nuts,East,PROD-001,Chocolate Almonds,Lot's O' Nuts,1243.66,213,711.16,532.5
4429,ORD-2023-14429,2023-10-17,2023-10-23,Second Class,CUST-906,United States,City_43,State_12,14261,Nuts,Central,PROD-001,Chocolate Almonds,The Other Factory,99.57,20,49.57,50.0
4430,ORD-2023-14430,2023-09-15,2023-09-19,Second Class,CUST-557,United States,City_47,State_5,61192,Nuts,South,PROD-010,Pistachios,Sugar Shack,454.6,44,256.6,198.0
4431,ORD-2023-14431,2023-04-16,2023-04-20,Same Day,CUST-720,United States,City_41,State_6,47751,Nuts,East,PROD-007,Cashew Clusters,The Other Factory,4385.03,389,2829.03,1556.0
4432,ORD-2023-14432,2023-11-02,2023-11-09,Standard Class,CUST-136,United States,City_45,State_13,33265,Candy,East,PROD-002,Gummy Bears,Secret Factory,626.69,187,402.29,224.4
4433,ORD-2023-14433,2023-07-21,2023-08-01,Standard Class,CUST-191,United States,City_49,State_4,29672,Candy,East,PROD-008,Lollipops,The Other Factory,360.26,267,226.76,133.5
4434,ORD-2023-14434,2023-10-11,2023-10-14,Second Class,CUST-264,United States,City_14,State_8,20657,Candy,Central,PROD-002,Gummy Bears,Secret Factory,275.31,86,172.11,103.2
4435,ORD-2023-14435,2023-09-13,2023-09-13,Same Day,CUST-944,United States,City_45,State_7,78039,Candy,South,PROD-003,Sour Worms,Sugar Shack,210.01,80,106.01,104.0
4436,ORD-2023-14436,2023-03-31,2023-04-05,Same Day,CUST-218,United States,City_17,State_3,34835,Chocolate,East,PROD-006,Dark Chocolate Truffles,Secret Factory,3965.24,362,2155.24,1810.0
4437,ORD-2023-14437,2023-04-07,2023-04-11,Same Day,CUST-766,United States,City_32,State_8,74235,Candy,South,PROD-005,Jelly Beans,Wicked Choccy's,224.39,83,99.89,124.5
4438,ORD-2023-14438,2023-03-19,2023-03-21,First Class,CUST-289,United States,City_3,State_15,87846,Candy,East,PROD-005,Jelly Beans,Wicked Choccy's,57.93,16,33.93,24.0
4439,ORD-2023-14439,2023-07-09,2023-07-15,Standard Class,CUST-167,United States,City_40,State_20,47681,Chocolate,Central,PROD-004,Peanut Butter Cups,Secret Factory,2321.1,342,1295.1,1026.0
4440,ORD-2023-14440,2023-10-18,2023-10-22,First Class,CUST-967,United States,City_22,State_8,94016,Candy,East,PROD-003,Sour Worms,Sugar Shack,256.2,79,153.5,102.7
4441,ORD-2023-14441,2023-12-19,2023-12-21,First Class,CUST-660,United States,City_32,State_16,89664,Nuts,Central,PROD-001,Chocolate Almonds,The Other Factory,2895.75,444,1785.75,1110.0
4442,ORD-2023-14442,2023-12-10,2023-12-14,First Class,CUST-315,United States,City_30,State_19,55643,Nuts,South,PROD-010,Pistachios,Wicked Choccy's,3279.54,411,1430.04,1849.5
4443,ORD-2023-14443,2023-08-05,2023-08-10,Standard Class,CUST-173,United States,City_9,State_19,29475,Candy,West,PROD-008,Lollipops,Wicked Choccy's,479.24,358,300.24,179.0
4444,ORD-2023-14444,2023-02-22,2023-03-01,Standard Class,CUST-175,United States,City_16,State_7,16648,Candy,Central,PROD-002,Gummy Bears,Wicked Choccy's,1179.34,347,762.94,416.4
4445,ORD-2023-14445,2023-04-07,2023-04-10,First Class,CUST-792,United States,City_3,State_6,44096,Candy,South,PROD-002,Gummy Bears,Lot's O' Nuts,700.39,200,460.39,240.0
4446,ORD-2023-14446,2023-12-31,2024-01-03,First Class,CUST-274,United States,City_14,State_5,26528,Nuts,Central,PROD-007,Cashew Clusters,The Other Factory,4324.28,384,2788.28,1536.0
4447,ORD-2023-14447,2023-10-13,2023-10-17,Standard Class,CUST-636,United States,City_49,State_11,72195,Candy,West,PROD-003,Sour Worms,Wicked Choccy's,894.73,257,560.63,334.1
4448,ORD-2023-14448,2023-10-27,2023-11-02,Second Class,CUST-354,United States,City_31,State_1,79047,Nuts,Central,PROD-001,Chocolate Almonds,The Other Factory,2991.33,435,1903.83,1087.5
4449,ORD-2023-14449,2023-09-03,2023-09-07,Second Class,CUST-330,United States,City_8,State_14,82599,Chocolate,South,PROD-006,Dark Chocolate Truffles,The Other Factory,2859.32,326,1229.32,1630.0
4450,ORD-2023-14450,2023-09-22,2023-10-01,Standard Class,CUST-929,United States,City_39,State_7,68507,Candy,South,PROD-003,Sour Worms,Wicked Choccy's,41.0,13,24.1,16.9
4451,ORD-2023-14451,2023-02-08,2023-02-13,Second Class,CUST-656,United States,City_20,State_9,88455,Candy,East,PROD-002,Gummy Bears,Sugar Shack,1259.88,483,680.28,579.6
4452,ORD-2023-14452,2023-04-12,2023-04-21,Standard Class,CUST-765,United States,City_29,State_8,81267,Chocolate,West,PROD-009,Caramel Squares,The Other Factory,1630.41,237,966.81,663.6
4453,ORD-2023-14453,2023-08-17,2023-08-22,Second Class,CUST-688,United States,City_18,State_13,32157,Candy,West,PROD-002,Gummy Bears,Lot's O' Nuts,123.33,41,74.13,49.2
4454,ORD-2023-14454,2023-01-16,2023-01-17,First Class,CUST-115,United States,City_1,State_11,40492,Candy,Central,PROD-005,Jelly Beans,Sugar Shack,981.53,235,629.03,352.5
4455,ORD-2023-14455,2023-05-16,2023-05-21,Second Class,CUST-783,United States,City_8,State_17,13595,Chocolate,West,PROD-006,Dark Chocolate Truffles,Sugar Shack,3774.56,292,2314.56,1460.0
4456,ORD-2023-14456,2023-01-30,2023-01-31,First Class,CUST-846,United States,City_35,State_9,74507,Chocolate,West,PROD-009,Caramel Squares,Wicked Choccy's,3421.58,422,2239.98,1181.6
4457,ORD-2023-14457,2023-09-21,2023-09-25,First Class,CUST-324,United States,City_30,State_3,58640,Candy,West,PROD-008,Lollipops,The Other Factory,335.98,258,206.98,129.0
4458,ORD-2023-14458,2023-05-01,2023-05-03,First Class,CUST-556,United States,City_50,State_1,59981,Nuts,East,PROD-007,Cashew Clusters,Sugar Shack,1255.32,120,775.32,480.0
4459,ORD-2023-14459,2023-11-27,2023-11-30,Standard Class,CUST-511,United States,City_14,State_8,21876,Nuts,South,PROD-007,Cashew Clusters,Secret Factory,4638.38,465,2778.38,1860.0
4460,ORD-2023-14460,2023-12-23,2023-12-29,Same Day,CUST-704,United States,City_22,State_11,38864,Candy,East,PROD-002,Gummy Bears,The Other Factory,205.09,57,136.69,68.4
4461,ORD-2023-14461,2023-04-16,2023-04-21,Same Day,CUST-294,United States,City_17,State_2,40194,Nuts,West,PROD-001,Chocolate Almonds,The Other Factory,1591.75,381,639.25,952.5
4462,ORD-2023-14462,2023-01-05,2023-01-11,Same Day,CUST-597,United States,City_37,State_7,13602,Candy,East,PROD-008,Lollipops,Secret Factory,593.14,406,390.14,203.0
4463,ORD-2023-14463,2023-01-08,2023-01-15,Standard Class,CUST-479,United States,City_34,State_5,15909,Nuts,West,PROD-007,Cashew Clusters,Lot's O' Nuts,1857.93,156,1233.93,624.0
4464,ORD-2023-14464,2023-04-04,2023-04-06,Same Day,CUST-809,United States,City_20,State_5,49132,Candy,East,PROD-008,Lollipops,Wicked Choccy's,413.48,434,196.48,217.0
4465,ORD-2023-14465,2023-05-05,2023-05-07,Same Day,CUST-908,United States,City_21,State_2,65653,Nuts,Central,PROD-007,Cashew Clusters,The Other Factory,693.69,85,353.69,340.0
4466,ORD-2023-14466,2023-04-23,2023-04-24,First Class,CUST-551,United States,City_40,State_4,26958,Chocolate,East,PROD-006,Dark Chocolate Truffles,Wicked Choccy's,2791.92,206,1761.92,1030.0
4467,ORD-2023-14467,2023-11-15,2023-11-23,Standard Class,CUST-932,United States,City_43,State_20,12974,Nuts,West,PROD-001,Chocolate Almonds,Secret Factory,1029.99,186,564.99,465.0
4468,ORD-2023-14468,2023-10-03,2023-10-08,Standard Class,CUST-871,United States,City_27,State_18,44478,Chocolate,Central,PROD-004,Peanut Butter Cups,Sugar Shack,423.46,60,243.46,180.0
4469,ORD-2023-14469,2023-12-27,2023-12-29,First Class,CUST-861,United States,City_45,State_18,20412,Candy,South,PROD-005,Jelly Beans,Sugar Shack,1070.41,238,713.41,357.0
4470,ORD-2023-14470,2023-01-18,2023-01-21,Second Class,CUST-751,United States,City_24,State_3,58484,Candy,Central,PROD-008,Lollipops,Sugar Shack,161.63,171,76.13,85.5
4471,ORD-2023-14471,2023-01-05,2023-01-06,First Class,CUST-149,United States,City_8,State_13,94671,Chocolate,South,PROD-006,Dark Chocolate Truffles,Secret Factory,3994.09,298,2504.09,1490.0
4472,ORD-2023-14472,2023-01-13,2023-01-20,Standard Class,CUST-363,United States,City_41,State_3,49743,Candy,West,PROD-008,Lollipops,Sugar Shack,42.23,46,19.23,23.0
4473,ORD-2023-14473,2023-11-19,2023-11-23,Same Day,CUST-173,United States,City_17,State_9,66805,Nuts,East,PROD-001,Chocolate Almonds,Sugar Shack,974.52,255,337.02,637.5
4474,ORD-2023-14474,2023-01-26,2023-01-31,Standard Class,CUST-400,United States,City_3,State_1,48389,Chocolate,Central,PROD-006,Dark Chocolate Truffles,Sugar Shack,124.82,16,44.82,80.0
4475,ORD-2023-14475,2023-11-16,2023-11-17,First Class,CUST-910,United States,City_14,State_10,80187,Nuts,Central,PROD-007,Cashew Clusters,Sugar Shack,2044.32,246,1060.32,984.0
4476,ORD-2023-14476,2023-07-28,2023-07-31,First Class,CUST-664,United States,City_38,State_20,28608,Candy,West,PROD-008,Lollipops,Sugar Shack,18.27,19,8.77,9.5
4477,ORD-2023-14477,2023-06-11,2023-06-13,Second Class,CUST-185,United States,City_13,State_17,15180,Candy,South,PROD-005,Jelly Beans,Secret Factory,758.31,237,402.81,355.5
4478,ORD-2023-14478,2023-02-15,2023-02-23,Standard Class,CUST-783,United States,City_7,State_13,56255,Candy,Central,PROD-008,Lollipops,The Other Factory,224.37,269,89.87,134.5
4479,ORD-2023-14479,2023-07-08,2023-07-14,Standard Class,CUST-123,United States,City_20,State_8,24267,Candy,East,PROD-003,Sour Worms,Sugar Shack,775.4,299,386.7,388.7
4480,ORD-2023-14480,2023-09-12,2023-09-22,Standard Class,CUST-543,United States,City_44,State_9,73049,Chocolate,South,PROD-006,Dark Chocolate Truffles,Lot's O' Nuts,1132.75,141,427.75,705.0
4481,ORD-2023-14481,2023-11-17,2023-11-23,Standard Class,CUST-334,United States,City_50,State_6,42440,Candy,West,PROD-008,Lollipops,Secret Factory,38.04,30,23.04,15.0
4482,ORD-2023-14482,2023-08-30,2023-08-31,Same Day,CUST-414,United States,City_25,State_4,64171,Candy,South,PROD-002,Gummy Bears,The Other Factory,81.58,39,34.78,46.8
4483,ORD-2023-14483,2023-07-14,2023-07-14,First Class,CUST-474,United States,City_49,State_17,89552,Chocolate,Central,PROD-009,Caramel Squares,Sugar Shack,1865.97,313,989.57,876.4
4484,ORD-2023-14484,2023-12-07,2023-12-12,Standard Class,CUST-620,United States,City_50,State_3,21536,Candy,Central,PROD-003,Sour Worms,Sugar Shack,687.21,287,314.11,373.1
4485,ORD-2023-14485,2023-12-16,2023-12-19,First Class,CUST-604,United States,City_46,State_20,30593,Chocolate,West,PROD-004,Peanut Butter Cups,Secret Factory,2060.54,358,986.54,1074.0
4486,ORD-2023-14486,2023-05-17,2023-05-21,Standard Class,CUST-642,United States,City_37,State_10,12623,Nuts,Central,PROD-010,Pistachios,Secret Factory,5918.76,478,3767.76,2151.0
4487,ORD-2023-14487,2023-06-23,2023-06-26,Same Day,CUST-657,United States,City_17,State_13,40753,Nuts,Central,PROD-001,Chocolate Almonds,The Other Factory,2938.24,445,1825.74,1112.5
4488,ORD-2023-14488,2023-10-14,2023-10-14,Same Day,CUST-588,United States,City_49,State_8,72707,Nuts,Central,PROD-010,Pistachios,Wicked Choccy's,210.85,19,125.35,85.5
4489,ORD-2023-14489,2023-10-20,2023-10-21,First Class,CUST-563,United States,City_34,State_2,52156,Nuts,South,PROD-007,Cashew Clusters,Secret Factory,2887.85,250,1887.85,1000.0
4490,ORD-2023-14490,2023-02-27,2023-03-01,First Class,CUST-650,United States,City_30,State_4,65503,Chocolate,West,PROD-004,Peanut Butter Cups,Sugar Shack,1474.58,298,580.58,894.0
4491,ORD-2023-14491,2023-08-15,2023-08-17,First Class,CUST-542,United States,City_28,State_13,17519,Candy,South,PROD-003,Sour Worms,The Other Factory,817.37,232,515.77,301.6
4492,ORD-2023-14492,2023-07-06,2023-07-08,Second Class,CUST-359,United States,City_9,State_11,85610,Nuts,East,PROD-010,Pistachios,Lot's O' Nuts,866.64,93,448.14,418.5
4493,ORD-2023-14493,2023-08-11,2023-08-11,Same Day,CUST-965,United States,City_1,State_17,56535,Nuts,East,PROD-010,Pistachios,Wicked Choccy's,4818.66,452,2784.66,2034.0
4494,ORD-2023-14494,2023-01-14,2023-01-20,Standard Class,CUST-768,United States,City_28,State_7,87491,Nuts,Central,PROD-007,Cashew Clusters,Secret Factory,2730.29,331,1406.29,1324.0
4495,ORD-2023-14495,2023-05-23,2023-05-29,First Class,CUST-592,United States,City_8,State_9,14462,Nuts,East,PROD-007,Cashew Clusters,Secret Factory,3564.19,411,1920.19,1644.0
4496,ORD-2023-14496,2023-03-11,2023-03-17,Standard Class,CUST-867,United States,City_2,State_3,57182,Chocolate,South,PROD-006,Dark Chocolate Truffles,Secret Factory,2934.15,196,1954.15,980.0
4497,ORD-2023-14497,2023-01-19,2023-01-19,First Class,CUST-735,United States,City_45,State_20,80546,Chocolate,Central,PROD-006,Dark Chocolate Truffles,Sugar Shack,4627.15,337,2942.15,1685.0
4498,ORD-2023-14498,2023-07-09,2023-07-14,Second Class,CUST-321,United States,City_32,State_9,45011,Chocolate,Central,PROD-006,Dark Chocolate Truffles,Secret Factory,3124.59,209,2079.59,1045.0
4499,ORD-2023-14499,2023-06-22,2023-06-22,First Class,CUST-584,United States,City_25,State_14,37593,Chocolate,Central,PROD-009,Caramel Squares,Sugar Shack,2614.82,373,1570.42,1044.4
4500,ORD-2023-14500,2023-01-02,2023-01-03,Second Class,CUST-441,United States,City_2,State_19,54756,Chocolate,Central,PROD-004,Peanut Butter Cups,Sugar Shack,3188.44,372,2072.44,1116.0
4501,ORD-2023-14501,2023-08-29,2023-09-04,Second Class,CUST-233,United States,City_34,State_5,72233,Chocolate,South,PROD-004,Peanut Butter Cups,Lot's O' Nuts,3783.87,485,2328.87,1455.0
4502,ORD-2023-14502,2023-01-31,2023-02-01,Same Day,CUST-695,United States,City_18,State_6,94556,Nuts,Central,PROD-007,Cashew Clusters,The Other Factory,5090.34,494,3114.34,1976.0
4503,ORD-2023-14503,2023-07-29,2023-08-03,Second Class,CUST-724,United States,City_35,State_1,93390,Nuts,East,PROD-007,Cashew Clusters,Secret Factory,4125.79,483,2193.79,1932.0
4504,ORD-2023-14504,2023-05-16,2023-05-17,First Class,CUST-888,United States,City_39,State_10,35761,Candy,South,PROD-003,Sour Worms,Secret Factory,653.89,286,282.09,371.8
4505,ORD-2023-14505,2023-11-05,2023-11-05,Same Day,CUST-205,United States,City_28,State_12,39351,Chocolate,East,PROD-006,Dark Chocolate Truffles,Lot's O' Nuts,4561.31,435,2386.31,2175.0
4506,ORD-2023-14506,2023-03-13,2023-03-14,First Class,CUST-530,United States,City_19,State_19,18471,Candy,South,PROD-008,Lollipops,Secret Factory,169.97,152,93.97,76.0
4507,ORD-2023-14507,2023-12-15,2023-12-23,Second Class,CUST-122,United States,City_44,State_16,32754,Nuts,South,PROD-010,Pistachios,Lot's O' Nuts,2445.29,229,1414.79,1030.5
4508,ORD-2023-14508,2023-01-19,2023-01-24,First Class,CUST-175,United States,City_23,State_14,90353,Chocolate,West,PROD-006,Dark Chocolate Truffles,The Other Factory,624.69,60,324.69,300.0
4509,ORD-2023-14509,2023-11-16,2023-11-22,Same Day,CUST-154,United States,City_31,State_2,12770,Candy,East,PROD-008,Lollipops,The Other Factory,231.24,270,96.24,135.0
4510,ORD-2023-14510,2023-06-07,2023-06-11,Second Class,CUST-118,United States,City_10,State_7,72957,Chocolate,West,PROD-009,Caramel Squares,Lot's O' Nuts,3151.54,432,1941.94,1209.6
4511,ORD-2023-14511,2023-10-21,2023-10-21,Same Day,CUST-876,United States,City_50,State_9,91725,Candy,West,PROD-005,Jelly Beans,Wicked Choccy's,1737.56,450,1062.56,675.0
4512,ORD-2023-14512,2023-12-23,2023-12-29,Standard Class,CUST-754,United States,City_23,State_20,90369,Candy,East,PROD-005,Jelly Beans,Lot's O' Nuts,767.79,204,461.79,306.0
4513,ORD-2023-14513,2023-08-04,2023-08-05,First Class,CUST-353,United States,City_5,State_4,81093,Candy,West,PROD-002,Gummy Bears,Lot's O' Nuts,1070.64,471,505.44,565.2
4514,ORD-2023-14514,2023-05-15,2023-05-20,Standard Class,CUST-704,United States,City_23,State_4,20762,Candy,South,PROD-003,Sour Worms,The Other Factory,866.27,232,564.67,301.6
4515,ORD-2023-14515,2023-10-16,2023-10-20,Second Class,CUST-160,United States,City_24,State_20,60432,Candy,West,PROD-003,Sour Worms,Lot's O' Nuts,1583.26,426,1029.46,553.8
4516,ORD-2023-14516,2023-04-22,2023-04-25,Second Class,CUST-397,United States,City_13,State_18,98560,Nuts,Central,PROD-007,Cashew Clusters,Secret Factory,3540.46,303,2328.46,1212.0
4517,ORD-2023-14517,2023-03-23,2023-03-25,First Class,CUST-494,United States,City_16,State_16,72828,Chocolate,Central,PROD-004,Peanut Butter Cups,Secret Factory,1897.9,281,1054.9,843.0
4518,ORD-2023-14518,2023-05-05,2023-05-10,Standard Class,CUST-848,United States,City_12,State_15,72245,Chocolate,Central,PROD-004,Peanut Butter Cups,Sugar Shack,114.43,14,72.43,42.0
4519,ORD-2023-14519,2023-02-08,2023-02-15,Second Class,CUST-147,United States,City_22,State_12,35934,Candy,South,PROD-003,Sour Worms,Lot's O' Nuts,485.65,215,206.15,279.5
4520,ORD-2023-14520,2023-05-23,2023-05-25,Second Class,CUST-748,United States,City_20,State_17,42254,Candy,South,PROD-003,Sour Worms,Secret Factory,1619.86,451,1033.56,586.3
4521,ORD-2023-14521,2023-12-29,2023-12-31,Same Day,CUST-346,United States,City_47,State_17,97295,Candy,South,PROD-008,Lollipops,Wicked Choccy's,308.7,259,179.2,129.5
4522,ORD-2023-14522,2023-03-29,2023-04-07,Standard Class,CUST-546,United States,City_29,State_6,76378,Chocolate,Central,PROD-009,Caramel Squares,The Other Factory,2865.98,447,1614.38,1251.6
4523,ORD-2023-14523,2023-10-03,2023-10-04,Same Day,CUST-185,United States,City_4,State_10,12360,Candy,Central,PROD-008,Lollipops,Secret Factory,296.54,206,193.54,103.0
4524,ORD-2023-14524,2023-11-14,2023-11-19,Same Day,CUST-421,United States,City_12,State_10,23150,Candy,West,PROD-008,Lollipops,Secret Factory,672.89,500,422.89,250.0
4525,ORD-2023-14525,2023-12-07,2023-12-16,Standard Class,CUST-118,United States,City_19,State_1,44586,Chocolate,West,PROD-006,Dark Chocolate Truffles,Secret Factory,2150.28,273,785.28,1365.0
4526,ORD-2023-14526,2023-10-18,2023-10-28,Standard Class,CUST-894,United States,City_18,State_8,42570,Candy,South,PROD-002,Gummy Bears,Lot's O' Nuts,91.91,45,37.91,54.0
4527,ORD-2023-14527,2023-07-06,2023-07-06,Same Day,CUST-202,United States,City_19,State_20,61859,Candy,West,PROD-008,Lollipops,Lot's O' Nuts,268.36,234,151.36,117.0
4528,ORD-2023-14528,2023-02-10,2023-02-15,Standard Class,CUST-314,United States,City_5,State_3,13978,Chocolate,Central,PROD-004,Peanut Butter Cups,Sugar Shack,1676.39,308,752.39,924.0
4529,ORD-2023-14529,2023-07-22,2023-07-22,First Class,CUST-996,United States,City_6,State_8,72540,Candy,Central,PROD-002,Gummy Bears,Sugar Shack,783.05,236,499.85,283.2
4530,ORD-2023-14530,2023-05-21,2023-05-21,Same Day,CUST-561,United States,City_24,State_14,13639,Nuts,East,PROD-001,Chocolate Almonds,Lot's O' Nuts,1339.38,300,589.38,750.0
4531,ORD-2023-14531,2023-02-23,2023-02-27,Second Class,CUST-970,United States,City_29,State_7,69394,Candy,East,PROD-008,Lollipops,Wicked Choccy's,537.92,371,352.42,185.5
4532,ORD-2023-14532,2023-02-12,2023-02-20,Standard Class,CUST-105,United States,City_7,State_10,84144,Chocolate,South,PROD-004,Peanut Butter Cups,Wicked Choccy's,3733.57,440,2413.57,1320.0
4533,ORD-2023-14533,2023-10-10,2023-10-18,Standard Class,CUST-985,United States,City_11,State_9,12038,Candy,West,PROD-003,Sour Worms,Secret Factory,1174.24,325,751.74,422.5
4534,ORD-2023-14534,2023-09-26,2023-10-02,Second Class,CUST-966,United States,City_45,State_19,65883,Nuts,East,PROD-001,Chocolate Almonds,Secret Factory,1026.0,205,513.5,512.5
4535,ORD-2023-14535,2023-02-13,2023-02-16,First Class,CUST-449,United States,City_35,State_2,46273,Nuts,West,PROD-007,Cashew Clusters,Lot's O' Nuts,3782.04,496,1798.04,1984.0
4536,ORD-2023-14536,2023-01-17,2023-01-21,Standard Class,CUST-153,United States,City_6,State_11,41774,Candy,East,PROD-008,Lollipops,Lot's O' Nuts,487.59,499,238.09,249.5
4537,ORD-2023-14537,2023-01-30,2023-02-02,Same Day,CUST-593,United States,City_26,State_20,34974,Candy,Central,PROD-002,Gummy Bears,Lot's O' Nuts,1537.91,435,1015.91,522.0
4538,ORD-2023-14538,2023-08-02,2023-08-02,Same Day,CUST-362,United States,City_33,State_11,59286,Candy,South,PROD-005,Jelly Beans,Secret Factory,145.48,35,92.98,52.5
4539,ORD-2023-14539,2023-01-05,2023-01-07,First Class,CUST-283,United States,City_20,State_13,44201,Candy,South,PROD-003,Sour Worms,Sugar Shack,1087.58,438,518.18,569.4
4540,ORD-2023-14540,2023-02-26,2023-02-28,Same Day,CUST-603,United States,City_22,State_9,23879,Nuts,Central,PROD-001,Chocolate Almonds,Secret Factory,2651.71,409,1629.21,1022.5
4541,ORD-2023-14541,2023-02-25,2023-02-26,Same Day,CUST-675,United States,City_36,State_4,60158,Chocolate,South,PROD-009,Caramel Squares,Wicked Choccy's,1949.54,416,784.74,1164.8
4542,ORD-2023-14542,2023-10-18,2023-10-27,Standard Class,CUST-983,United States,City_22,State_12,74239,Nuts,East,PROD-001,Chocolate Almonds,Sugar Shack,1660.72,265,998.22,662.5
4543,ORD-2023-14543,2023-09-09,2023-09-11,Same Day,CUST-970,United States,City_21,State_2,44426,Nuts,West,PROD-001,Chocolate Almonds,The Other Factory,2247.12,387,1279.62,967.5
4544,ORD-2023-14544,2023-05-23,2023-05-26,First Class,CUST-366,United States,City_50,State_5,63006,Candy,East,PROD-005,Jelly Beans,Sugar Shack,1003.19,392,415.19,588.0
4545,ORD-2023-14545,2023-01-23,2023-01-24,First Class,CUST-226,United States,City_15,State_15,97697,Candy,East,PROD-008,Lollipops,Lot's O' Nuts,42.84,43,21.34,21.5
4546,ORD-2023-14546,2023-09-19,2023-09-22,Same Day,CUST-554,United States,City_3,State_10,28740,Chocolate,West,PROD-009,Caramel Squares,Secret Factory,1096.24,139,707.04,389.2
4547,ORD-2023-14547,2023-05-31,2023-06-09,Standard Class,CUST-105,United States,City_29,State_13,96437,Candy,South,PROD-005,Jelly Beans,Lot's O' Nuts,362.64,86,233.64,129.0
4548,ORD-2023-14548,2023-01-23,2023-02-01,Standard Class,CUST-371,United States,City_15,State_14,57179,Chocolate,South,PROD-009,Caramel Squares,Lot's O' Nuts,1476.24,229,835.04,641.2
4549,ORD-2023-14549,2023-11-02,2023-11-08,Second Class,CUST-578,United States,City_26,State_14,23732,Nuts,West,PROD-010,Pistachios,Secret Factory,4378.52,393,2610.02,1768.5
4550,ORD-2023-14550,2023-08-24,2023-08-28,Standard Class,CUST-138,United States,City_2,State_16,66678,Nuts,Central,PROD-001,Chocolate Almonds,Sugar Shack,1670.01,411,642.51,1027.5
4551,ORD-2023-14551,2023-02-26,2023-03-04,First Class,CUST-106,United States,City_1,State_15,72030,Nuts,South,PROD-001,Chocolate Almonds,Lot's O' Nuts,2437.45,373,1504.95,932.5
4552,ORD-2023-14552,2023-07-08,2023-07-11,First Class,CUST-205,United States,City_34,State_14,73333,Chocolate,West,PROD-009,Caramel Squares,Sugar Shack,1192.92,195,646.92,546.0
4553,ORD-2023-14553,2023-09-07,2023-09-12,Same Day,CUST-718,United States,City_47,State_6,33183,Candy,South,PROD-008,Lollipops,Lot's O' Nuts,97.49,77,58.99,38.5
4554,ORD-2023-14554,2023-05-13,2023-05-18,Standard Class,CUST-750,United States,City_38,State_5,24515,Chocolate,Central,PROD-009,Caramel Squares,Wicked Choccy's,488.16,115,166.16,322.0
4555,ORD-2023-14555,2023-07-06,2023-07-11,Second Class,CUST-327,United States,City_13,State_14,70799,Chocolate,South,PROD-006,Dark Chocolate Truffles,Wicked Choccy's,3653.78,328,2013.78,1640.0
4556,ORD-2023-14556,2023-12-18,2023-12-20,Second Class,CUST-707,United States,City_38,State_9,47561,Candy,East,PROD-005,Jelly Beans,Lot's O' Nuts,949.85,404,343.85,606.0
4557,ORD-2023-14557,2023-04-01,2023-04-09,Standard Class,CUST-450,United States,City_49,State_13,26915,Candy,East,PROD-008,Lollipops,Secret Factory,469.72,353,293.22,176.5
4558,ORD-2023-14558,2023-02-19,2023-02-23,Same Day,CUST-672,United States,City_35,State_2,29493,Nuts,West,PROD-001,Chocolate Almonds,The Other Factory,1483.79,390,508.79,975.0
4559,ORD-2023-14559,2023-07-26,2023-08-03,Standard Class,CUST-834,United States,City_4,State_13,41582,Chocolate,East,PROD-006,Dark Chocolate Truffles,Secret Factory,5651.71,457,3366.71,2285.0
4560,ORD-2023-14560,2023-06-22,2023-06-25,First Class,CUST-737,United States,City_7,State_11,26154,Candy,West,PROD-008,Lollipops,Lot's O' Nuts,330.5,326,167.5,163.0
4561,ORD-2023-14561,2023-08-12,2023-08-15,Standard Class,CUST-686,United States,City_26,State_12,81000,Nuts,South,PROD-007,Cashew Clusters,Secret Factory,3146.12,371,1662.12,1484.0
4562,ORD-2023-14562,2023-03-09,2023-03-18,Standard Class,CUST-982,United States,City_25,State_17,73986,Nuts,South,PROD-007,Cashew Clusters,Wicked Choccy's,3336.81,409,1700.81,1636.0
4563,ORD-2023-14563,2023-04-02,2023-04-05,Second Class,CUST-468,United States,City_3,State_18,12571,Chocolate,East,PROD-004,Peanut Butter Cups,Wicked Choccy's,1491.92,177,960.92,531.0
4564,ORD-2023-14564,2023-11-10,2023-11-18,Standard Class,CUST-574,United States,City_14,State_18,75276,Nuts,Central,PROD-007,Cashew Clusters,The Other Factory,2189.05,234,1253.05,936.0
4565,ORD-2023-14565,2023-03-02,2023-03-08,First Class,CUST-152,United States,City_41,State_1,67280,Candy,West,PROD-002,Gummy Bears,The Other Factory,752.66,396,277.46,475.2
4566,ORD-2023-14566,2023-05-04,2023-05-04,First Class,CUST-928,United States,City_37,State_8,13580,Nuts,Central,PROD-007,Cashew Clusters,Sugar Shack,4579.98,446,2795.98,1784.0
4567,ORD-2023-14567,2023-04-26,2023-05-03,Standard Class,CUST-956,United States,City_42,State_14,10171,Nuts,South,PROD-001,Chocolate Almonds,Sugar Shack,2507.26,369,1584.76,922.5
4568,ORD-2023-14568,2023-07-16,2023-07-21,Standard Class,CUST-969,United States,City_44,State_8,71644,Chocolate,South,PROD-009,Caramel Squares,The Other Factory,992.67,151,569.87,422.8
4569,ORD-2023-14569,2023-05-25,2023-06-02,First Class,CUST-152,United States,City_41,State_11,82672,Chocolate,East,PROD-006,Dark Chocolate Truffles,The Other Factory,3517.58,249,2272.58,1245.0
4570,ORD-2023-14570,2023-01-08,2023-01-11,Same Day,CUST-642,United States,City_37,State_1,30946,Chocolate,Central,PROD-004,Peanut Butter Cups,Lot's O' Nuts,495.69,74,273.69,222.0
4571,ORD-2023-14571,2023-02-28,2023-03-01,First Class,CUST-886,United States,City_4,State_11,92651,Candy,Central,PROD-008,Lollipops,Secret Factory,79.85,106,26.85,53.0
4572,ORD-2023-14572,2023-06-18,2023-06-20,Same Day,CUST-655,United States,City_33,State_1,81033,Nuts,Central,PROD-001,Chocolate Almonds,Lot's O' Nuts,900.43,162,495.43,405.0
4573,ORD-2023-14573,2023-01-13,2023-01-17,First Class,CUST-268,United States,City_33,State_11,10349,Candy,South,PROD-005,Jelly Beans,Wicked Choccy's,535.01,205,227.51,307.5
4574,ORD-2023-14574,2023-04-25,2023-04-26,First Class,CUST-810,United States,City_9,State_18,57281,Candy,Central,PROD-008,Lollipops,Wicked Choccy's,79.03,104,27.03,52.0
4575,ORD-2023-14575,2023-03-01,2023-03-05,Standard Class,CUST-358,United States,City_30,State_3,22041,Candy,Central,PROD-002,Gummy Bears,Sugar Shack,253.66,106,126.46,127.2
4576,ORD-2023-14576,2023-01-07,2023-01-09,First Class,CUST-313,United States,City_40,State_4,79546,Candy,South,PROD-008,Lollipops,The Other Factory,385.97,378,196.97,189.0
4577,ORD-2023-14577,2023-02-17,2023-02-17,First Class,CUST-230,United States,City_2,State_1,74567,Candy,East,PROD-005,Jelly Beans,Lot's O' Nuts,1247.58,430,602.58,645.0
4578,ORD-2023-14578,2023-02-04,2023-02-09,First Class,CUST-718,United States,City_14,State_7,30188,Candy,Central,PROD-005,Jelly Beans,Lot's O' Nuts,575.05,179,306.55,268.5
4579,ORD-2023-14579,2023-10-15,2023-10-17,Same Day,CUST-697,United States,City_17,State_15,39638,Candy,West,PROD-008,Lollipops,Secret Factory,428.83,302,277.83,151.0
4580,ORD-2023-14580,2023-10-18,2023-10-26,Standard Class,CUST-478,United States,City_12,State_7,89001,Chocolate,West,PROD-009,Caramel Squares,Secret Factory,2363.62,489,994.42,1369.2
4581,ORD-2023-14581,2023-07-31,2023-08-05,First Class,CUST-146,United States,City_29,State_3,29491,Nuts,East,PROD-001,Chocolate Almonds,Secret Factory,587.52,111,310.02,277.5
4582,ORD-2023-14582,2023-04-16,2023-04-16,Same Day,CUST-730,United States,City_6,State_5,94565,Candy,West,PROD-005,Jelly Beans,Lot's O' Nuts,1336.93,322,853.93,483.0
4583,ORD-2023-14583,2023-08-09,2023-08-17,Second Class,CUST-990,United States,City_13,State_14,48991,Chocolate,East,PROD-006,Dark Chocolate Truffles,The Other Factory,2474.46,209,1429.46,1045.0
4584,ORD-2023-14584,2023-02-13,2023-02-18,Second Class,CUST-856,United States,City_21,State_20,46693,Chocolate,Central,PROD-004,Peanut Butter Cups,Secret Factory,2033.81,346,995.81,1038.0
4585,ORD-2023-14585,2023-01-17,2023-01-22,First Class,CUST-427,United States,City_7,State_10,60000,Chocolate,East,PROD-006,Dark Chocolate Truffles,Secret Factory,4582.86,396,2602.86,1980.0
4586,ORD-2023-14586,2023-07-30,2023-08-04,Same Day,CUST-789,United States,City_49,State_2,26872,Chocolate,South,PROD-004,Peanut Butter Cups,Lot's O' Nuts,2260.62,409,1033.62,1227.0
4587,ORD-2023-14587,2023-04-18,2023-04-25,Second Class,CUST-808,United States,City_34,State_17,92752,Chocolate,Central,PROD-004,Peanut Butter Cups,Lot's O' Nuts,1085.04,133,686.04,399.0
4588,ORD-2023-14588,2023-03-16,2023-03-26,Standard Class,CUST-843,United States,City_46,State_5,74967,Chocolate,South,PROD-004,Peanut Butter Cups,Lot's O' Nuts,813.46,176,285.46,528.0
4589,ORD-2023-14589,2023-06-08,2023-06-15,Standard Class,CUST-659,United States,City_28,State_13,66195,Nuts,East,PROD-001,Chocolate Almonds,Sugar Shack,898.48,135,560.98,337.5
4590,ORD-2023-14590,2023-09-13,2023-09-18,Standard Class,CUST-143,United States,City_48,State_6,70831,Chocolate,South,PROD-009,Caramel Squares,Sugar Shack,1660.77,343,700.37,960.4
4591,ORD-2023-14591,2023-04-14,2023-04-14,Same Day,CUST-465,United States,City_14,State_16,35366,Chocolate,South,PROD-006,Dark Chocolate Truffles,Secret Factory,2491.99,221,1386.99,1105.0
4592,ORD-2023-14592,2023-04-08,2023-04-12,Second Class,CUST-677,United States,City_30,State_1,22237,Chocolate,West,PROD-009,Caramel Squares,Lot's O' Nuts,3598.36,462,2304.76,1293.6
4593,ORD-2023-14593,2023-08-26,2023-09-01,First Class,CUST-803,United States,City_30,State_12,23012,Nuts,West,PROD-010,Pistachios,The Other Factory,1878.86,265,686.36,1192.5
4594,ORD-2023-14594,2023-01-02,2023-01-07,Standard Class,CUST-740,United States,City_42,State_14,34657,Chocolate,West,PROD-009,Caramel Squares,Secret Factory,1886.17,298,1051.77,834.4
4595,ORD-2023-14595,2023-08-05,2023-08-12,Standard Class,CUST-496,United States,City_1,State_1,59597,Nuts,West,PROD-007,Cashew Clusters,Secret Factory,3365.17,288,2213.17,1152.0
4596,ORD-2023-14596,2023-09-07,2023-09-16,Second Class,CUST-844,United States,City_11,State_12,32525,Nuts,East,PROD-007,Cashew Clusters,The Other Factory,1953.61,311,709.61,1244.0
4597,ORD-2023-14597,2023-09-15,2023-09-17,First Class,CUST-659,United States,City_50,State_3,98816,Chocolate,South,PROD-009,Caramel Squares,Sugar Shack,2084.33,485,726.33,1358.0
4598,ORD-2023-14598,2023-11-20,2023-11-28,Second Class,CUST-725,United States,City_40,State_15,89233,Candy,West,PROD-008,Lollipops,The Other Factory,128.8,156,50.8,78.0
4599,ORD-2023-14599,2023-01-22,2023-01-28,Standard Class,CUST-317,United States,City_17,State_18,10574,Candy,West,PROD-008,Lollipops,Lot's O' Nuts,235.03,295,87.53,147.5
4600,ORD-2023-14600,2023-05-12,2023-05-17,First Class,CUST-566,United States,City_36,State_19,15836,Nuts,Central,PROD-010,Pistachios,The Other Factory,4907.83,475,2770.33,2137.5
4601,ORD-2023-14601,2023-05-11,2023-05-18,Second Class,CUST-425,United States,City_35,State_13,70013,Candy,West,PROD-005,Jelly Beans,The Other Factory,953.36,223,618.86,334.5
4602,ORD-2023-14602,2023-02-21,2023-03-01,Second Class,CUST-616,United States,City_45,State_1,65359,Candy,East,PROD-003,Sour Worms,Secret Factory,250.44,120,94.44,156.0
4603,ORD-2023-14603,2023-06-13,2023-06-21,Standard Class,CUST-691,United States,City_31,State_10,39172,Nuts,Central,PROD-007,Cashew Clusters,Secret Factory,4742.79,482,2814.79,1928.0
4604,ORD-2023-14604,2023-12-26,2024-01-02,Standard Class,CUST-277,United States,City_42,State_11,41615,Nuts,South,PROD-001,Chocolate Almonds,The Other Factory,639.47,118,344.47,295.0
4605,ORD-2023-14605,2023-09-27,2023-09-27,Same Day,CUST-394,United States,City_6,State_11,51947,Candy,West,PROD-008,Lollipops,Lot's O' Nuts,314.26,280,174.26,140.0
4606,ORD-2023-14606,2023-11-20,2023-11-28,Second Class,CUST-831,United States,City_5,State_10,31900,Candy,East,PROD-008,Lollipops,The Other Factory,415.69,385,223.19,192.5
4607,ORD-2023-14607,2023-03-12,2023-03-13,Same Day,CUST-716,United States,City_18,State_9,42276,Candy,Central,PROD-002,Gummy Bears,Secret Factory,394.4,148,216.8,177.6
4608,ORD-2023-14608,2023-08-19,2023-08-26,Second Class,CUST-139,United States,City_23,State_20,72599,Chocolate,South,PROD-004,Peanut Butter Cups,Lot's O' Nuts,968.86,125,593.86,375.0
4609,ORD-2023-14609,2023-09-28,2023-10-06,Standard Class,CUST-551,United States,City_34,State_9,62556,Nuts,West,PROD-007,Cashew Clusters,Secret Factory,1839.51,168,1167.51,672.0
4610,ORD-2023-14610,2023-08-15,2023-08-15,First Class,CUST-495,United States,City_9,State_4,88629,Candy,East,PROD-005,Jelly Beans,Lot's O' Nuts,696.01,239,337.51,358.5
4611,ORD-2023-14611,2023-06-25,2023-06-26,Same Day,CUST-451,United States,City_43,State_10,29620,Nuts,Central,PROD-010,Pistachios,Secret Factory,2529.2,333,1030.7,1498.5
4612,ORD-2023-14612,2023-08-21,2023-08-21,Same Day,CUST-686,United States,City_39,State_2,70715,Candy,South,PROD-005,Jelly Beans,Sugar Shack,358.66,99,210.16,148.5
4613,ORD-2023-14613,2023-11-12,2023-11-16,Same Day,CUST-782,United States,City_2,State_4,51213,Candy,South,PROD-003,Sour Worms,Wicked Choccy's,301.2,148,108.8,192.4
4614,ORD-2023-14614,2023-08-13,2023-08-16,Second Class,CUST-338,United States,City_36,State_14,97938,Candy,West,PROD-005,Jelly Beans,Lot's O' Nuts,1632.16,377,1066.66,565.5
4615,ORD-2023-14615,2023-11-12,2023-11-19,Second Class,CUST-954,United States,City_35,State_20,78778,Chocolate,West,PROD-009,Caramel Squares,The Other Factory,598.4,79,377.2,221.2
4616,ORD-2023-14616,2023-11-28,2023-11-28,First Class,CUST-764,United States,City_33,State_14,34473,Nuts,West,PROD-007,Cashew Clusters,Wicked Choccy's,3465.48,461,1621.48,1844.0
4617,ORD-2023-14617,2023-01-31,2023-02-06,Standard Class,CUST-481,United States,City_32,State_9,94072,Nuts,South,PROD-010,Pistachios,Secret Factory,1157.02,126,590.02,567.0
4618,ORD-2023-14618,2023-09-09,2023-09-12,Second Class,CUST-822,United States,City_20,State_19,31093,Chocolate,Central,PROD-009,Caramel Squares,Lot's O' Nuts,2774.68,343,1814.28,960.4
4619,ORD-2023-14619,2023-11-17,2023-11-22,Second Class,CUST-508,United States,City_3,State_2,20112,Nuts,South,PROD-007,Cashew Clusters,Wicked Choccy's,1186.81,197,398.81,788.0
4620,ORD-2023-14620,2023-07-19,2023-07-19,First Class,CUST-699,United States,City_28,State_3,47321,Candy,South,PROD-003,Sour Worms,Secret Factory,1194.11,335,758.61,435.5
4621,ORD-2023-14621,2023-01-25,2023-01-29,Standard Class,CUST-501,United States,City_23,State_19,52346,Nuts,East,PROD-010,Pistachios,Lot's O' Nuts,2352.44,315,934.94,1417.5
4622,ORD-2023-14622,2023-01-20,2023-01-24,Second Class,CUST-631,United States,City_18,State_13,27077,Candy,Central,PROD-005,Jelly Beans,Sugar Shack,91.25,37,35.75,55.5
4623,ORD-2023-14623,2023-11-28,2023-12-03,Standard Class,CUST-831,United States,City_9,State_11,97190,Candy,West,PROD-008,Lollipops,Sugar Shack,151.45,171,65.95,85.5
4624,ORD-2023-14624,2023-01-29,2023-02-03,Second Class,CUST-303,United States,City_11,State_4,63957,Chocolate,South,PROD-009,Caramel Squares,The Other Factory,1974.16,265,1232.16,742.0
4625,ORD-2023-14625,2023-01-24,2023-01-30,Standard Class,CUST-742,United States,City_35,State_13,18614,Nuts,South,PROD-007,Cashew Clusters,Sugar Shack,3413.05,393,1841.05,1572.0
4626,ORD-2023-14626,2023-12-09,2023-12-17,Second Class,CUST-754,United States,City_10,State_12,14394,Candy,East,PROD-002,Gummy Bears,Secret Factory,1075.68,477,503.28,572.4
4627,ORD-2023-14627,2023-03-17,2023-03-20,Second Class,CUST-907,United States,City_17,State_8,50646,Nuts,Central,PROD-001,Chocolate Almonds,Secret Factory,1824.46,244,1214.46,610.0
4628,ORD-2023-14628,2023-03-13,2023-03-14,First Class,CUST-802,United States,City_23,State_2,51927,Nuts,South,PROD-010,Pistachios,Sugar Shack,4626.96,479,2471.46,2155.5
4629,ORD-2023-14629,2023-12-11,2023-12-13,Same Day,CUST-183,United States,City_27,State_1,30573,Chocolate,South,PROD-004,Peanut Butter Cups,Sugar Shack,2529.93,445,1194.93,1335.0
4630,ORD-2023-14630,2023-10-09,2023-10-12,Second Class,CUST-451,United States,City_23,State_20,93796,Chocolate,Central,PROD-009,Caramel Squares,Sugar Shack,2060.25,285,1262.25,798.0
4631,ORD-2023-14631,2023-01-31,2023-02-02,Second Class,CUST-789,United States,City_23,State_11,31450,Chocolate,Central,PROD-009,Caramel Squares,Secret Factory,1035.22,143,634.82,400.4
4632,ORD-2023-14632,2023-02-20,2023-02-24,Standard Class,CUST-380,United States,City_47,State_8,12683,Chocolate,West,PROD-009,Caramel Squares,Wicked Choccy's,1728.96,214,1129.76,599.2
4633,ORD-2023-14633,2023-12-27,2023-12-30,Same Day,CUST-893,United States,City_19,State_8,39871,Chocolate,South,PROD-004,Peanut Butter Cups,Wicked Choccy's,885.72,152,429.72,456.0
4634,ORD-2023-14634,2023-12-14,2023-12-18,First Class,CUST-610,United States,City_45,State_10,17050,Candy,Central,PROD-003,Sour Worms,The Other Factory,722.76,243,406.86,315.9
4635,ORD-2023-14635,2023-05-15,2023-05-17,Second Class,CUST-502,United States,City_47,State_9,91311,Candy,South,PROD-005,Jelly Beans,Secret Factory,1233.48,335,730.98,502.5
4636,ORD-2023-14636,2023-02-22,2023-02-22,First Class,CUST-519,United States,City_29,State_3,12855,Candy,West,PROD-008,Lollipops,Wicked Choccy's,401.2,298,252.2,149.0
4637,ORD-2023-14637,2023-05-30,2023-06-02,First Class,CUST-269,United States,City_38,State_19,42457,Nuts,South,PROD-001,Chocolate Almonds,The Other Factory,593.0,98,348.0,245.0
4638,ORD-2023-14638,2023-03-04,2023-03-07,Second Class,CUST-533,United States,City_23,State_17,55698,Candy,Central,PROD-002,Gummy Bears,Secret Factory,202.87,75,112.87,90.0
4639,ORD-2023-14639,2023-05-26,2023-05-31,Second Class,CUST-101,United States,City_22,State_12,71547,Nuts,East,PROD-010,Pistachios,Secret Factory,2944.66,274,1711.66,1233.0
4640,ORD-2023-14640,2023-09-28,2023-10-02,First Class,CUST-370,United States,City_44,State_12,59663,Nuts,East,PROD-010,Pistachios,The Other Factory,3319.69,390,1564.69,1755.0
4641,ORD-2023-14641,2023-05-27,2023-06-01,Second Class,CUST-381,United States,City_4,State_15,13516,Chocolate,West,PROD-006,Dark Chocolate Truffles,Lot's O' Nuts,1640.85,114,1070.85,570.0
4642,ORD-2023-14642,2023-02-06,2023-02-13,Second Class,CUST-705,United States,City_22,State_20,94995,Chocolate,South,PROD-009,Caramel Squares,Lot's O' Nuts,3575.34,491,2200.54,1374.8
4643,ORD-2023-14643,2023-10-04,2023-10-05,Same Day,CUST-375,United States,City_21,State_20,12693,Candy,Central,PROD-005,Jelly Beans,Wicked Choccy's,1576.99,393,987.49,589.5
4644,ORD-2023-14644,2023-09-25,2023-09-30,Second Class,CUST-203,United States,City_5,State_6,61570,Candy,East,PROD-008,Lollipops,Wicked Choccy's,74.86,93,28.36,46.5
4645,ORD-2023-14645,2023-06-13,2023-06-20,Standard Class,CUST-607,United States,City_36,State_17,86496,Candy,East,PROD-005,Jelly Beans,Wicked Choccy's,400.55,141,189.05,211.5
4646,ORD-2023-14646,2023-09-07,2023-09-13,Standard Class,CUST-128,United States,City_29,State_1,91489,Chocolate,South,PROD-004,Peanut Butter Cups,Secret Factory,240.42,39,123.42,117.0
4647,ORD-2023-14647,2023-07-17,2023-07-23,Second Class,CUST-554,United States,City_26,State_6,43471,Chocolate,South,PROD-006,Dark Chocolate Truffles,Lot's O' Nuts,3213.71,352,1453.71,1760.0
4648,ORD-2023-14648,2023-08-20,2023-08-23,First Class,CUST-887,United States,City_32,State_20,78848,Chocolate,South,PROD-004,Peanut Butter Cups,Wicked Choccy's,397.31,88,133.31,264.0
4649,ORD-2023-14649,2023-09-04,2023-09-08,Standard Class,CUST-910,United States,City_48,State_8,67793,Nuts,South,PROD-001,Chocolate Almonds,Sugar Shack,1653.94,272,973.94,680.0
4650,ORD-2023-14650,2023-12-06,2023-12-07,Same Day,CUST-767,United States,City_13,State_20,87190,Nuts,South,PROD-010,Pistachios,The Other Factory,1397.44,178,596.44,801.0
4651,ORD-2023-14651,2023-10-17,2023-10-19,Same Day,CUST-631,United States,City_20,State_12,46321,Nuts,West,PROD-010,Pistachios,Secret Factory,3158.52,422,1259.52,1899.0
4652,ORD-2023-14652,2023-08-20,2023-08-23,First Class,CUST-257,United States,City_34,State_6,62398,Candy,West,PROD-005,Jelly Beans,Lot's O' Nuts,1603.44,377,1037.94,565.5
4653,ORD-2023-14653,2023-08-03,2023-08-14,Standard Class,CUST-207,United States,City_21,State_20,85666,Candy,East,PROD-003,Sour Worms,The Other Factory,1574.53,421,1027.23,547.3
4654,ORD-2023-14654,2023-08-17,2023-08-21,First Class,CUST-951,United States,City_48,State_16,22957,Chocolate,South,PROD-006,Dark Chocolate Truffles,Wicked Choccy's,6024.2,446,3794.2,2230.0
4655,ORD-2023-14655,2023-04-15,2023-04-20,Second Class,CUST-556,United States,City_37,State_8,19336,Chocolate,West,PROD-006,Dark Chocolate Truffles,Sugar Shack,681.73,46,451.73,230.0
4656,ORD-2023-14656,2023-07-16,2023-07-20,First Class,CUST-951,United States,City_28,State_4,70921,Chocolate,South,PROD-004,Peanut Butter Cups,Sugar Shack,2201.6,460,821.6,1380.0
4657,ORD-2023-14657,2023-02-27,2023-03-04,Second Class,CUST-120,United States,City_3,State_6,75367,Nuts,East,PROD-007,Cashew Clusters,Sugar Shack,2571.39,420,891.39,1680.0
4658,ORD-2023-14658,2023-09-25,2023-09-26,First Class,CUST-989,United States,City_30,State_2,10655,Chocolate,Central,PROD-009,Caramel Squares,Secret Factory,2839.54,353,1851.14,988.4
4659,ORD-2023-14659,2023-04-27,2023-04-29,First Class,CUST-154,United States,City_42,State_14,35333,Chocolate,West,PROD-006,Dark Chocolate Truffles,Lot's O' Nuts,3870.85,272,2510.85,1360.0
4660,ORD-2023-14660,2023-04-21,2023-04-27,First Class,CUST-492,United States,City_39,State_7,32361,Candy,East,PROD-002,Gummy Bears,The Other Factory,1249.41,464,692.61,556.8
4661,ORD-2023-14661,2023-05-27,2023-05-31,Same Day,CUST-494,United States,City_50,State_6,33460,Chocolate,West,PROD-009,Caramel Squares,Secret Factory,2747.23,355,1753.23,994.0
4662,ORD-2023-14662,2023-04-10,2023-04-12,First Class,CUST-456,United States,City_11,State_9,37054,Nuts,South,PROD-007,Cashew Clusters,The Other Factory,355.31,55,135.31,220.0
4663,ORD-2023-14663,2023-08-16,2023-08-23,Standard Class,CUST-297,United States,City_47,State_4,50695,Chocolate,West,PROD-009,Caramel Squares,Secret Factory,1068.93,176,576.13,492.8
4664,ORD-2023-14664,2023-10-31,2023-11-04,Standard Class,CUST-775,United States,City_18,State_11,98936,Candy,Central,PROD-005,Jelly Beans,Sugar Shack,1305.95,371,749.45,556.5
4665,ORD-2023-14665,2023-12-09,2023-12-13,First Class,CUST-106,United States,City_37,State_5,74639,Nuts,West,PROD-010,Pistachios,Secret Factory,1184.45,113,675.95,508.5
4666,ORD-2023-14666,2023-04-28,2023-04-30,Same Day,CUST-640,United States,City_22,State_1,94811,Candy,Central,PROD-008,Lollipops,Lot's O' Nuts,429.49,350,254.49,175.0
4667,ORD-2023-14667,2023-10-05,2023-10-12,Standard Class,CUST-761,United States,City_8,State_1,35099,Candy,Central,PROD-008,Lollipops,Lot's O' Nuts,90.08,89,45.58,44.5
4668,ORD-2023-14668,2023-03-08,2023-03-11,Same Day,CUST-692,United States,City_7,State_9,46414,Candy,South,PROD-002,Gummy Bears,The Other Factory,50.51,19,27.71,22.8
4669,ORD-2023-14669,2023-11-14,2023-11-18,Standard Class,CUST-845,United States,City_30,State_13,11252,Chocolate,South,PROD-006,Dark Chocolate Truffles,Secret Factory,2952.84,218,1862.84,1090.0
4670,ORD-2023-14670,2023-05-01,2023-05-05,First Class,CUST-887,United States,City_6,State_1,34296,Candy,East,PROD-002,Gummy Bears,Sugar Shack,535.01,149,356.21,178.8
4671,ORD-2023-14671,2023-07-13,2023-07-13,Same Day,CUST-479,United States,City_27,State_13,57546,Nuts,Central,PROD-007,Cashew Clusters,Sugar Shack,2855.97,365,1395.97,1460.0
4672,ORD-2023-14672,2023-09-03,2023-09-03,Same Day,CUST-160,United States,City_22,State_1,66783,Candy,West,PROD-008,Lollipops,Wicked Choccy's,133.28,164,51.28,82.0
4673,ORD-2023-14673,2023-05-04,2023-05-10,Second Class,CUST-902,United States,City_20,State_14,34355,Chocolate,East,PROD-009,Caramel Squares,Sugar Shack,593.48,134,218.28,375.2
4674,ORD-2023-14674,2023-08-03,2023-08-08,Standard Class,CUST-484,United States,City_22,State_8,70667,Candy,South,PROD-002,Gummy Bears,Sugar Shack,865.41,438,339.81,525.6
4675,ORD-2023-14675,2023-06-01,2023-06-07,Second Class,CUST-100,United States,City_32,State_17,19214,Chocolate,Central,PROD-004,Peanut Butter Cups,Lot's O' Nuts,652.76,94,370.76,282.0
4676,ORD-2023-14676,2023-10-22,2023-10-26,Standard Class,CUST-214,United States,City_23,State_2,72783,Nuts,West,PROD-007,Cashew Clusters,Wicked Choccy's,4166.24,421,2482.24,1684.0
4677,ORD-2023-14677,2023-03-04,2023-03-09,Same Day,CUST-325,United States,City_28,State_15,17560,Candy,South,PROD-002,Gummy Bears,Lot's O' Nuts,614.94,213,359.34,255.6
4678,ORD-2023-14678,2023-03-02,2023-03-10,First Class,CUST-960,United States,City_37,State_16,68073,Chocolate,East,PROD-006,Dark Chocolate Truffles,The Other Factory,777.51,71,422.51,355.0
4679,ORD-2023-14679,2023-11-01,2023-11-09,Standard Class,CUST-522,United States,City_29,State_2,84411,Nuts,West,PROD-010,Pistachios,Secret Factory,4060.4,304,2692.4,1368.0
4680,ORD-2023-14680,2023-05-19,2023-05-23,Same Day,CUST-170,United States,City_10,State_5,89309,Nuts,East,PROD-010,Pistachios,Secret Factory,3115.54,325,1653.04,1462.5
4681,ORD-2023-14681,2023-10-05,2023-10-06,Same Day,CUST-580,United States,City_29,State_19,80668,Chocolate,East,PROD-009,Caramel Squares,Wicked Choccy's,1508.66,274,741.46,767.2
4682,ORD-2023-14682,2023-04-21,2023-04-25,First Class,CUST-512,United States,City_34,State_13,80502,Chocolate,West,PROD-009,Caramel Squares,The Other Factory,1375.99,243,695.59,680.4
4683,ORD-2023-14683,2023-09-15,2023-09-20,First Class,CUST-339,United States,City_1,State_2,84695,Nuts,South,PROD-007,Cashew Clusters,Wicked Choccy's,1221.45,105,801.45,420.0
4684,ORD-2023-14684,2023-09-07,2023-09-10,First Class,CUST-463,United States,City_2,State_4,35480,Candy,Central,PROD-008,Lollipops,Lot's O' Nuts,425.88,426,212.88,213.0
4685,ORD-2023-14685,2023-12-03,2023-12-04,Second Class,CUST-435,United States,City_25,State_15,78404,Chocolate,South,PROD-004,Peanut Butter Cups,Secret Factory,258.95,54,96.95,162.0
4686,ORD-2023-14686,2023-10-01,2023-10-07,Second Class,CUST-870,United States,City_26,State_10,89839,Candy,East,PROD-002,Gummy Bears,Sugar Shack,361.06,103,237.46,123.6
4687,ORD-2023-14687,2023-08-04,2023-08-11,Standard Class,CUST-681,United States,City_18,State_6,97020,Candy,South,PROD-002,Gummy Bears,Wicked Choccy's,990.56,415,492.56,498.0
4688,ORD-2023-14688,2023-11-24,2023-11-26,Same Day,CUST-651,United States,City_6,State_8,25487,Chocolate,Central,PROD-004,Peanut Butter Cups,Lot's O' Nuts,859.47,130,469.47,390.0
4689,ORD-2023-14689,2023-09-20,2023-09-26,Standard Class,CUST-347,United States,City_25,State_19,13071,Nuts,Central,PROD-010,Pistachios,Lot's O' Nuts,2770.76,382,1051.76,1719.0
4690,ORD-2023-14690,2023-06-05,2023-06-11,Standard Class,CUST-388,United States,City_39,State_9,17862,Nuts,South,PROD-001,Chocolate Almonds,Sugar Shack,1501.78,231,924.28,577.5
4691,ORD-2023-14691,2023-02-20,2023-02-26,First Class,CUST-731,United States,City_17,State_5,74816,Chocolate,East,PROD-006,Dark Chocolate Truffles,The Other Factory,4212.2,319,2617.2,1595.0
4692,ORD-2023-14692,2023-11-15,2023-11-26,Standard Class,CUST-908,United States,City_35,State_20,17123,Chocolate,East,PROD-009,Caramel Squares,The Other Factory,1759.6,361,748.8,1010.8
4693,ORD-2023-14693,2023-11-24,2023-12-01,Standard Class,CUST-635,United States,City_5,State_10,50409,Nuts,South,PROD-001,Chocolate Almonds,The Other Factory,1548.27,226,983.27,565.0
4694,ORD-2023-14694,2023-02-19,2023-02-19,Same Day,CUST-577,United States,City_44,State_5,89864,Candy,South,PROD-002,Gummy Bears,Secret Factory,164.82,62,90.42,74.4
4695,ORD-2023-14695,2023-08-29,2023-08-30,Same Day,CUST-130,United States,City_22,State_17,55172,Candy,East,PROD-005,Jelly Beans,Wicked Choccy's,122.62,35,70.12,52.5
4696,ORD-2023-14696,2023-05-11,2023-05-17,Standard Class,CUST-596,United States,City_46,State_19,52244,Chocolate,Central,PROD-009,Caramel Squares,Wicked Choccy's,2276.56,329,1355.36,921.2
4697,ORD-2023-14697,2023-01-18,2023-01-25,Standard Class,CUST-185,United States,City_24,State_3,78147,Candy,Central,PROD-008,Lollipops,Wicked Choccy's,101.64,128,37.64,64.0
4698,ORD-2023-14698,2023-10-29,2023-11-04,First Class,CUST-282,United States,City_50,State_5,99949,Nuts,South,PROD-007,Cashew Clusters,Lot's O' Nuts,2847.68,295,1667.68,1180.0
4699,ORD-2023-14699,2023-08-03,2023-08-06,Same Day,CUST-202,United States,City_40,State_9,87305,Candy,Central,PROD-005,Jelly Beans,The Other Factory,536.77,145,319.27,217.5
4700,ORD-2023-14700,2023-07-05,2023-07-12,Second Class,CUST-138,United States,City_6,State_1,27863,Chocolate,West,PROD-006,Dark Chocolate Truffles,The Other Factory,575.67,48,335.67,240.0
4701,ORD-2023-14701,2023-11-15,2023-11-15,First Class,CUST-248,United States,City_29,State_16,72059,Nuts,West,PROD-007,Cashew Clusters,Wicked Choccy's,2973.07,437,1225.07,1748.0
4702,ORD-2023-14702,2023-12-14,2023-12-16,First Class,CUST-276,United States,City_16,State_20,96339,Nuts,Central,PROD-001,Chocolate Almonds,The Other Factory,501.48,94,266.48,235.0
4703,ORD-2023-14703,2023-12-22,2023-12-25,Second Class,CUST-906,United States,City_12,State_3,41593,Chocolate,Central,PROD-006,Dark Chocolate Truffles,Sugar Shack,1431.92,152,671.92,760.0
4704,ORD-2023-14704,2023-06-10,2023-06-15,Standard Class,CUST-588,United States,City_26,State_20,46236,Chocolate,East,PROD-009,Caramel Squares,Lot's O' Nuts,2660.59,341,1705.79,954.8
4705,ORD-2023-14705,2023-11-15,2023-11-21,Second Class,CUST-471,United States,City_24,State_8,30590,Candy,East,PROD-002,Gummy Bears,Sugar Shack,917.01,289,570.21,346.8
4706,ORD-2023-14706,2023-09-16,2023-09-22,Standard Class,CUST-606,United States,City_16,State_4,70666,Chocolate,Central,PROD-004,Peanut Butter Cups,Secret Factory,2177.33,398,983.33,1194.0
4707,ORD-2023-14707,2023-12-15,2023-12-20,Second Class,CUST-385,United States,City_16,State_9,28972,Chocolate,Central,PROD-006,Dark Chocolate Truffles,Wicked Choccy's,3450.58,377,1565.58,1885.0
4708,ORD-2023-14708,2023-10-22,2023-10-23,Same Day,CUST-547,United States,City_11,State_18,10850,Candy,Central,PROD-002,Gummy Bears,Wicked Choccy's,1193.8,463,638.2,555.6
4709,ORD-2023-14709,2023-01-10,2023-01-11,First Class,CUST-365,United States,City_45,State_11,52738,Candy,West,PROD-008,Lollipops,Wicked Choccy's,17.04,16,9.04,8.0
4710,ORD-2023-14710,2023-11-10,2023-11-15,Second Class,CUST-587,United States,City_44,State_18,30871,Chocolate,Central,PROD-009,Caramel Squares,Lot's O' Nuts,2529.89,466,1225.09,1304.8
4711,ORD-2023-14711,2023-06-27,2023-06-30,First Class,CUST-284,United States,City_37,State_7,69219,Chocolate,West,PROD-009,Caramel Squares,Secret Factory,1676.09,277,900.49,775.6
4712,ORD-2023-14712,2023-09-17,2023-09-21,First Class,CUST-322,United States,City_25,State_1,78626,Nuts,West,PROD-001,Chocolate Almonds,Secret Factory,2726.73,497,1484.23,1242.5
4713,ORD-2023-14713,2023-12-13,2023-12-16,Second Class,CUST-873,United States,City_13,State_3,63578,Nuts,Central,PROD-001,Chocolate Almonds,Sugar Shack,420.1,79,222.6,197.5
4714,ORD-2023-14714,2023-02-13,2023-02-21,Standard Class,CUST-238,United States,City_41,State_15,13205,Candy,East,PROD-008,Lollipops,Sugar Shack,178.8,199,79.3,99.5
4715,ORD-2023-14715,2023-08-16,2023-08-20,First Class,CUST-875,United States,City_25,State_18,76758,Chocolate,East,PROD-004,Peanut Butter Cups,Sugar Shack,2200.13,254,1438.13,762.0
4716,ORD-2023-14716,2023-05-02,2023-05-09,Standard Class,CUST-701,United States,City_35,State_16,11035,Nuts,South,PROD-007,Cashew Clusters,Wicked Choccy's,2802.52,235,1862.52,940.0
4717,ORD-2023-14717,2023-09-17,2023-09-25,Second Class,CUST-697,United States,City_36,State_3,33047,Chocolate,Central,PROD-009,Caramel Squares,Lot's O' Nuts,672.51,104,381.31,291.2
4718,ORD-2023-14718,2023-08-20,2023-08-25,First Class,CUST-965,United States,City_13,State_16,60976,Candy,South,PROD-003,Sour Worms,Wicked Choccy's,1233.74,362,763.14,470.6
4719,ORD-2023-14719,2023-03-23,2023-03-28,Standard Class,CUST-492,United States,City_10,State_6,30079,Candy,Central,PROD-005,Jelly Beans,Sugar Shack,985.81,330,490.81,495.0
4720,ORD-2023-14720,2023-07-28,2023-08-02,First Class,CUST-375,United States,City_9,State_19,84157,Nuts,West,PROD-001,Chocolate Almonds,The Other Factory,2049.49,435,961.99,1087.5
4721,ORD-2023-14721,2023-08-18,2023-08-25,Standard Class,CUST-485,United States,City_3,State_14,84750,Nuts,West,PROD-007,Cashew Clusters,Lot's O' Nuts,448.99,48,256.99,192.0
4722,ORD-2023-14722,2023-02-08,2023-02-11,First Class,CUST-773,United States,City_34,State_7,77986,Nuts,Central,PROD-010,Pistachios,Wicked Choccy's,368.77,28,242.77,126.0
4723,ORD-2023-14723,2023-07-15,2023-07-24,Standard Class,CUST-628,United States,City_47,State_13,11928,Candy,West,PROD-003,Sour Worms,The Other Factory,323.4,84,214.2,109.2
4724,ORD-2023-14724,2023-12-25,2023-12-28,First Class,CUST-208,United States,City_49,State_2,42173,Candy,South,PROD-005,Jelly Beans,Wicked Choccy's,1062.19,263,667.69,394.5
4725,ORD-2023-14725,2023-07-12,2023-07-14,First Class,CUST-766,United States,City_49,State_14,33095,Nuts,East,PROD-007,Cashew Clusters,Wicked Choccy's,2527.47,316,1263.47,1264.0
4726,ORD-2023-14726,2023-02-07,2023-02-09,First Class,CUST-272,United States,City_36,State_17,81604,Chocolate,South,PROD-006,Dark Chocolate Truffles,Lot's O' Nuts,737.66,81,332.66,405.0
4727,ORD-2023-14727,2023-01-16,2023-01-22,Same Day,CUST-103,United States,City_30,State_4,47007,Nuts,East,PROD-010,Pistachios,The Other Factory,2005.21,278,754.21,1251.0
4728,ORD-2023-14728,2023-01-14,2023-01-14,Same Day,CUST-523,United States,City_33,State_1,76531,Nuts,West,PROD-010,Pistachios,Wicked Choccy's,1621.99,135,1014.49,607.5
4729,ORD-2023-14729,2023-05-20,2023-05-25,First Class,CUST-599,United States,City_9,State_4,36005,Chocolate,Central,PROD-006,Dark Chocolate Truffles,The Other Factory,1581.45,117,996.45,585.0
4730,ORD-2023-14730,2023-08-02,2023-08-02,Same Day,CUST-900,United States,City_15,State_3,86983,Candy,South,PROD-003,Sour Worms,Secret Factory,428.9,118,275.5,153.4
4731,ORD-2023-14731,2023-04-30,2023-05-05,First Class,CUST-815,United States,City_16,State_2,87499,Candy,East,PROD-002,Gummy Bears,The Other Factory,926.28,272,599.88,326.4
4732,ORD-2023-14732,2023-07-12,2023-07-14,First Class,CUST-367,United States,City_12,State_4,82787,Candy,South,PROD-008,Lollipops,The Other Factory,350.06,272,214.06,136.0
4733,ORD-2023-14733,2023-09-27,2023-10-06,Standard Class,CUST-385,United States,City_30,State_6,88431,Candy,East,PROD-002,Gummy Bears,The Other Factory,1396.1,444,863.3,532.8
4734,ORD-2023-14734,2023-03-23,2023-03-29,Standard Class,CUST-808,United States,City_29,State_10,60809,Candy,East,PROD-002,Gummy Bears,Wicked Choccy's,505.55,207,257.15,248.4
4735,ORD-2023-14735,2023-12-18,2023-12-22,Second Class,CUST-173,United States,City_32,State_17,24853,Nuts,East,PROD-001,Chocolate Almonds,Wicked Choccy's,489.8,118,194.8,295.0
4736,ORD-2023-14736,2023-12-27,2024-01-02,Second Class,CUST-605,United States,City_21,State_17,81361,Candy,Central,PROD-008,Lollipops,Lot's O' Nuts,189.2,135,121.7,67.5
4737,ORD-2023-14737,2023-11-09,2023-11-09,First Class,CUST-524,United States,City_14,State_1,44303,Chocolate,East,PROD-009,Caramel Squares,Lot's O' Nuts,2082.66,425,892.66,1190.0
4738,ORD-2023-14738,2023-08-21,2023-08-25,Second Class,CUST-191,United States,City_36,State_19,23490,Candy,Central,PROD-002,Gummy Bears,Secret Factory,320.94,95,206.94,114.0
4739,ORD-2023-14739,2023-02-19,2023-02-23,Second Class,CUST-945,United States,City_5,State_15,88900,Nuts,Central,PROD-001,Chocolate Almonds,The Other Factory,1907.82,488,687.82,1220.0
4740,ORD-2023-14740,2023-07-23,2023-07-29,Second Class,CUST-259,United States,City_13,State_18,95503,Candy,East,PROD-003,Sour Worms,Sugar Shack,1449.44,454,859.24,590.2
4741,ORD-2023-14741,2023-01-17,2023-01-19,Same Day,CUST-679,United States,City_42,State_18,21923,Nuts,West,PROD-001,Chocolate Almonds,Lot's O' Nuts,386.21,100,136.21,250.0
4742,ORD-2023-14742,2023-05-22,2023-05-30,Standard Class,CUST-184,United States,City_46,State_8,62819,Nuts,East,PROD-010,Pistachios,Sugar Shack,2269.05,208,1333.05,936.0
4743,ORD-2023-14743,2023-09-09,2023-09-12,Second Class,CUST-860,United States,City_19,State_12,16365,Nuts,South,PROD-001,Chocolate Almonds,Secret Factory,349.76,90,124.76,225.0
4744,ORD-2023-14744,2023-04-15,2023-04-21,Same Day,CUST-459,United States,City_15,State_8,37106,Nuts,East,PROD-010,Pistachios,The Other Factory,4129.15,363,2495.65,1633.5
4745,ORD-2023-14745,2023-12-30,2023-12-31,Same Day,CUST-433,United States,City_5,State_2,50934,Chocolate,East,PROD-006,Dark Chocolate Truffles,Lot's O' Nuts,1119.21,105,594.21,525.0
4746,ORD-2023-14746,2023-09-06,2023-09-12,Standard Class,CUST-471,United States,City_43,State_3,54292,Nuts,South,PROD-010,Pistachios,Sugar Shack,943.6,135,336.1,607.5
4747,ORD-2023-14747,2023-01-16,2023-01-19,Second Class,CUST-307,United States,City_4,State_19,29638,Candy,West,PROD-002,Gummy Bears,Wicked Choccy's,783.88,312,409.48,374.4
4748,ORD-2023-14748,2023-02-17,2023-02-21,First Class,CUST-446,United States,City_37,State_14,64378,Candy,South,PROD-005,Jelly Beans,Lot's O' Nuts,1392.91,336,888.91,504.0
4749,ORD-2023-14749,2023-04-24,2023-04-28,Standard Class,CUST-776,United States,City_34,State_12,72982,Chocolate,West,PROD-006,Dark Chocolate Truffles,Wicked Choccy's,4328.12,417,2243.12,2085.0
4750,ORD-2023-14750,2023-10-29,2023-11-03,Standard Class,CUST-119,United States,City_45,State_1,13626,Candy,West,PROD-005,Jelly Beans,Wicked Choccy's,729.3,173,469.8,259.5
4751,ORD-2023-14751,2023-03-14,2023-03-18,Same Day,CUST-469,United States,City_3,State_3,50642,Chocolate,East,PROD-009,Caramel Squares,Sugar Shack,2076.53,359,1071.33,1005.2
4752,ORD-2023-14752,2023-05-18,2023-05-27,Standard Class,CUST-950,United States,City_2,State_8,85700,Nuts,West,PROD-007,Cashew Clusters,The Other Factory,1717.03,210,877.03,840.0
4753,ORD-2023-14753,2023-07-18,2023-07-18,First Class,CUST-758,United States,City_11,State_2,22803,Candy,Central,PROD-005,Jelly Beans,Sugar Shack,1764.68,450,1089.68,675.0
4754,ORD-2023-14754,2023-04-20,2023-04-22,Second Class,CUST-484,United States,City_23,State_4,88649,Chocolate,East,PROD-009,Caramel Squares,Lot's O' Nuts,404.08,96,135.28,268.8
4755,ORD-2023-14755,2023-01-09,2023-01-14,Same Day,CUST-972,United States,City_32,State_12,14239,Chocolate,East,PROD-009,Caramel Squares,The Other Factory,2952.1,441,1717.3,1234.8
4756,ORD-2023-14756,2023-07-19,2023-07-25,Second Class,CUST-584,United States,City_41,State_12,12739,Candy,East,PROD-008,Lollipops,Sugar Shack,609.63,427,396.13,213.5
4757,ORD-2023-14757,2023-11-28,2023-12-01,Same Day,CUST-789,United States,City_41,State_17,92220,Candy,East,PROD-005,Jelly Beans,Secret Factory,340.27,91,203.77,136.5
4758,ORD-2023-14758,2023-08-06,2023-08-11,First Class,CUST-991,United States,City_41,State_18,93752,Candy,South,PROD-005,Jelly Beans,Wicked Choccy's,1205.4,285,777.9,427.5
4759,ORD-2023-14759,2023-01-02,2023-01-05,Second Class,CUST-669,United States,City_32,State_3,13915,Candy,East,PROD-008,Lollipops,Wicked Choccy's,195.14,141,124.64,70.5
4760,ORD-2023-14760,2023-05-26,2023-05-31,Second Class,CUST-402,United States,City_6,State_9,48203,Chocolate,Central,PROD-004,Peanut Butter Cups,Secret Factory,1604.42,259,827.42,777.0
4761,ORD-2023-14761,2023-06-01,2023-06-04,Same Day,CUST-984,United States,City_19,State_12,86083,Candy,East,PROD-003,Sour Worms,Secret Factory,432.23,182,195.63,236.6
4762,ORD-2023-14762,2023-01-26,2023-02-03,Standard Class,CUST-118,United States,City_28,State_19,55887,Chocolate,East,PROD-006,Dark Chocolate Truffles,Sugar Shack,1025.72,84,605.72,420.0
4763,ORD-2023-14763,2023-08-06,2023-08-10,First Class,CUST-238,United States,City_29,State_5,87791,Candy,West,PROD-005,Jelly Beans,Secret Factory,2053.52,476,1339.52,714.0
4764,ORD-2023-14764,2023-01-20,2023-01-28,Standard Class,CUST-125,United States,City_37,State_17,30904,Candy,South,PROD-005,Jelly Beans,Wicked Choccy's,1998.22,498,1251.22,747.0
4765,ORD-2023-14765,2023-05-16,2023-05-23,Standard Class,CUST-404,United States,City_29,State_2,29774,Candy,East,PROD-005,Jelly Beans,Sugar Shack,1200.64,373,641.14,559.5
4766,ORD-2023-14766,2023-06-01,2023-06-05,Same Day,CUST-903,United States,City_28,State_1,31942,Chocolate,East,PROD-004,Peanut Butter Cups,Secret Factory,449.83,67,248.83,201.0
4767,ORD-2023-14767,2023-06-15,2023-06-16,First Class,CUST-776,United States,City_43,State_3,34668,Candy,West,PROD-003,Sour Worms,Sugar Shack,1770.74,474,1154.54,616.2
4768,ORD-2023-14768,2023-04-06,2023-04-10,Same Day,CUST-689,United States,City_23,State_10,19078,Candy,South,PROD-005,Jelly Beans,Lot's O' Nuts,365.24,105,207.74,157.5
4769,ORD-2023-14769,2023-02-19,2023-02-25,Standard Class,CUST-559,United States,City_40,State_2,56005,Candy,Central,PROD-008,Lollipops,Sugar Shack,194.58,208,90.58,104.0
4770,ORD-2023-14770,2023-08-17,2023-08-24,Standard Class,CUST-316,United States,City_49,State_20,63228,Chocolate,West,PROD-009,Caramel Squares,Sugar Shack,718.36,106,421.56,296.8
4771,ORD-2023-14771,2023-10-27,2023-10-30,Second Class,CUST-462,United States,City_28,State_4,27906,Nuts,East,PROD-010,Pistachios,Lot's O' Nuts,2519.7,226,1502.7,1017.0
4772,ORD-2023-14772,2023-05-23,2023-05-23,Same Day,CUST-591,United States,City_25,State_9,70756,Nuts,Central,PROD-001,Chocolate Almonds,Secret Factory,2002.25,379,1054.75,947.5
4773,ORD-2023-14773,2023-06-19,2023-06-24,Second Class,CUST-367,United States,City_23,State_2,99194,Chocolate,South,PROD-009,Caramel Squares,Sugar Shack,2068.23,470,752.23,1316.0
4774,ORD-2023-14774,2023-07-02,2023-07-06,Second Class,CUST-694,United States,City_38,State_6,77455,Candy,West,PROD-002,Gummy Bears,Sugar Shack,843.87,249,545.07,298.8
4775,ORD-2023-14775,2023-09-24,2023-09-24,Second Class,CUST-883,United States,City_7,State_9,41249,Nuts,East,PROD-007,Cashew Clusters,Lot's O' Nuts,1817.57,186,1073.57,744.0
4776,ORD-2023-14776,2023-03-14,2023-03-17,First Class,CUST-788,United States,City_47,State_18,63661,Chocolate,Central,PROD-009,Caramel Squares,Wicked Choccy's,78.51,15,36.51,42.0
4777,ORD-2023-14777,2023-10-16,2023-10-26,Standard Class,CUST-136,United States,City_50,State_12,34336,Chocolate,East,PROD-006,Dark Chocolate Truffles,The Other Factory,5771.78,415,3696.78,2075.0
4778,ORD-2023-14778,2023-04-10,2023-04-13,First Class,CUST-600,United States,City_15,State_1,97915,Chocolate,East,PROD-009,Caramel Squares,Wicked Choccy's,140.71,17,93.11,47.6
4779,ORD-2023-14779,2023-10-15,2023-10-18,Second Class,CUST-119,United States,City_7,State_14,93538,Chocolate,East,PROD-009,Caramel Squares,Wicked Choccy's,3021.29,471,1702.49,1318.8
4780,ORD-2023-14780,2023-12-23,2023-12-23,Second Class,CUST-695,United States,City_42,State_4,12277,Candy,South,PROD-008,Lollipops,Secret Factory,507.97,362,326.97,181.0
4781,ORD-2023-14781,2023-10-24,2023-11-02,Standard Class,CUST-462,United States,City_32,State_10,50178,Chocolate,South,PROD-006,Dark Chocolate Truffles,Lot's O' Nuts,1894.06,244,674.06,1220.0
4782,ORD-2023-14782,2023-10-30,2023-11-02,Same Day,CUST-219,United States,City_20,State_8,76825,Chocolate,East,PROD-006,Dark Chocolate Truffles,Sugar Shack,7351.87,493,4886.87,2465.0
4783,ORD-2023-14783,2023-10-10,2023-10-11,Second Class,CUST-219,United States,City_50,State_11,58845,Candy,South,PROD-008,Lollipops,Secret Factory,331.84,339,162.34,169.5
4784,ORD-2023-14784,2023-11-03,2023-11-03,First Class,CUST-267,United States,City_37,State_13,33600,Nuts,South,PROD-007,Cashew Clusters,Secret Factory,4192.56,478,2280.56,1912.0
4785,ORD-2023-14785,2023-04-22,2023-04-24,Same Day,CUST-333,United States,City_32,State_2,34989,Nuts,West,PROD-007,Cashew Clusters,Wicked Choccy's,1119.08,95,739.08,380.0
4786,ORD-2023-14786,2023-07-29,2023-07-29,First Class,CUST-799,United States,City_7,State_9,18243,Nuts,East,PROD-010,Pistachios,Lot's O' Nuts,2584.98,217,1608.48,976.5
4787,ORD-2023-14787,2023-08-18,2023-08-25,Standard Class,CUST-976,United States,City_15,State_5,85667,Chocolate,West,PROD-004,Peanut Butter Cups,Sugar Shack,1455.35,213,816.35,639.0
4788,ORD-2023-14788,2023-11-25,2023-11-29,Standard Class,CUST-134,United States,City_23,State_3,86416,Chocolate,South,PROD-009,Caramel Squares,Secret Factory,2452.85,334,1517.65,935.2
4789,ORD-2023-14789,2023-12-15,2023-12-20,Second Class,CUST-343,United States,City_28,State_8,67859,Candy,East,PROD-002,Gummy Bears,Secret Factory,313.84,147,137.44,176.4
4790,ORD-2023-14790,2023-10-01,2023-10-06,Second Class,CUST-177,United States,City_34,State_9,35267,Candy,South,PROD-005,Jelly Beans,Wicked Choccy's,79.25,33,29.75,49.5
4791,ORD-2023-14791,2023-12-12,2023-12-14,First Class,CUST-924,United States,City_28,State_18,28728,Candy,West,PROD-005,Jelly Beans,Lot's O' Nuts,988.27,256,604.27,384.0
4792,ORD-2023-14792,2023-05-27,2023-05-31,Standard Class,CUST-274,United States,City_2,State_15,36866,Nuts,East,PROD-007,Cashew Clusters,Lot's O' Nuts,2039.47,246,1055.47,984.0
4793,ORD-2023-14793,2023-06-26,2023-06-28,Second Class,CUST-944,United States,City_21,State_12,64730,Candy,South,PROD-005,Jelly Beans,Secret Factory,426.28,169,172.78,253.5
4794,ORD-2023-14794,2023-11-30,2023-12-08,Standard Class,CUST-624,United States,City_35,State_11,87654,Candy,West,PROD-005,Jelly Beans,Secret Factory,240.09,60,150.09,90.0
4795,ORD-2023-14795,2023-08-31,2023-09-02,Second Class,CUST-114,United States,City_35,State_17,89222,Candy,South,PROD-003,Sour Worms,Secret Factory,1130.98,336,694.18,436.8
4796,ORD-2023-14796,2023-03-05,2023-03-08,Standard Class,CUST-474,United States,City_31,State_17,23637,Candy,West,PROD-005,Jelly Beans,Wicked Choccy's,563.88,162,320.88,243.0
4797,ORD-2023-14797,2023-09-23,2023-09-29,Standard Class,CUST-794,United States,City_17,State_3,76618,Nuts,South,PROD-007,Cashew Clusters,Sugar Shack,3318.01,281,2194.01,1124.0
4798,ORD-2023-14798,2023-05-26,2023-05-26,First Class,CUST-832,United States,City_12,State_18,79056,Nuts,West,PROD-010,Pistachios,Lot's O' Nuts,4684.92,495,2457.42,2227.5
4799,ORD-2023-14799,2023-04-16,2023-04-18,Same Day,CUST-134,United States,City_35,State_15,38512,Candy,East,PROD-003,Sour Worms,Secret Factory,475.25,144,288.05,187.2
4800,ORD-2023-14800,2023-10-16,2023-10-19,First Class,CUST-628,United States,City_6,State_7,69168,Nuts,East,PROD-007,Cashew Clusters,Wicked Choccy's,1104.96,109,668.96,436.0
4801,ORD-2023-14801,2023-06-06,2023-06-11,Standard Class,CUST-334,United States,City_1,State_17,40127,Candy,West,PROD-003,Sour Worms,Wicked Choccy's,359.26,183,121.36,237.9
4802,ORD-2023-14802,2023-07-25,2023-08-04,Standard Class,CUST-361,United States,City_38,State_6,72557,Candy,East,PROD-005,Jelly Beans,The Other Factory,523.02,156,289.02,234.0
4803,ORD-2023-14803,2023-04-15,2023-04-20,Standard Class,CUST-845,United States,City_31,State_5,31150,Chocolate,South,PROD-004,Peanut Butter Cups,The Other Factory,2548.55,459,1171.55,1377.0
4804,ORD-2023-14804,2023-07-06,2023-07-16,Standard Class,CUST-774,United States,City_38,State_6,57847,Candy,East,PROD-008,Lollipops,The Other Factory,264.78,186,171.78,93.0
4805,ORD-2023-14805,2023-03-31,2023-04-09,Standard Class,CUST-598,United States,City_5,State_14,16730,Chocolate,West,PROD-009,Caramel Squares,The Other Factory,277.22,55,123.22,154.0
4806,ORD-2023-14806,2023-08-31,2023-09-04,Standard Class,CUST-513,United States,City_1,State_5,76964,Chocolate,Central,PROD-004,Peanut Butter Cups,Wicked Choccy's,2724.3,398,1530.3,1194.0
4807,ORD-2023-14807,2023-03-23,2023-03-25,Same Day,CUST-802,United States,City_17,State_17,76691,Candy,East,PROD-008,Lollipops,Sugar Shack,317.14,221,206.64,110.5
4808,ORD-2023-14808,2023-05-08,2023-05-16,Standard Class,CUST-592,United States,City_35,State_3,32758,Candy,Central,PROD-002,Gummy Bears,Lot's O' Nuts,607.15,310,235.15,372.0
4809,ORD-2023-14809,2023-11-09,2023-11-14,Same Day,CUST-763,United States,City_35,State_11,93126,Chocolate,West,PROD-009,Caramel Squares,The Other Factory,1713.37,334,778.17,935.2
4810,ORD-2023-14810,2023-04-05,2023-04-09,Second Class,CUST-629,United States,City_7,State_9,65797,Nuts,East,PROD-010,Pistachios,Wicked Choccy's,4036.77,413,2178.27,1858.5
4811,ORD-2023-14811,2023-05-06,2023-05-09,First Class,CUST-704,United States,City_34,State_5,41846,Nuts,West,PROD-010,Pistachios,Sugar Shack,5184.94,433,3236.44,1948.5
4812,ORD-2023-14812,2023-11-20,2023-11-25,Second Class,CUST-524,United States,City_7,State_3,54651,Candy,South,PROD-003,Sour Worms,Lot's O' Nuts,576.65,163,364.75,211.9
4813,ORD-2023-14813,2023-12-22,2023-12-27,Standard Class,CUST-130,United States,City_5,State_19,46626,Nuts,West,PROD-007,Cashew Clusters,Wicked Choccy's,1878.87,209,1042.87,836.0
4814,ORD-2023-14814,2023-05-22,2023-05-30,Standard Class,CUST-969,United States,City_10,State_18,10114,Nuts,East,PROD-007,Cashew Clusters,Secret Factory,4403.65,370,2923.65,1480.0
4815,ORD-2023-14815,2023-03-23,2023-03-29,Standard Class,CUST-306,United States,City_49,State_14,26798,Candy,South,PROD-005,Jelly Beans,Sugar Shack,129.67,29,86.17,43.5
4816,ORD-2023-14816,2023-09-15,2023-09-17,First Class,CUST-319,United States,City_29,State_18,94743,Candy,South,PROD-005,Jelly Beans,The Other Factory,561.78,178,294.78,267.0
4817,ORD-2023-14817,2023-04-24,2023-04-29,Same Day,CUST-916,United States,City_29,State_15,63376,Chocolate,East,PROD-009,Caramel Squares,Secret Factory,3184.77,421,2005.97,1178.8
4818,ORD-2023-14818,2023-11-24,2023-11-27,First Class,CUST-517,United States,City_36,State_19,86300,Nuts,West,PROD-001,Chocolate Almonds,Secret Factory,275.08,43,167.58,107.5
4819,ORD-2023-14819,2023-05-30,2023-06-01,Same Day,CUST-707,United States,City_36,State_9,94464,Nuts,Central,PROD-001,Chocolate Almonds,Secret Factory,305.65,48,185.65,120.0
4820,ORD-2023-14820,2023-12-12,2023-12-14,Second Class,CUST-954,United States,City_24,State_14,21222,Chocolate,South,PROD-004,Peanut Butter Cups,Secret Factory,903.08,136,495.08,408.0
4821,ORD-2023-14821,2023-06-25,2023-06-27,Second Class,CUST-831,United States,City_32,State_17,57473,Chocolate,Central,PROD-009,Caramel Squares,Sugar Shack,1562.14,256,845.34,716.8
4822,ORD-2023-14822,2023-09-16,2023-09-18,First Class,CUST-648,United States,City_44,State_17,35146,Nuts,Central,PROD-010,Pistachios,Wicked Choccy's,1231.24,129,650.74,580.5
4823,ORD-2023-14823,2023-04-08,2023-04-10,Second Class,CUST-486,United States,City_3,State_10,27108,Candy,Central,PROD-008,Lollipops,Sugar Shack,483.41,398,284.41,199.0
4824,ORD-2023-14824,2023-04-04,2023-04-08,Standard Class,CUST-499,United States,City_32,State_2,30369,Candy,Central,PROD-005,Jelly Beans,Sugar Shack,779.31,189,495.81,283.5
4825,ORD-2023-14825,2023-10-28,2023-10-31,First Class,CUST-173,United States,City_26,State_4,10441,Candy,West,PROD-002,Gummy Bears,Secret Factory,818.44,294,465.64,352.8
4826,ORD-2023-14826,2023-03-24,2023-03-27,Second Class,CUST-328,United States,City_33,State_1,49848,Chocolate,South,PROD-004,Peanut Butter Cups,Secret Factory,1807.81,311,874.81,933.0
4827,ORD-2023-14827,2023-11-17,2023-11-23,Standard Class,CUST-941,United States,City_36,State_1,77175,Chocolate,Central,PROD-004,Peanut Butter Cups,Secret Factory,582.0,90,312.0,270.0
4828,ORD-2023-14828,2023-01-08,2023-01-13,Standard Class,CUST-973,United States,City_7,State_20,87802,Nuts,Central,PROD-007,Cashew Clusters,Sugar Shack,2357.22,278,1245.22,1112.0
4829,ORD-2023-14829,2023-11-16,2023-11-24,Second Class,CUST-181,United States,City_16,State_5,91589,Candy,South,PROD-008,Lollipops,Lot's O' Nuts,374.66,414,167.66,207.0
4830,ORD-2023-14830,2023-07-07,2023-07-07,Same Day,CUST-467,United States,City_3,State_3,62892,Candy,West,PROD-005,Jelly Beans,Lot's O' Nuts,903.33,311,436.83,466.5
4831,ORD-2023-14831,2023-06-13,2023-06-16,First Class,CUST-487,United States,City_14,State_5,82776,Chocolate,Central,PROD-006,Dark Chocolate Truffles,Secret Factory,2469.18,253,1204.18,1265.0
4832,ORD-2023-14832,2023-06-24,2023-07-02,Standard Class,CUST-445,United States,City_21,State_16,37548,Candy,South,PROD-002,Gummy Bears,Lot's O' Nuts,402.33,211,149.13,253.2
4833,ORD-2023-14833,2023-10-20,2023-10-28,Standard Class,CUST-129,United States,City_48,State_14,59745,Chocolate,East,PROD-009,Caramel Squares,Sugar Shack,917.44,217,309.84,607.6
4834,ORD-2023-14834,2023-04-10,2023-04-16,First Class,CUST-515,United States,City_2,State_6,48441,Candy,East,PROD-002,Gummy Bears,Secret Factory,129.65,50,69.65,60.0
4835,ORD-2023-14835,2023-12-26,2023-12-26,Same Day,CUST-186,United States,City_19,State_7,40165,Candy,South,PROD-005,Jelly Beans,Sugar Shack,766.16,312,298.16,468.0
4836,ORD-2023-14836,2023-08-23,2023-08-25,First Class,CUST-470,United States,City_17,State_13,12189,Nuts,South,PROD-007,Cashew Clusters,The Other Factory,1994.71,180,1274.71,720.0
4837,ORD-2023-14837,2023-04-03,2023-04-08,First Class,CUST-299,United States,City_16,State_17,81637,Nuts,West,PROD-007,Cashew Clusters,The Other Factory,1366.63,223,474.63,892.0
4838,ORD-2023-14838,2023-07-13,2023-07-13,Same Day,CUST-821,United States,City_47,State_4,77357,Candy,South,PROD-003,Sour Worms,Sugar Shack,780.23,381,284.93,495.3
4839,ORD-2023-14839,2023-02-25,2023-03-02,First Class,CUST-297,United States,City_27,State_8,50082,Candy,East,PROD-008,Lollipops,Sugar Shack,194.27,158,115.27,79.0
4840,ORD-2023-14840,2023-02-23,2023-02-24,First Class,CUST-499,United States,City_8,State_19,41605,Chocolate,Central,PROD-009,Caramel Squares,Secret Factory,605.47,80,381.47,224.0
4841,ORD-2023-14841,2023-03-22,2023-03-30,Second Class,CUST-721,United States,City_14,State_1,88729,Candy,East,PROD-008,Lollipops,The Other Factory,450.85,345,278.35,172.5
4842,ORD-2023-14842,2023-12-18,2023-12-24,Standard Class,CUST-302,United States,City_18,State_11,53300,Candy,West,PROD-005,Jelly Beans,Sugar Shack,226.99,93,87.49,139.5
4843,ORD-2023-14843,2023-09-01,2023-09-12,Standard Class,CUST-496,United States,City_49,State_18,73584,Candy,East,PROD-008,Lollipops,The Other Factory,104.73,104,52.73,52.0
4844,ORD-2023-14844,2023-11-25,2023-11-26,Same Day,CUST-456,United States,City_29,State_17,35963,Candy,East,PROD-003,Sour Worms,Wicked Choccy's,442.87,117,290.77,152.1
4845,ORD-2023-14845,2023-01-27,2023-02-05,Standard Class,CUST-508,United States,City_32,State_15,73343,Candy,Central,PROD-008,Lollipops,Lot's O' Nuts,127.76,155,50.26,77.5
4846,ORD-2023-14846,2023-03-07,2023-03-12,Second Class,CUST-377,United States,City_39,State_13,72841,Nuts,Central,PROD-007,Cashew Clusters,Secret Factory,4427.51,378,2915.51,1512.0
4847,ORD-2023-14847,2023-08-30,2023-09-01,Same Day,CUST-562,United States,City_38,State_4,27325,Chocolate,East,PROD-004,Peanut Butter Cups,Secret Factory,1016.25,170,506.25,510.0
4848,ORD-2023-14848,2023-05-16,2023-05-19,First Class,CUST-267,United States,City_35,State_20,46415,Nuts,Central,PROD-001,Chocolate Almonds,The Other Factory,1355.4,353,472.9,882.5
4849,ORD-2023-14849,2023-10-29,2023-10-29,Same Day,CUST-385,United States,City_8,State_8,98485,Candy,West,PROD-005,Jelly Beans,Wicked Choccy's,751.67,238,394.67,357.0
4850,ORD-2023-14850,2023-10-07,2023-10-08,First Class,CUST-618,United States,City_39,State_19,61229,Nuts,South,PROD-007,Cashew Clusters,Secret Factory,2362.17,276,1258.17,1104.0
4851,ORD-2023-14851,2023-04-29,2023-04-30,Same Day,CUST-404,United States,City_8,State_18,41372,Nuts,South,PROD-010,Pistachios,Lot's O' Nuts,3860.73,299,2515.23,1345.5
4852,ORD-2023-14852,2023-11-09,2023-11-18,First Class,CUST-908,United States,City_19,State_9,71140,Chocolate,East,PROD-006,Dark Chocolate Truffles,The Other Factory,468.14,37,283.14,185.0
4853,ORD-2023-14853,2023-08-20,2023-08-28,Standard Class,CUST-379,United States,City_22,State_5,72969,Candy,South,PROD-005,Jelly Beans,Wicked Choccy's,245.21,80,125.21,120.0
4854,ORD-2023-14854,2023-11-05,2023-11-14,Standard Class,CUST-947,United States,City_42,State_6,82038,Chocolate,East,PROD-009,Caramel Squares,Secret Factory,952.18,181,445.38,506.8
4855,ORD-2023-14855,2023-06-12,2023-06-16,Same Day,CUST-351,United States,City_40,State_4,43102,Candy,East,PROD-008,Lollipops,Sugar Shack,78.63,56,50.63,28.0
4856,ORD-2023-14856,2023-10-07,2023-10-10,Same Day,CUST-131,United States,City_15,State_11,64251,Nuts,West,PROD-007,Cashew Clusters,Lot's O' Nuts,1141.39,96,757.39,384.0
4857,ORD-2023-14857,2023-10-14,2023-10-25,Standard Class,CUST-647,United States,City_32,State_16,70168,Chocolate,East,PROD-009,Caramel Squares,The Other Factory,2372.28,343,1411.88,960.4
4858,ORD-2023-14858,2023-02-24,2023-03-03,Standard Class,CUST-788,United States,City_40,State_7,88725,Nuts,Central,PROD-001,Chocolate Almonds,Secret Factory,632.26,107,364.76,267.5
4859,ORD-2023-14859,2023-11-10,2023-11-11,Same Day,CUST-589,United States,City_45,State_10,98670,Candy,South,PROD-003,Sour Worms,Sugar Shack,1892.16,486,1260.36,631.8
4860,ORD-2023-14860,2023-09-04,2023-09-05,Same Day,CUST-285,United States,City_27,State_14,67624,Nuts,East,PROD-007,Cashew Clusters,Wicked Choccy's,400.96,44,224.96,176.0
4861,ORD-2023-14861,2023-04-30,2023-05-04,Same Day,CUST-675,United States,City_26,State_7,80010,Chocolate,East,PROD-009,Caramel Squares,Secret Factory,2148.03,417,980.43,1167.6
4862,ORD-2023-14862,2023-03-14,2023-03-17,Second Class,CUST-232,United States,City_20,State_20,77595,Candy,East,PROD-002,Gummy Bears,Wicked Choccy's,1266.4,391,797.2,469.2
4863,ORD-2023-14863,2023-07-26,2023-07-29,First Class,CUST-944,United States,City_18,State_19,73767,Nuts,East,PROD-007,Cashew Clusters,Sugar Shack,1746.09,213,894.09,852.0
4864,ORD-2023-14864,2023-07-21,2023-07-25,Second Class,CUST-922,United States,City_16,State_9,83812,Candy,Central,PROD-008,Lollipops,Lot's O' Nuts,154.19,162,73.19,81.0
4865,ORD-2023-14865,2023-02-25,2023-03-02,Second Class,CUST-274,United States,City_4,State_18,95478,Chocolate,East,PROD-006,Dark Chocolate Truffles,Sugar Shack,3779.9,344,2059.9,1720.0
4866,ORD-2023-14866,2023-05-11,2023-05-13,Second Class,CUST-645,United States,City_1,State_1,98356,Nuts,West,PROD-001,Chocolate Almonds,Lot's O' Nuts,2708.17,479,1510.67,1197.5
4867,ORD-2023-14867,2023-05-07,2023-05-09,First Class,CUST-126,United States,City_19,State_12,62348,Nuts,East,PROD-010,Pistachios,Wicked Choccy's,4198.56,449,2178.06,2020.5
4868,ORD-2023-14868,2023-01-20,2023-01-24,Standard Class,CUST-273,United States,City_14,State_7,21727,Chocolate,South,PROD-009,Caramel Squares,Secret Factory,2194.67,484,839.47,1355.2
4869,ORD-2023-14869,2023-05-20,2023-05-26,Standard Class,CUST-420,United States,City_41,State_15,52867,Chocolate,Central,PROD-006,Dark Chocolate Truffles,Wicked Choccy's,6825.4,466,4495.4,2330.0
4870,ORD-2023-14870,2023-08-05,2023-08-05,Same Day,CUST-965,United States,City_6,State_6,72963,Chocolate,West,PROD-009,Caramel Squares,Sugar Shack,1630.96,274,863.76,767.2
4871,ORD-2023-14871,2023-04-26,2023-05-06,Second Class,CUST-546,United States,City_40,State_10,30275,Candy,West,PROD-008,Lollipops,The Other Factory,181.07,132,115.07,66.0
4872,ORD-2023-14872,2023-06-14,2023-06-19,First Class,CUST-487,United States,City_6,State_14,97619,Nuts,Central,PROD-001,Chocolate Almonds,Lot's O' Nuts,1249.14,239,651.64,597.5
4873,ORD-2023-14873,2023-08-01,2023-08-07,Standard Class,CUST-318,United States,City_5,State_18,50228,Candy,Central,PROD-003,Sour Worms,The Other Factory,319.92,154,119.72,200.2
4874,ORD-2023-14874,2023-11-23,2023-11-29,Second Class,CUST-243,United States,City_14,State_9,93170,Candy,West,PROD-002,Gummy Bears,Secret Factory,537.04,218,275.44,261.6
4875,ORD-2023-14875,2023-08-08,2023-08-08,First Class,CUST-937,United States,City_43,State_2,38885,Nuts,Central,PROD-007,Cashew Clusters,Sugar Shack,2501.46,392,933.46,1568.0
4876,ORD-2023-14876,2023-12-12,2023-12-12,Same Day,CUST-409,United States,City_44,State_2,19978,Chocolate,South,PROD-009,Caramel Squares,Sugar Shack,590.89,98,316.49,274.4
4877,ORD-2023-14877,2023-06-03,2023-06-11,Standard Class,CUST-441,United States,City_14,State_11,93967,Nuts,West,PROD-010,Pistachios,The Other Factory,2916.18,357,1309.68,1606.5
4878,ORD-2023-14878,2023-03-06,2023-03-07,Same Day,CUST-784,United States,City_28,State_1,75078,Candy,Central,PROD-005,Jelly Beans,Wicked Choccy's,1938.79,434,1287.79,651.0
4879,ORD-2023-14879,2023-12-31,2024-01-01,First Class,CUST-967,United States,City_5,State_8,43726,Chocolate,West,PROD-009,Caramel Squares,Lot's O' Nuts,1824.53,242,1146.93,677.6
4880,ORD-2023-14880,2023-09-15,2023-09-22,Standard Class,CUST-118,United States,City_24,State_18,28160,Nuts,Central,PROD-001,Chocolate Almonds,Secret Factory,2960.75,455,1823.25,1137.5
4881,ORD-2023-14881,2023-05-18,2023-05-22,First Class,CUST-179,United States,City_9,State_2,62627,Candy,Central,PROD-005,Jelly Beans,Lot's O' Nuts,859.21,223,524.71,334.5
4882,ORD-2023-14882,2023-02-19,2023-03-01,Standard Class,CUST-839,United States,City_23,State_19,69550,Nuts,South,PROD-010,Pistachios,Lot's O' Nuts,4323.34,329,2842.84,1480.5
4883,ORD-2023-14883,2023-05-03,2023-05-06,First Class,CUST-221,United States,City_21,State_18,45765,Chocolate,West,PROD-004,Peanut Butter Cups,Secret Factory,1864.97,414,622.97,1242.0
4884,ORD-2023-14884,2023-05-19,2023-05-21,First Class,CUST-230,United States,City_36,State_1,51997,Nuts,West,PROD-007,Cashew Clusters,Sugar Shack,5127.66,466,3263.66,1864.0
4885,ORD-2023-14885,2023-04-18,2023-04-21,Second Class,CUST-148,United States,City_31,State_18,75078,Candy,East,PROD-005,Jelly Beans,Lot's O' Nuts,230.34,65,132.84,97.5
4886,ORD-2023-14886,2023-10-25,2023-10-30,Second Class,CUST-345,United States,City_49,State_9,93102,Chocolate,Central,PROD-004,Peanut Butter Cups,Lot's O' Nuts,191.39,23,122.39,69.0
4887,ORD-2023-14887,2023-03-14,2023-03-14,Same Day,CUST-797,United States,City_24,State_12,55376,Chocolate,West,PROD-004,Peanut Butter Cups,Wicked Choccy's,187.47,22,121.47,66.0
4888,ORD-2023-14888,2023-07-10,2023-07-13,Same Day,CUST-850,United States,City_29,State_18,38788,Nuts,Central,PROD-007,Cashew Clusters,Wicked Choccy's,2220.67,206,1396.67,824.0
4889,ORD-2023-14889,2023-04-17,2023-04-22,First Class,CUST-798,United States,City_23,State_3,80712,Chocolate,West,PROD-004,Peanut Butter Cups,The Other Factory,213.1,46,75.1,138.0
4890,ORD-2023-14890,2023-10-08,2023-10-11,Same Day,CUST-291,United States,City_34,State_1,98978,Chocolate,Central,PROD-009,Caramel Squares,The Other Factory,1510.85,235,852.85,658.0
4891,ORD-2023-14891,2023-09-18,2023-09-21,Second Class,CUST-630,United States,City_13,State_1,99406,Nuts,South,PROD-010,Pistachios,Sugar Shack,1450.82,134,847.82,603.0
4892,ORD-2023-14892,2023-11-20,2023-11-21,First Class,CUST-885,United States,City_44,State_17,48326,Candy,South,PROD-002,Gummy Bears,The Other Factory,969.31,339,562.51,406.8
4893,ORD-2023-14893,2023-06-24,2023-06-28,First Class,CUST-785,United States,City_21,State_13,93929,Nuts,South,PROD-007,Cashew Clusters,Lot's O' Nuts,3866.87,454,2050.87,1816.0
4894,ORD-2023-14894,2023-08-18,2023-08-22,Second Class,CUST-926,United States,City_41,State_17,68622,Candy,West,PROD-008,Lollipops,Lot's O' Nuts,87.27,60,57.27,30.0
4895,ORD-2023-14895,2023-01-28,2023-01-29,First Class,CUST-991,United States,City_3,State_5,14529,Chocolate,South,PROD-006,Dark Chocolate Truffles,The Other Factory,4928.87,416,2848.87,2080.0
4896,ORD-2023-14896,2023-05-10,2023-05-16,Standard Class,CUST-699,United States,City_4,State_15,47687,Candy,West,PROD-008,Lollipops,Sugar Shack,287.8,214,180.8,107.0
4897,ORD-2023-14897,2023-05-13,2023-05-17,Same Day,CUST-591,United States,City_32,State_7,90462,Chocolate,East,PROD-004,Peanut Butter Cups,The Other Factory,3311.21,480,1871.21,1440.0
4898,ORD-2023-14898,2023-11-19,2023-11-20,First Class,CUST-897,United States,City_18,State_1,99399,Candy,West,PROD-003,Sour Worms,Lot's O' Nuts,1018.38,416,477.58,540.8
4899,ORD-2023-14899,2023-02-11,2023-02-13,Same Day,CUST-739,United States,City_48,State_1,25832,Candy,East,PROD-008,Lollipops,Wicked Choccy's,549.13,475,311.63,237.5
4900,ORD-2023-14900,2023-07-23,2023-07-28,Second Class,CUST-725,United States,City_44,State_3,61745,Candy,East,PROD-002,Gummy Bears,Wicked Choccy's,893.78,260,581.78,312.0
4901,ORD-2023-14901,2023-02-12,2023-02-13,Same Day,CUST-501,United States,City_27,State_14,45990,Nuts,West,PROD-010,Pistachios,Sugar Shack,4029.39,336,2517.39,1512.0
4902,ORD-2023-14902,2023-12-22,2023-12-22,Same Day,CUST-287,United States,City_29,State_11,65089,Candy,East,PROD-008,Lollipops,Lot's O' Nuts,277.22,303,125.72,151.5
4903,ORD-2023-14903,2023-02-24,2023-02-27,Second Class,CUST-880,United States,City_49,State_7,11498,Chocolate,East,PROD-006,Dark Chocolate Truffles,Wicked Choccy's,6292.33,498,3802.33,2490.0
4904,ORD-2023-14904,2023-11-22,2023-12-01,Standard Class,CUST-282,United States,City_6,State_11,30753,Nuts,South,PROD-001,Chocolate Almonds,Lot's O' Nuts,2590.41,453,1457.91,1132.5
4905,ORD-2023-14905,2023-06-01,2023-06-01,Same Day,CUST-492,United States,City_25,State_9,37629,Nuts,East,PROD-010,Pistachios,Lot's O' Nuts,548.98,45,346.48,202.5
4906,ORD-2023-14906,2023-06-01,2023-06-08,Standard Class,CUST-779,United States,City_16,State_4,62143,Nuts,South,PROD-001,Chocolate Almonds,The Other Factory,496.04,85,283.54,212.5
4907,ORD-2023-14907,2023-06-03,2023-06-05,Second Class,CUST-358,United States,City_18,State_16,25162,Candy,West,PROD-008,Lollipops,Wicked Choccy's,282.4,205,179.9,102.5
4908,ORD-2023-14908,2023-02-01,2023-02-04,Same Day,CUST-759,United States,City_16,State_16,69392,Nuts,East,PROD-001,Chocolate Almonds,Secret Factory,1254.27,230,679.27,575.0
4909,ORD-2023-14909,2023-05-11,2023-05-20,Standard Class,CUST-140,United States,City_4,State_15,31094,Chocolate,West,PROD-009,Caramel Squares,The Other Factory,466.72,72,265.12,201.6
4910,ORD-2023-14910,2023-11-14,2023-11-16,Same Day,CUST-645,United States,City_47,State_2,23727,Nuts,Central,PROD-010,Pistachios,Lot's O' Nuts,5563.79,424,3655.79,1908.0
4911,ORD-2023-14911,2023-07-20,2023-07-24,First Class,CUST-990,United States,City_44,State_14,53390,Candy,East,PROD-002,Gummy Bears,Secret Factory,390.26,148,212.66,177.6
4912,ORD-2023-14912,2023-08-19,2023-08-22,First Class,CUST-330,United States,City_47,State_8,62227,Chocolate,South,PROD-009,Caramel Squares,Sugar Shack,1342.59,313,466.19,876.4
4913,ORD-2023-14913,2023-11-05,2023-11-05,Same Day,CUST-121,United States,City_38,State_20,91116,Candy,Central,PROD-008,Lollipops,Sugar Shack,71.5,52,45.5,26.0
4914,ORD-2023-14914,2023-10-04,2023-10-08,First Class,CUST-422,United States,City_11,State_7,15633,Nuts,South,PROD-010,Pistachios,Wicked Choccy's,4703.18,376,3011.18,1692.0
4915,ORD-2023-14915,2023-04-20,2023-04-22,First Class,CUST-317,United States,City_2,State_9,90198,Chocolate,Central,PROD-009,Caramel Squares,Lot's O' Nuts,578.92,109,273.72,305.2
4916,ORD-2023-14916,2023-01-17,2023-01-18,Same Day,CUST-502,United States,City_50,State_15,55811,Chocolate,East,PROD-009,Caramel Squares,Wicked Choccy's,47.28,11,16.48,30.8
4917,ORD-2023-14917,2023-04-14,2023-04-17,First Class,CUST-730,United States,City_28,State_10,21712,Chocolate,South,PROD-006,Dark Chocolate Truffles,Sugar Shack,5447.13,425,3322.13,2125.0
4918,ORD-2023-14918,2023-02-11,2023-02-11,First Class,CUST-938,United States,City_10,State_7,16907,Nuts,West,PROD-007,Cashew Clusters,Wicked Choccy's,556.08,63,304.08,252.0
4919,ORD-2023-14919,2023-09-01,2023-09-08,Standard Class,CUST-497,United States,City_15,State_8,13825,Chocolate,West,PROD-004,Peanut Butter Cups,Sugar Shack,3700.3,420,2440.3,1260.0
4920,ORD-2023-14920,2023-10-02,2023-10-11,Standard Class,CUST-830,United States,City_28,State_3,24065,Chocolate,Central,PROD-009,Caramel Squares,Lot's O' Nuts,3303.25,465,2001.25,1302.0
4921,ORD-2023-14921,2023-06-05,2023-06-10,First Class,CUST-161,United States,City_26,State_11,99314,Candy,East,PROD-003,Sour Worms,Sugar Shack,1352.57,369,872.87,479.7
4922,ORD-2023-14922,2023-02-21,2023-03-01,Standard Class,CUST-819,United States,City_26,State_17,23854,Candy,West,PROD-008,Lollipops,Secret Factory,84.55,78,45.55,39.0
4923,ORD-2023-14923,2023-08-01,2023-08-07,Same Day,CUST-338,United States,City_24,State_5,21173,Nuts,East,PROD-001,Chocolate Almonds,The Other Factory,2518.45,470,1343.45,1175.0
4924,ORD-2023-14924,2023-04-14,2023-04-18,Same Day,CUST-217,United States,City_5,State_1,69244,Chocolate,South,PROD-006,Dark Chocolate Truffles,Wicked Choccy's,5369.59,433,3204.59,2165.0
4925,ORD-2023-14925,2023-05-21,2023-05-21,Same Day,CUST-951,United States,City_20,State_4,48118,Nuts,South,PROD-001,Chocolate Almonds,Secret Factory,1673.36,224,1113.36,560.0
4926,ORD-2023-14926,2023-08-07,2023-08-08,First Class,CUST-296,United States,City_41,State_15,48249,Candy,Central,PROD-008,Lollipops,Wicked Choccy's,342.49,291,196.99,145.5
4927,ORD-2023-14927,2023-08-24,2023-08-26,First Class,CUST-651,United States,City_38,State_19,93896,Candy,West,PROD-003,Sour Worms,Sugar Shack,889.82,237,581.72,308.1
4928,ORD-2023-14928,2023-02-15,2023-02-19,First Class,CUST-495,United States,City_3,State_8,31113,Candy,West,PROD-008,Lollipops,Secret Factory,253.73,208,149.73,104.0
4929,ORD-2023-14929,2023-05-16,2023-05-24,Standard Class,CUST-729,United States,City_23,State_2,98982,Chocolate,East,PROD-004,Peanut Butter Cups,Secret Factory,2762.65,356,1694.65,1068.0
4930,ORD-2023-14930,2023-11-14,2023-11-21,Standard Class,CUST-845,United States,City_43,State_8,28459,Candy,Central,PROD-008,Lollipops,Lot's O' Nuts,469.95,322,308.95,161.0
4931,ORD-2023-14931,2023-09-09,2023-09-13,Same Day,CUST-705,United States,City_27,State_3,21988,Chocolate,Central,PROD-004,Peanut Butter Cups,Lot's O' Nuts,523.35,87,262.35,261.0
4932,ORD-2023-14932,2023-04-28,2023-05-01,Second Class,CUST-892,United States,City_19,State_3,61582,Chocolate,Central,PROD-006,Dark Chocolate Truffles,The Other Factory,5613.32,421,3508.32,2105.0
4933,ORD-2023-14933,2023-04-05,2023-04-12,Same Day,CUST-621,United States,City_6,State_11,63559,Candy,East,PROD-003,Sour Worms,The Other Factory,981.2,290,604.2,377.0
4934,ORD-2023-14934,2023-10-22,2023-10-29,Standard Class,CUST-185,United States,City_41,State_17,38241,Nuts,West,PROD-007,Cashew Clusters,Lot's O' Nuts,1796.46,283,664.46,1132.0
4935,ORD-2023-14935,2023-07-28,2023-08-01,Second Class,CUST-640,United States,City_4,State_17,75375,Candy,Central,PROD-005,Jelly Beans,Wicked Choccy's,407.42,137,201.92,205.5
4936,ORD-2023-14936,2023-09-07,2023-09-13,First Class,CUST-818,United States,City_17,State_4,65627,Candy,West,PROD-008,Lollipops,The Other Factory,81.57,84,39.57,42.0
4937,ORD-2023-14937,2023-10-02,2023-10-10,Standard Class,CUST-347,United States,City_2,State_20,63356,Candy,West,PROD-008,Lollipops,Secret Factory,341.62,261,211.12,130.5
4938,ORD-2023-14938,2023-11-05,2023-11-10,Second Class,CUST-500,United States,City_34,State_8,49562,Candy,Central,PROD-005,Jelly Beans,Secret Factory,910.69,337,405.19,505.5
4939,ORD-2023-14939,2023-10-26,2023-11-03,Second Class,CUST-530,United States,City_44,State_6,83420,Chocolate,East,PROD-009,Caramel Squares,Secret Factory,2490.63,444,1247.43,1243.2
4940,ORD-2023-14940,2023-05-16,2023-05-18,First Class,CUST-486,United States,City_9,State_15,72492,Nuts,Central,PROD-010,Pistachios,Lot's O' Nuts,3370.31,279,2114.81,1255.5
4941,ORD-2023-14941,2023-06-22,2023-06-27,Second Class,CUST-786,United States,City_50,State_18,70943,Chocolate,East,PROD-004,Peanut Butter Cups,Wicked Choccy's,1361.45,276,533.45,828.0
4942,ORD-2023-14942,2023-01-04,2023-01-07,First Class,CUST-737,United States,City_29,State_9,44240,Nuts,West,PROD-007,Cashew Clusters,Secret Factory,1520.65,141,956.65,564.0
4943,ORD-2023-14943,2023-03-08,2023-03-12,Second Class,CUST-725,United States,City_26,State_17,53394,Candy,Central,PROD-008,Lollipops,Secret Factory,173.37,165,90.87,82.5
4944,ORD-2023-14944,2023-09-02,2023-09-09,Standard Class,CUST-206,United States,City_16,State_12,96120,Candy,West,PROD-002,Gummy Bears,Secret Factory,384.04,199,145.24,238.8
4945,ORD-2023-14945,2023-05-14,2023-05-19,First Class,CUST-828,United States,City_41,State_11,10931,Candy,Central,PROD-003,Sour Worms,The Other Factory,958.51,338,519.11,439.4
4946,ORD-2023-14946,2023-12-16,2023-12-19,First Class,CUST-144,United States,City_32,State_14,64985,Nuts,South,PROD-001,Chocolate Almonds,Sugar Shack,1153.73,180,703.73,450.0
4947,ORD-2023-14947,2023-02-28,2023-03-01,First Class,CUST-355,United States,City_8,State_6,69786,Candy,South,PROD-005,Jelly Beans,The Other Factory,434.71,125,247.21,187.5
4948,ORD-2023-14948,2023-04-11,2023-04-17,Second Class,CUST-653,United States,City_12,State_5,43570,Nuts,South,PROD-007,Cashew Clusters,Lot's O' Nuts,1821.94,189,1065.94,756.0
4949,ORD-2023-14949,2023-07-18,2023-07-24,Standard Class,CUST-293,United States,City_24,State_8,50529,Chocolate,Central,PROD-006,Dark Chocolate Truffles,Wicked Choccy's,3472.89,456,1192.89,2280.0
4950,ORD-2023-14950,2023-06-09,2023-06-10,First Class,CUST-368,United States,City_7,State_4,94506,Candy,South,PROD-002,Gummy Bears,Secret Factory,434.24,218,172.64,261.6
4951,ORD-2023-14951,2023-05-30,2023-06-04,Standard Class,CUST-985,United States,City_15,State_19,94001,Nuts,East,PROD-010,Pistachios,Lot's O' Nuts,4243.45,354,2650.45,1593.0
4952,ORD-2023-14952,2023-09-24,2023-09-26,First Class,CUST-827,United States,City_1,State_4,27651,Candy,West,PROD-002,Gummy Bears,Wicked Choccy's,318.38,138,152.78,165.6
4953,ORD-2023-14953,2023-08-15,2023-08-23,Second Class,CUST-429,United States,City_25,State_17,54315,Candy,East,PROD-008,Lollipops,Secret Factory,330.97,260,200.97,130.0
4954,ORD-2023-14954,2023-12-15,2023-12-26,Standard Class,CUST-599,United States,City_37,State_9,11836,Chocolate,East,PROD-004,Peanut Butter Cups,The Other Factory,1384.33,240,664.33,720.0
4955,ORD-2023-14955,2023-10-03,2023-10-09,Standard Class,CUST-270,United States,City_37,State_2,62737,Chocolate,West,PROD-009,Caramel Squares,Lot's O' Nuts,2286.3,314,1407.1,879.2
4956,ORD-2023-14956,2023-10-12,2023-10-16,First Class,CUST-258,United States,City_45,State_19,42126,Candy,South,PROD-005,Jelly Beans,Lot's O' Nuts,1145.47,393,555.97,589.5
4957,ORD-2023-14957,2023-03-06,2023-03-08,First Class,CUST-426,United States,City_36,State_15,26973,Candy,Central,PROD-008,Lollipops,Secret Factory,456.65,430,241.65,215.0
4958,ORD-2023-14958,2023-10-09,2023-10-14,Second Class,CUST-529,United States,City_12,State_14,15734,Chocolate,West,PROD-009,Caramel Squares,Lot's O' Nuts,2669.68,459,1384.48,1285.2
4959,ORD-2023-14959,2023-10-24,2023-10-30,First Class,CUST-989,United States,City_8,State_17,82313,Nuts,East,PROD-001,Chocolate Almonds,The Other Factory,1107.78,288,387.78,720.0
4960,ORD-2023-14960,2023-01-01,2023-01-04,Second Class,CUST-299,United States,City_30,State_18,30155,Chocolate,East,PROD-009,Caramel Squares,Lot's O' Nuts,55.95,10,27.95,28.0
4961,ORD-2023-14961,2023-12-02,2023-12-04,Second Class,CUST-152,United States,City_49,State_7,11321,Chocolate,South,PROD-009,Caramel Squares,Secret Factory,3027.4,443,1787.0,1240.4
4962,ORD-2023-14962,2023-08-06,2023-08-09,Standard Class,CUST-270,United States,City_14,State_19,71260,Candy,East,PROD-008,Lollipops,Lot's O' Nuts,393.64,302,242.64,151.0
4963,ORD-2023-14963,2023-07-07,2023-07-14,Standard Class,CUST-971,United States,City_45,State_3,85816,Nuts,West,PROD-007,Cashew Clusters,Secret Factory,942.94,147,354.94,588.0
4964,ORD-2023-14964,2023-12-14,2023-12-23,Standard Class,CUST-851,United States,City_9,State_20,96920,Chocolate,South,PROD-009,Caramel Squares,Lot's O' Nuts,2215.01,468,904.61,1310.4
4965,ORD-2023-14965,2023-12-06,2023-12-11,Second Class,CUST-440,United States,City_35,State_8,50154,Candy,Central,PROD-003,Sour Worms,The Other Factory,813.22,296,428.42,384.8
4966,ORD-2023-14966,2023-10-14,2023-10-19,Second Class,CUST-752,United States,City_35,State_16,94523,Nuts,South,PROD-010,Pistachios,Wicked Choccy's,3682.65,308,2296.65,1386.0
4967,ORD-2023-14967,2023-11-08,2023-11-11,First Class,CUST-244,United States,City_50,State_8,41425,Candy,Central,PROD-005,Jelly Beans,The Other Factory,130.31,55,47.81,82.5
4968,ORD-2023-14968,2023-03-18,2023-03-19,Same Day,CUST-326,United States,City_17,State_13,95825,Chocolate,Central,PROD-006,Dark Chocolate Truffles,Sugar Shack,5296.53,466,2966.53,2330.0
4969,ORD-2023-14969,2023-02-11,2023-02-16,Same Day,CUST-458,United States,City_21,State_18,73995,Chocolate,East,PROD-004,Peanut Butter Cups,The Other Factory,2512.6,349,1465.6,1047.0
4970,ORD-2023-14970,2023-10-28,2023-11-02,Second Class,CUST-836,United States,City_38,State_20,97719,Chocolate,East,PROD-006,Dark Chocolate Truffles,Wicked Choccy's,1784.24,219,689.24,1095.0
4971,ORD-2023-14971,2023-08-08,2023-08-17,Standard Class,CUST-742,United States,City_43,State_6,95469,Nuts,Central,PROD-001,Chocolate Almonds,The Other Factory,1462.53,249,840.03,622.5
4972,ORD-2023-14972,2023-05-21,2023-05-28,Standard Class,CUST-654,United States,City_6,State_3,83718,Nuts,South,PROD-001,Chocolate Almonds,Wicked Choccy's,1235.42,178,790.42,445.0
4973,ORD-2023-14973,2023-09-20,2023-09-26,Second Class,CUST-628,United States,City_20,State_18,73392,Nuts,South,PROD-010,Pistachios,Lot's O' Nuts,1380.98,153,692.48,688.5
4974,ORD-2023-14974,2023-01-23,2023-01-28,Standard Class,CUST-530,United States,City_12,State_18,77732,Candy,Central,PROD-005,Jelly Beans,The Other Factory,1282.43,305,824.93,457.5
4975,ORD-2023-14975,2023-12-03,2023-12-04,Same Day,CUST-948,United States,City_4,State_18,93589,Nuts,East,PROD-007,Cashew Clusters,Sugar Shack,1240.07,104,824.07,416.0
4976,ORD-2023-14976,2023-02-11,2023-02-16,Standard Class,CUST-392,United States,City_14,State_11,68505,Nuts,South,PROD-001,Chocolate Almonds,Sugar Shack,2148.51,301,1396.01,752.5
4977,ORD-2023-14977,2023-06-26,2023-06-28,First Class,CUST-877,United States,City_24,State_14,75564,Chocolate,West,PROD-006,Dark Chocolate Truffles,Wicked Choccy's,6128.18,429,3983.18,2145.0
4978,ORD-2023-14978,2023-11-04,2023-11-07,Same Day,CUST-206,United States,City_22,State_18,24577,Nuts,Central,PROD-001,Chocolate Almonds,The Other Factory,1455.3,383,497.8,957.5
4979,ORD-2023-14979,2023-05-20,2023-05-26,Second Class,CUST-735,United States,City_42,State_10,73372,Candy,South,PROD-003,Sour Worms,Wicked Choccy's,856.59,370,375.59,481.0
4980,ORD-2023-14980,2023-03-01,2023-03-01,First Class,CUST-502,United States,City_42,State_15,28216,Nuts,West,PROD-001,Chocolate Almonds,Lot's O' Nuts,1916.89,302,1161.89,755.0
4981,ORD-2023-14981,2023-11-15,2023-11-20,Standard Class,CUST-584,United States,City_45,State_16,30884,Candy,South,PROD-005,Jelly Beans,Sugar Shack,1498.89,490,763.89,735.0
4982,ORD-2023-14982,2023-05-28,2023-05-30,Same Day,CUST-155,United States,City_44,State_18,37869,Candy,South,PROD-005,Jelly Beans,The Other Factory,761.1,244,395.1,366.0
4983,ORD-2023-14983,2023-11-13,2023-11-21,Standard Class,CUST-790,United States,City_4,State_2,64731,Chocolate,West,PROD-006,Dark Chocolate Truffles,Secret Factory,808.51,58,518.51,290.0
4984,ORD-2023-14984,2023-11-18,2023-11-20,First Class,CUST-617,United States,City_1,State_9,27644,Chocolate,South,PROD-004,Peanut Butter Cups,Sugar Shack,3044.87,404,1832.87,1212.0
4985,ORD-2023-14985,2023-01-08,2023-01-11,Second Class,CUST-677,United States,City_31,State_12,69858,Nuts,West,PROD-001,Chocolate Almonds,Wicked Choccy's,1142.06,171,714.56,427.5
4986,ORD-2023-14986,2023-09-14,2023-09-21,Second Class,CUST-452,United States,City_29,State_12,56822,Chocolate,South,PROD-004,Peanut Butter Cups,Wicked Choccy's,2957.39,444,1625.39,1332.0
4987,ORD-2023-14987,2023-10-13,2023-10-14,Same Day,CUST-997,United States,City_35,State_12,13207,Chocolate,Central,PROD-006,Dark Chocolate Truffles,Wicked Choccy's,2547.21,175,1672.21,875.0
4988,ORD-2023-14988,2023-09-26,2023-09-27,Same Day,CUST-417,United States,City_33,State_16,24623,Nuts,Central,PROD-007,Cashew Clusters,Secret Factory,944.97,95,564.97,380.0
4989,ORD-2023-14989,2023-03-31,2023-04-05,Standard Class,CUST-514,United States,City_42,State_9,54639,Chocolate,East,PROD-004,Peanut Butter Cups,Lot's O' Nuts,1125.83,185,570.83,555.0
4990,ORD-2023-14990,2023-11-15,2023-11-18,Same Day,CUST-699,United States,City_17,State_17,47507,Chocolate,Central,PROD-004,Peanut Butter Cups,Wicked Choccy's,1639.18,270,829.18,810.0
4991,ORD-2023-14991,2023-03-02,2023-03-05,First Class,CUST-480,United States,City_3,State_11,97340,Candy,East,PROD-005,Jelly Beans,Secret Factory,1383.96,362,840.96,543.0
4992,ORD-2023-14992,2023-01-21,2023-01-21,Same Day,CUST-442,United States,City_42,State_4,18607,Nuts,West,PROD-007,Cashew Clusters,Wicked Choccy's,2193.39,228,1281.39,912.0
4993,ORD-2023-14993,2023-04-12,2023-04-21,Standard Class,CUST-976,United States,City_24,State_20,55646,Chocolate,South,PROD-009,Caramel Squares,Lot's O' Nuts,1955.17,283,1162.77,792.4
4994,ORD-2023-14994,2023-04-02,2023-04-08,Second Class,CUST-205,United States,City_43,State_7,42263,Chocolate,Central,PROD-006,Dark Chocolate Truffles,The Other Factory,3475.84,304,1955.84,1520.0
4995,ORD-2023-14995,2023-08-25,2023-08-27,Same Day,CUST-632,United States,City_1,State_4,59470,Candy,East,PROD-003,Sour Worms,Sugar Shack,801.32,378,309.92,491.4
4996,ORD-2023-14996,2023-07-14,2023-07-18,Second Class,CUST-658,United States,City_40,State_1,87742,Candy,Central,PROD-008,Lollipops,Secret Factory,49.41,36,31.41,18.0
4997,ORD-2023-14997,2023-02-20,2023-02-22,Same Day,CUST-525,United States,City_37,State_9,71646,Chocolate,West,PROD-009,Caramel Squares,Sugar Shack,729.61,142,332.01,397.6
4998,ORD-2023-14998,2023-09-03,2023-09-11,First Class,CUST-629,United States,City_35,State_19,37818,Candy,West,PROD-005,Jelly Beans,The Other Factory,798.13,209,484.63,313.5
4999,ORD-2023-14999,2023-11-20,2023-11-25,Same Day,CUST-639,United States,City_43,State_16,70215,Chocolate,East,PROD-009,Caramel Squares,Secret Factory,1772.79,387,689.19,1083.6
5000,ORD-2023-15000,2023-10-04,2023-10-08,Standard Class,CUST-908,United States,City_40,State_14,93162,Nuts,Central,PROD-007,Cashew Clusters,Sugar Shack,1134.36,159,498.36,636.0
